organ,organ_id,as_label,as_volume,rui_location_one_as_count,rui_location_count,rui_locations_with_ct,rui_locations_no_ct,ct_not_in_hra,ct_in_hra,ct_from_hra_only,experimental_ct_count,ct_labels_from_experimental_data,predicted_cells_per_ct
VHFHeart,UBERON:0000948,Posteromedial head of posterior papillary muscle of left ventricle,4401.499,0,1,1,0,4,21,0,25,"CD4-positive, alpha-beta cytotoxic T cell; CD8-positive, alpha-beta cytotoxic T cell; endothelial cell; endothelial cell of artery; endothelial cell of lymphatic vessel; epicardial adipocyte; fibroblast; macrophage; monocyte; native cell; natural killer cell; pericyte; smooth muscle cell; vein endothelial cell; B cell; capillary endothelial cell; CD14-positive monocyte; dendritic cell; mast cell; mature NK T cell; neural cell; regular ventricular cardiac myocyte; activated CD8-positive, alpha-beta T cell; CD14-positive, CD16-positive monocyte; activated CD4-positive, alpha-beta T cell",308.75
VHFHeart,UBERON:0000948,Posteromedial head of posterior papillary muscle of left ventricle,4401.499,0,1,1,0,4,21,0,25,"CD4-positive, alpha-beta cytotoxic T cell; CD8-positive, alpha-beta cytotoxic T cell; endothelial cell; endothelial cell of artery; endothelial cell of lymphatic vessel; epicardial adipocyte; fibroblast; macrophage; monocyte; native cell; natural killer cell; pericyte; smooth muscle cell; vein endothelial cell; B cell; capillary endothelial cell; CD14-positive monocyte; dendritic cell; mast cell; mature NK T cell; neural cell; regular ventricular cardiac myocyte; activated CD8-positive, alpha-beta T cell; CD14-positive, CD16-positive monocyte; activated CD4-positive, alpha-beta T cell",308.75
VHFHeart,UBERON:0000948,aortic valve,3612.979,0,1,1,0,4,22,2,26,"CD4-positive, alpha-beta cytotoxic T cell; CD8-positive, alpha-beta cytotoxic T cell; endothelial cell; endothelial cell of artery; endothelial cell of lymphatic vessel; epicardial adipocyte; fibroblast; macrophage; mesothelial cell; monocyte; native cell; natural killer cell; pericyte; smooth muscle cell; vein endothelial cell; B cell; capillary endothelial cell; CD14-positive monocyte; dendritic cell; mast cell; mature NK T cell; neural cell; activated CD4-positive, alpha-beta T cell; activated CD8-positive, alpha-beta T cell; CD14-positive, CD16-positive monocyte; regular atrial cardiac myocyte",162.02453987730061349693
VHFHeart,UBERON:0000948,aortic valve,3612.979,0,1,1,0,4,22,2,26,"CD4-positive, alpha-beta cytotoxic T cell; CD8-positive, alpha-beta cytotoxic T cell; endothelial cell; endothelial cell of artery; endothelial cell of lymphatic vessel; epicardial adipocyte; fibroblast; macrophage; mesothelial cell; monocyte; native cell; natural killer cell; pericyte; smooth muscle cell; vein endothelial cell; B cell; capillary endothelial cell; CD14-positive monocyte; dendritic cell; mast cell; mature NK T cell; neural cell; activated CD4-positive, alpha-beta T cell; activated CD8-positive, alpha-beta T cell; CD14-positive, CD16-positive monocyte; regular atrial cardiac myocyte",162.02453987730061349693
VHFHeart,UBERON:0000948,heart left ventricle,229312.80000000002,5,7,3,4,4,22,22,26,"natural killer cell; pericyte; endothelial cell; endothelial cell of artery; endothelial cell of lymphatic vessel; capillary endothelial cell; CD14-positive monocyte; dendritic cell; mesothelial cell; monocyte; native cell; mast cell; mature NK T cell; neural cell; CD14-positive, CD16-positive monocyte; activated CD4-positive, alpha-beta T cell; regular ventricular cardiac myocyte; activated CD8-positive, alpha-beta T cell; smooth muscle cell; vein endothelial cell; B cell; epicardial adipocyte; macrophage; fibroblast; CD4-positive, alpha-beta cytotoxic T cell; CD8-positive, alpha-beta cytotoxic T cell",302.40316365848712228757
VHFHeart,UBERON:0000948,heart left ventricle,229312.80000000002,5,7,3,4,4,22,22,26,"natural killer cell; pericyte; endothelial cell; endothelial cell of artery; endothelial cell of lymphatic vessel; capillary endothelial cell; CD14-positive monocyte; dendritic cell; mesothelial cell; monocyte; native cell; mast cell; mature NK T cell; neural cell; CD14-positive, CD16-positive monocyte; activated CD4-positive, alpha-beta T cell; regular ventricular cardiac myocyte; activated CD8-positive, alpha-beta T cell; smooth muscle cell; vein endothelial cell; B cell; epicardial adipocyte; macrophage; fibroblast; CD4-positive, alpha-beta cytotoxic T cell; CD8-positive, alpha-beta cytotoxic T cell",302.40316365848712228757
VHFHeart,UBERON:0000948,heart right ventricle,78714.76,1,3,2,1,4,22,22,26,"macrophage; mesothelial cell; monocyte; native cell; natural killer cell; fibroblast; endothelial cell; endothelial cell of artery; endothelial cell of lymphatic vessel; epicardial adipocyte; B cell; capillary endothelial cell; CD14-positive monocyte; dendritic cell; mast cell; mature NK T cell; pericyte; smooth muscle cell; vein endothelial cell; CD4-positive, alpha-beta cytotoxic T cell; CD8-positive, alpha-beta cytotoxic T cell; neural cell; regular ventricular cardiac myocyte; activated CD4-positive, alpha-beta T cell; CD14-positive, CD16-positive monocyte; activated CD8-positive, alpha-beta T cell",282.51345620616538900669
VHFHeart,UBERON:0000948,heart right ventricle,78714.76,1,3,2,1,4,22,22,26,"macrophage; mesothelial cell; monocyte; native cell; natural killer cell; fibroblast; endothelial cell; endothelial cell of artery; endothelial cell of lymphatic vessel; epicardial adipocyte; B cell; capillary endothelial cell; CD14-positive monocyte; dendritic cell; mast cell; mature NK T cell; pericyte; smooth muscle cell; vein endothelial cell; CD4-positive, alpha-beta cytotoxic T cell; CD8-positive, alpha-beta cytotoxic T cell; neural cell; regular ventricular cardiac myocyte; activated CD4-positive, alpha-beta T cell; CD14-positive, CD16-positive monocyte; activated CD8-positive, alpha-beta T cell",282.51345620616538900669
VHFHeart,UBERON:0000948,interventricular septum,65894.53,0,2,1,1,4,21,19,25,"vein endothelial cell; B cell; capillary endothelial cell; CD14-positive monocyte; dendritic cell; mast cell; mature NK T cell; neural cell; regular ventricular cardiac myocyte; activated CD8-positive, alpha-beta T cell; CD14-positive, CD16-positive monocyte; activated CD4-positive, alpha-beta T cell; CD4-positive, alpha-beta cytotoxic T cell; CD8-positive, alpha-beta cytotoxic T cell; endothelial cell; endothelial cell of artery; endothelial cell of lymphatic vessel; epicardial adipocyte; macrophage; monocyte; native cell; natural killer cell; pericyte; smooth muscle cell; fibroblast",306.19488428745432399513
VHFHeart,UBERON:0000948,interventricular septum,65894.53,0,2,1,1,4,21,19,25,"vein endothelial cell; B cell; capillary endothelial cell; CD14-positive monocyte; dendritic cell; mast cell; mature NK T cell; neural cell; regular ventricular cardiac myocyte; activated CD8-positive, alpha-beta T cell; CD14-positive, CD16-positive monocyte; activated CD4-positive, alpha-beta T cell; CD4-positive, alpha-beta cytotoxic T cell; CD8-positive, alpha-beta cytotoxic T cell; endothelial cell; endothelial cell of artery; endothelial cell of lymphatic vessel; epicardial adipocyte; macrophage; monocyte; native cell; natural killer cell; pericyte; smooth muscle cell; fibroblast",306.19488428745432399513
VHFHeart,UBERON:0000948,left cardiac atrium,18115.97,0,1,1,0,4,22,22,26,"CD4-positive, alpha-beta cytotoxic T cell; CD8-positive, alpha-beta cytotoxic T cell; endothelial cell; CD14-positive monocyte; natural killer cell; pericyte; smooth muscle cell; vein endothelial cell; B cell; capillary endothelial cell; endothelial cell of artery; endothelial cell of lymphatic vessel; epicardial adipocyte; fibroblast; macrophage; mesothelial cell; monocyte; native cell; dendritic cell; mast cell; mature NK T cell; neural cell; activated CD4-positive, alpha-beta T cell; activated CD8-positive, alpha-beta T cell; CD14-positive, CD16-positive monocyte; regular atrial cardiac myocyte",161.91530208921513269339
VHFHeart,UBERON:0000948,left cardiac atrium,18115.97,0,1,1,0,4,22,22,26,"CD4-positive, alpha-beta cytotoxic T cell; CD8-positive, alpha-beta cytotoxic T cell; endothelial cell; CD14-positive monocyte; natural killer cell; pericyte; smooth muscle cell; vein endothelial cell; B cell; capillary endothelial cell; endothelial cell of artery; endothelial cell of lymphatic vessel; epicardial adipocyte; fibroblast; macrophage; mesothelial cell; monocyte; native cell; dendritic cell; mast cell; mature NK T cell; neural cell; activated CD4-positive, alpha-beta T cell; activated CD8-positive, alpha-beta T cell; CD14-positive, CD16-positive monocyte; regular atrial cardiac myocyte",161.91530208921513269339
VHFHeart,UBERON:0000948,right cardiac atrium,33225.9,2,2,2,0,8,25,26,33,"mast cell; mature NK T cell; neural cell; Fibroblast; activated CD4-positive, alpha-beta T cell; regular atrial cardiac myocyte; CD14-positive, CD16-positive monocyte; activated CD8-positive, alpha-beta T cell; Adipocyte; Immune (myeloid); Immune (lymphocyte); Glia; Endothelial cell; Muscle; CD4-positive, alpha-beta cytotoxic T cell; natural killer cell; pericyte; smooth muscle cell; vein endothelial cell; B cell; capillary endothelial cell; CD14-positive monocyte; dendritic cell; epicardial adipocyte; fibroblast; macrophage; mesothelial cell; monocyte; native cell; CD8-positive, alpha-beta cytotoxic T cell; endothelial cell; endothelial cell of artery; endothelial cell of lymphatic vessel",260.46539440203562340967
VHFHeart,UBERON:0000948,right cardiac atrium,33225.9,2,2,2,0,8,25,26,33,"mast cell; mature NK T cell; neural cell; Fibroblast; activated CD4-positive, alpha-beta T cell; regular atrial cardiac myocyte; CD14-positive, CD16-positive monocyte; activated CD8-positive, alpha-beta T cell; Adipocyte; Immune (myeloid); Immune (lymphocyte); Glia; Endothelial cell; Muscle; CD4-positive, alpha-beta cytotoxic T cell; natural killer cell; pericyte; smooth muscle cell; vein endothelial cell; B cell; capillary endothelial cell; CD14-positive monocyte; dendritic cell; epicardial adipocyte; fibroblast; macrophage; mesothelial cell; monocyte; native cell; CD8-positive, alpha-beta cytotoxic T cell; endothelial cell; endothelial cell of artery; endothelial cell of lymphatic vessel",260.46539440203562340967
VHFLargeIntestine,UBERON:0000059,ascending colon,46838.66,0,2,2,0,20,5,37,25,Neutrophil; CD8+ T; Lymphatic; Nerve; CD4+ T cell; M2 Macrophage; ICC; B; DC; CD57+ Enterocyte; CD7+ Immune; Enterocyte; Stroma; Goblet; Cycling TA; Plasma; Neuroendocrine; Paneth; TA; CD66+ Enterocyte; NK; M1 Macrophage; MUC1+ Enterocyte; Smooth muscle; Endothelial,753.88
VHFLargeIntestine,UBERON:0000059,ascending colon,46838.66,0,2,2,0,20,5,37,25,Neutrophil; CD8+ T; Lymphatic; Nerve; CD4+ T cell; M2 Macrophage; ICC; B; DC; CD57+ Enterocyte; CD7+ Immune; Enterocyte; Stroma; Goblet; Cycling TA; Plasma; Neuroendocrine; Paneth; TA; CD66+ Enterocyte; NK; M1 Macrophage; MUC1+ Enterocyte; Smooth muscle; Endothelial,753.88
VHFLargeIntestine,UBERON:0000059,caecum,31765.15,0,2,2,0,20,5,36,25,M1 Macrophage; Neuroendocrine; M2 Macrophage; Neutrophil; CD8+ T; Lymphatic; Nerve; CD4+ T cell; Goblet; Paneth; Enterocyte; ICC; CD57+ Enterocyte; Smooth muscle; NK; DC; Stroma; CD7+ Immune; TA; Cycling TA; MUC1+ Enterocyte; Endothelial; B; CD66+ Enterocyte; Plasma,753.88
VHFLargeIntestine,UBERON:0000059,caecum,31765.15,0,2,2,0,20,5,36,25,M1 Macrophage; Neuroendocrine; M2 Macrophage; Neutrophil; CD8+ T; Lymphatic; Nerve; CD4+ T cell; Goblet; Paneth; Enterocyte; ICC; CD57+ Enterocyte; Smooth muscle; NK; DC; Stroma; CD7+ Immune; TA; Cycling TA; MUC1+ Enterocyte; Endothelial; B; CD66+ Enterocyte; Plasma,753.88
VHFLargeIntestine,UBERON:0000059,descending colon,140721.9,2,2,2,0,20,5,37,25,NK; DC; Neuroendocrine; CD66+ Enterocyte; CD57+ Enterocyte; CD7+ Immune; Enterocyte; Goblet; M1 Macrophage; Endothelial; Plasma; ICC; B; Smooth muscle; Paneth; MUC1+ Enterocyte; M2 Macrophage; Stroma; Nerve; CD4+ T cell; TA; Cycling TA; Neutrophil; CD8+ T; Lymphatic,1435.96
VHFLargeIntestine,UBERON:0000059,descending colon,140721.9,2,2,2,0,20,5,37,25,NK; DC; Neuroendocrine; CD66+ Enterocyte; CD57+ Enterocyte; CD7+ Immune; Enterocyte; Goblet; M1 Macrophage; Endothelial; Plasma; ICC; B; Smooth muscle; Paneth; MUC1+ Enterocyte; M2 Macrophage; Stroma; Nerve; CD4+ T cell; TA; Cycling TA; Neutrophil; CD8+ T; Lymphatic,1435.96
VHFLargeIntestine,UBERON:0000059,sigmoid colon,30343.71,2,2,2,0,20,5,37,25,Neutrophil; CD8+ T; Lymphatic; Nerve; CD66+ Enterocyte; Plasma; M2 Macrophage; Enterocyte; ICC; TA; CD57+ Enterocyte; Goblet; Endothelial; B; MUC1+ Enterocyte; M1 Macrophage; Stroma; Neuroendocrine; CD7+ Immune; Cycling TA; NK; Paneth; DC; Smooth muscle; CD4+ T cell,708.62
VHFLargeIntestine,UBERON:0000059,sigmoid colon,30343.71,2,2,2,0,20,5,37,25,Neutrophil; CD8+ T; Lymphatic; Nerve; CD66+ Enterocyte; Plasma; M2 Macrophage; Enterocyte; ICC; TA; CD57+ Enterocyte; Goblet; Endothelial; B; MUC1+ Enterocyte; M1 Macrophage; Stroma; Neuroendocrine; CD7+ Immune; Cycling TA; NK; Paneth; DC; Smooth muscle; CD4+ T cell,708.62
VHFLargeIntestine,UBERON:0000059,transverse colon,171672.2,2,2,2,0,20,5,37,25,Nerve; CD4+ T cell; CD66+ Enterocyte; Plasma; TA; Neuroendocrine; Enterocyte; Endothelial; CD57+ Enterocyte; CD7+ Immune; NK; ICC; Paneth; Goblet; Stroma; B; Cycling TA; M2 Macrophage; Smooth muscle; MUC1+ Enterocyte; M1 Macrophage; DC; Neutrophil; CD8+ T; Lymphatic,1300.64
VHFLargeIntestine,UBERON:0000059,transverse colon,171672.2,2,2,2,0,20,5,37,25,Nerve; CD4+ T cell; CD66+ Enterocyte; Plasma; TA; Neuroendocrine; Enterocyte; Endothelial; CD57+ Enterocyte; CD7+ Immune; NK; ICC; Paneth; Goblet; Stroma; B; Cycling TA; M2 Macrophage; Smooth muscle; MUC1+ Enterocyte; M1 Macrophage; DC; Neutrophil; CD8+ T; Lymphatic,1300.64
VHFLeftKidney,UBERON:0004538,outer cortex of kidney,132321.3,1,3,3,0,47,3,1,50,Natural Killer T; Tissue-resident Macrophage; Natural Killer / Natural Killer T; B; Neutrophil; Fibroblast; Monocyte; Mesangial; Vascular Smooth Muscle / Pericyte; Outer Medullary Collecting Duct Principal; Schwann / Neural; Glomerular Capillary Endothelial; Descending Thin Limb Type 1; Distal Convoluted Tubule Type 1; Proximal Tubule Epithelial Segment 2; Cortical Collecting Duct Principal; Afferent / Efferent Arteriole Endothelial; Cortical Collecting Duct Intercalated Type A; Cortical Vascular Smooth Muscle / Pericyte; Outer Medullary Collecting Duct Intercalated Type A; Proximal Tubule Epithelial Segment 3; Inner Medullary Collecting Duct; Intercalated Type B; Ascending Thin Limb; Peritubular Capilary Endothelial ; Peritubular Capilary Endothelial; Parietal Epithelial; Connecting Tubule Principal; Medullary Thick Ascending Limb; Cortical Thick Ascending Limb; Connecting Tubule; Descending Thin Limb Type 3; Monocyte-derived; Papillary Tip Epithelial; Macula Densa; M2 Macrophage; Proximal Tubule Epithelial Segment 1; Ascending Vasa Recta Endothelial; Lymphatic Endothelial; Podocyte; Medullary Fibroblast; Connecting Tubule Intercalated Type A; Plasma; Classical Dendritic; Descending Thin Limb Type 2; T; Descending Vasa Recta Endothelial ; Descending Vasa Recta Endothelial; Distal Convoluted Tubule Type 2; Mast; Non-classical monocyte; Renin-positive Juxtaglomerular Granular,137.79411764705882352941
VHFLeftKidney,UBERON:0004538,outer cortex of kidney,132321.3,1,3,3,0,47,3,1,50,Natural Killer T; Tissue-resident Macrophage; Natural Killer / Natural Killer T; B; Neutrophil; Fibroblast; Monocyte; Mesangial; Vascular Smooth Muscle / Pericyte; Outer Medullary Collecting Duct Principal; Schwann / Neural; Glomerular Capillary Endothelial; Descending Thin Limb Type 1; Distal Convoluted Tubule Type 1; Proximal Tubule Epithelial Segment 2; Cortical Collecting Duct Principal; Afferent / Efferent Arteriole Endothelial; Cortical Collecting Duct Intercalated Type A; Cortical Vascular Smooth Muscle / Pericyte; Outer Medullary Collecting Duct Intercalated Type A; Proximal Tubule Epithelial Segment 3; Inner Medullary Collecting Duct; Intercalated Type B; Ascending Thin Limb; Peritubular Capilary Endothelial ; Peritubular Capilary Endothelial; Parietal Epithelial; Connecting Tubule Principal; Medullary Thick Ascending Limb; Cortical Thick Ascending Limb; Connecting Tubule; Descending Thin Limb Type 3; Monocyte-derived; Papillary Tip Epithelial; Macula Densa; M2 Macrophage; Proximal Tubule Epithelial Segment 1; Ascending Vasa Recta Endothelial; Lymphatic Endothelial; Podocyte; Medullary Fibroblast; Connecting Tubule Intercalated Type A; Plasma; Classical Dendritic; Descending Thin Limb Type 2; T; Descending Vasa Recta Endothelial ; Descending Vasa Recta Endothelial; Distal Convoluted Tubule Type 2; Mast; Non-classical monocyte; Renin-positive Juxtaglomerular Granular,137.79411764705882352941
VHFLeftKidney,UBERON:0004538,renal column,72301.89,0,2,2,0,37,1,1,38,Fibroblast; Outer Medullary Collecting Duct Principal; Descending Thin Limb Type 3; Proximal Tubule Epithelial Segment 1; M2 Macrophage; Vascular Smooth Muscle / Pericyte; Parietal Epithelial; Cortical Collecting Duct Principal; Ascending Thin Limb; Proximal Tubule Epithelial Segment 3; Glomerular Capillary Endothelial; Connecting Tubule Principal; Descending Thin Limb Type 1; Ascending Vasa Recta Endothelial; Podocyte; Distal Convoluted Tubule Type 1; Medullary Fibroblast; Cortical Vascular Smooth Muscle / Pericyte; Afferent / Efferent Arteriole Endothelial; Inner Medullary Collecting Duct; Descending Thin Limb Type 2; T; Descending Vasa Recta Endothelial ; Cortical Thick Ascending Limb; Outer Medullary Collecting Duct Intercalated Type A; Connecting Tubule; Cortical Collecting Duct Intercalated Type A; Peritubular Capilary Endothelial ; Intercalated Type B; Macula Densa; Mesangial; Medullary Thick Ascending Limb; Renin-positive Juxtaglomerular Granular; Non-classical monocyte; Connecting Tubule Intercalated Type A; Distal Convoluted Tubule Type 2; Proximal Tubule Epithelial Segment 2; Schwann / Neural,171.94565217391304347826
VHFLeftKidney,UBERON:0004538,renal column,72301.89,0,2,2,0,37,1,1,38,Fibroblast; Outer Medullary Collecting Duct Principal; Descending Thin Limb Type 3; Proximal Tubule Epithelial Segment 1; M2 Macrophage; Vascular Smooth Muscle / Pericyte; Parietal Epithelial; Cortical Collecting Duct Principal; Ascending Thin Limb; Proximal Tubule Epithelial Segment 3; Glomerular Capillary Endothelial; Connecting Tubule Principal; Descending Thin Limb Type 1; Ascending Vasa Recta Endothelial; Podocyte; Distal Convoluted Tubule Type 1; Medullary Fibroblast; Cortical Vascular Smooth Muscle / Pericyte; Afferent / Efferent Arteriole Endothelial; Inner Medullary Collecting Duct; Descending Thin Limb Type 2; T; Descending Vasa Recta Endothelial ; Cortical Thick Ascending Limb; Outer Medullary Collecting Duct Intercalated Type A; Connecting Tubule; Cortical Collecting Duct Intercalated Type A; Peritubular Capilary Endothelial ; Intercalated Type B; Macula Densa; Mesangial; Medullary Thick Ascending Limb; Renin-positive Juxtaglomerular Granular; Non-classical monocyte; Connecting Tubule Intercalated Type A; Distal Convoluted Tubule Type 2; Proximal Tubule Epithelial Segment 2; Schwann / Neural,171.94565217391304347826
VHFLeftKidney,UBERON:0004538,renal pyramid,4416.413166666666,4,6,6,0,47,3,1,50,Tissue-resident Macrophage; Monocyte-derived; Plasma; Mast; Cycling Mononuclear Phagocyte; Natural Killer / Natural Killer T; Fibroblast; Monocyte; Descending Thin Limb Type 3; Proximal Tubule Epithelial Segment 1; M2 Macrophage; Vascular Smooth Muscle / Pericyte; Parietal Epithelial; Cortical Collecting Duct Principal; Ascending Thin Limb; Proximal Tubule Epithelial Segment 3; Glomerular Capillary Endothelial; Connecting Tubule Principal; Cortical Collecting Duct Intercalated Type A; Inner Medullary Collecting Duct; Outer Medullary Collecting Duct Principal; Macula Densa; Connecting Tubule; Cortical Vascular Smooth Muscle / Pericyte; Distal Convoluted Tubule Type 1; Descending Thin Limb Type 2; Medullary Thick Ascending Limb; Descending Thin Limb Type 1; Medullary Fibroblast; Papillary Tip Epithelial; Descending Vasa Recta Endothelial ; Descending Vasa Recta Endothelial; Lymphatic Endothelial; Ascending Vasa Recta Endothelial; B; Podocyte; Afferent / Efferent Arteriole Endothelial; T; Cortical Thick Ascending Limb; Outer Medullary Collecting Duct Intercalated Type A; Peritubular Capilary Endothelial ; Peritubular Capilary Endothelial; Intercalated Type B; Mesangial; Neutrophil; Renin-positive Juxtaglomerular Granular; Non-classical monocyte; Distal Convoluted Tubule Type 2; Connecting Tubule Intercalated Type A; Proximal Tubule Epithelial Segment 2; Schwann / Neural; Classical Dendritic,148.00628930817610062893
VHFLeftKidney,UBERON:0004538,renal pyramid,4416.413166666666,4,6,6,0,47,3,1,50,Tissue-resident Macrophage; Monocyte-derived; Plasma; Mast; Cycling Mononuclear Phagocyte; Natural Killer / Natural Killer T; Fibroblast; Monocyte; Descending Thin Limb Type 3; Proximal Tubule Epithelial Segment 1; M2 Macrophage; Vascular Smooth Muscle / Pericyte; Parietal Epithelial; Cortical Collecting Duct Principal; Ascending Thin Limb; Proximal Tubule Epithelial Segment 3; Glomerular Capillary Endothelial; Connecting Tubule Principal; Cortical Collecting Duct Intercalated Type A; Inner Medullary Collecting Duct; Outer Medullary Collecting Duct Principal; Macula Densa; Connecting Tubule; Cortical Vascular Smooth Muscle / Pericyte; Distal Convoluted Tubule Type 1; Descending Thin Limb Type 2; Medullary Thick Ascending Limb; Descending Thin Limb Type 1; Medullary Fibroblast; Papillary Tip Epithelial; Descending Vasa Recta Endothelial ; Descending Vasa Recta Endothelial; Lymphatic Endothelial; Ascending Vasa Recta Endothelial; B; Podocyte; Afferent / Efferent Arteriole Endothelial; T; Cortical Thick Ascending Limb; Outer Medullary Collecting Duct Intercalated Type A; Peritubular Capilary Endothelial ; Peritubular Capilary Endothelial; Intercalated Type B; Mesangial; Neutrophil; Renin-positive Juxtaglomerular Granular; Non-classical monocyte; Distal Convoluted Tubule Type 2; Connecting Tubule Intercalated Type A; Proximal Tubule Epithelial Segment 2; Schwann / Neural; Classical Dendritic,148.00628930817610062893
VHFLeftUreter,UBERON:0001223,left ureter,668.666,2,2,2,0,28,1,0,29,Vascular Smooth Muscle / Pericyte; Cortical Collecting Duct Principal; Ascending Vasa Recta Endothelial; Intercalated Type B; Connecting Tubule Principal; Classical Dendritic; Descending Thin Limb Type 2; Cortical Vascular Smooth Muscle / Pericyte; Descending Thin Limb Type 1; M2 Macrophage; Papillary Tip Epithelial; Descending Vasa Recta Endothelial ; Cortical Collecting Duct Intercalated Type A; Renin-positive Juxtaglomerular Granular; Afferent / Efferent Arteriole Endothelial; Parietal Epithelial; Ascending Thin Limb; Outer Medullary Collecting Duct Intercalated Type A; Fibroblast; Inner Medullary Collecting Duct; Medullary Fibroblast; Distal Convoluted Tubule Type 1; Connecting Tubule; Peritubular Capilary Endothelial ; Lymphatic Endothelial; Non-classical monocyte; Descending Thin Limb Type 3; Mast; T,630.65957446808510638298
VHFLung,UBERON:0001004,Lateral segmental bronchus,588.9755,0,1,1,0,1,27,0,28,pericyte; smooth muscle cell; T cell; type I pneumocyte; type II pneumocyte; vascular associated smooth muscle cell; vein endothelial cell; B cell; dendritic cell; mast cell; enucleate erythrocyte; alveolar macrophage; basal cell; blood vessel endothelial cell; chondrocyte; ciliated cell; club cell; endothelial cell; endothelial cell of artery; epithelial cell; fibroblast; goblet cell; lung neuroendocrine cell; macrophage; monocyte; myofibroblast cell; native cell; natural killer cell,159.8
VHFLung,UBERON:0001004,Lateral segmental bronchus,588.9755,0,1,1,0,1,27,0,28,pericyte; smooth muscle cell; T cell; type I pneumocyte; type II pneumocyte; vascular associated smooth muscle cell; vein endothelial cell; B cell; dendritic cell; mast cell; enucleate erythrocyte; alveolar macrophage; basal cell; blood vessel endothelial cell; chondrocyte; ciliated cell; club cell; endothelial cell; endothelial cell of artery; epithelial cell; fibroblast; goblet cell; lung neuroendocrine cell; macrophage; monocyte; myofibroblast cell; native cell; natural killer cell,159.8
VHFLung,UBERON:0001004,Left apical bronchopulmonary segment,113080.3,0,1,1,0,2,4,0,6,Endothelial cell; Epithelial cell; Muscle; Fibroblast; Immune (myeloid); Immune (lymphocyte),2210
VHFLung,UBERON:0001004,Left apical bronchopulmonary segment,113080.3,0,1,1,0,2,4,0,6,Endothelial cell; Epithelial cell; Muscle; Fibroblast; Immune (myeloid); Immune (lymphocyte),2210
VHFLung,UBERON:0001004,Left posterior bronchopulmonary segment,155013.7,0,1,1,0,2,4,0,6,Endothelial cell; Epithelial cell; Muscle; Fibroblast; Immune (myeloid); Immune (lymphocyte),2210
VHFLung,UBERON:0001004,Left posterior bronchopulmonary segment,155013.7,0,1,1,0,2,4,0,6,Endothelial cell; Epithelial cell; Muscle; Fibroblast; Immune (myeloid); Immune (lymphocyte),2210
VHFLung,UBERON:0001004,Right Lateral Bronchopulmonary Segment,83916.23,0,5,1,4,1,27,0,28,alveolar macrophage; basal cell; blood vessel endothelial cell; chondrocyte; ciliated cell; club cell; endothelial cell; endothelial cell of artery; epithelial cell; fibroblast; goblet cell; lung neuroendocrine cell; macrophage; monocyte; myofibroblast cell; native cell; natural killer cell; pericyte; smooth muscle cell; T cell; type I pneumocyte; type II pneumocyte; vascular associated smooth muscle cell; vein endothelial cell; B cell; dendritic cell; mast cell; enucleate erythrocyte,159.8
VHFLung,UBERON:0001004,Right Lateral Bronchopulmonary Segment,83916.23,0,5,1,4,1,27,0,28,alveolar macrophage; basal cell; blood vessel endothelial cell; chondrocyte; ciliated cell; club cell; endothelial cell; endothelial cell of artery; epithelial cell; fibroblast; goblet cell; lung neuroendocrine cell; macrophage; monocyte; myofibroblast cell; native cell; natural killer cell; pericyte; smooth muscle cell; T cell; type I pneumocyte; type II pneumocyte; vascular associated smooth muscle cell; vein endothelial cell; B cell; dendritic cell; mast cell; enucleate erythrocyte,159.8
VHFLung,UBERON:0001004,Right Medial Bronchopulmonary Segment,149921.4,1,6,1,5,1,27,0,28,native cell; natural killer cell; pericyte; smooth muscle cell; T cell; type I pneumocyte; type II pneumocyte; vascular associated smooth muscle cell; vein endothelial cell; B cell; dendritic cell; mast cell; enucleate erythrocyte; alveolar macrophage; basal cell; blood vessel endothelial cell; chondrocyte; ciliated cell; club cell; endothelial cell; endothelial cell of artery; epithelial cell; fibroblast; goblet cell; lung neuroendocrine cell; macrophage; monocyte; myofibroblast cell,159.8
VHFLung,UBERON:0001004,Right Medial Bronchopulmonary Segment,149921.4,1,6,1,5,1,27,0,28,native cell; natural killer cell; pericyte; smooth muscle cell; T cell; type I pneumocyte; type II pneumocyte; vascular associated smooth muscle cell; vein endothelial cell; B cell; dendritic cell; mast cell; enucleate erythrocyte; alveolar macrophage; basal cell; blood vessel endothelial cell; chondrocyte; ciliated cell; club cell; endothelial cell; endothelial cell of artery; epithelial cell; fibroblast; goblet cell; lung neuroendocrine cell; macrophage; monocyte; myofibroblast cell,159.8
VHFRightKidney,UBERON:0004539,kidney capsule,10055.26,0,1,1,0,46,2,1,48,Fibroblast; Monocyte; Cortical Collecting Duct Principal; Afferent / Efferent Arteriole Endothelial; Cortical Collecting Duct Intercalated Type A; Monocyte-derived; Cycling Mononuclear Phagocyte; Cortical Vascular Smooth Muscle / Pericyte; Outer Medullary Collecting Duct Intercalated Type A; Proximal Tubule Epithelial Segment 3; Inner Medullary Collecting Duct; Intercalated Type B; Ascending Thin Limb; Peritubular Capilary Endothelial ; Peritubular Capilary Endothelial; Parietal Epithelial; Glomerular Capillary Endothelial; Connecting Tubule Principal; Medullary Thick Ascending Limb; Cortical Thick Ascending Limb; Connecting Tubule; Descending Thin Limb Type 3; Papillary Tip Epithelial; Macula Densa; M2 Macrophage; Proximal Tubule Epithelial Segment 1; Descending Thin Limb Type 1; Ascending Vasa Recta Endothelial; Mesangial; Descending Vasa Recta Endothelial ; Descending Vasa Recta Endothelial; Vascular Smooth Muscle / Pericyte; Descending Thin Limb Type 2; Medullary Fibroblast; Podocyte; T; Distal Convoluted Tubule Type 1; Tissue-resident Macrophage; Natural Killer / Natural Killer T; Outer Medullary Collecting Duct Principal; Proximal Tubule Epithelial Segment 2; B; Plasma; Plasmacytoid Dendritic; Schwann / Neural; Mast; Lymphatic Endothelial; Classical Dendritic; Connecting Tubule Intercalated Type A; Distal Convoluted Tubule Type 2,130.37662337662337662338
VHFRightKidney,UBERON:0004539,kidney capsule,10055.26,0,1,1,0,46,2,1,48,Fibroblast; Monocyte; Cortical Collecting Duct Principal; Afferent / Efferent Arteriole Endothelial; Cortical Collecting Duct Intercalated Type A; Monocyte-derived; Cycling Mononuclear Phagocyte; Cortical Vascular Smooth Muscle / Pericyte; Outer Medullary Collecting Duct Intercalated Type A; Proximal Tubule Epithelial Segment 3; Inner Medullary Collecting Duct; Intercalated Type B; Ascending Thin Limb; Peritubular Capilary Endothelial ; Peritubular Capilary Endothelial; Parietal Epithelial; Glomerular Capillary Endothelial; Connecting Tubule Principal; Medullary Thick Ascending Limb; Cortical Thick Ascending Limb; Connecting Tubule; Descending Thin Limb Type 3; Papillary Tip Epithelial; Macula Densa; M2 Macrophage; Proximal Tubule Epithelial Segment 1; Descending Thin Limb Type 1; Ascending Vasa Recta Endothelial; Mesangial; Descending Vasa Recta Endothelial ; Descending Vasa Recta Endothelial; Vascular Smooth Muscle / Pericyte; Descending Thin Limb Type 2; Medullary Fibroblast; Podocyte; T; Distal Convoluted Tubule Type 1; Tissue-resident Macrophage; Natural Killer / Natural Killer T; Outer Medullary Collecting Duct Principal; Proximal Tubule Epithelial Segment 2; B; Plasma; Plasmacytoid Dendritic; Schwann / Neural; Mast; Lymphatic Endothelial; Classical Dendritic; Connecting Tubule Intercalated Type A; Distal Convoluted Tubule Type 2,130.37662337662337662338
VHFRightKidney,UBERON:0004539,outer cortex of kidney,84566.48,1,3,3,0,47,2,1,49,Tissue-resident Macrophage; Natural Killer / Natural Killer T; B; Fibroblast; Monocyte; Mesangial; Vascular Smooth Muscle / Pericyte; Outer Medullary Collecting Duct Principal; Schwann / Neural; Glomerular Capillary Endothelial; Descending Thin Limb Type 1; Distal Convoluted Tubule Type 1; Proximal Tubule Epithelial Segment 2; Cortical Collecting Duct Principal; Afferent / Efferent Arteriole Endothelial; Cortical Collecting Duct Intercalated Type A; Cycling Mononuclear Phagocyte; Cortical Vascular Smooth Muscle / Pericyte; Outer Medullary Collecting Duct Intercalated Type A; Proximal Tubule Epithelial Segment 3; Inner Medullary Collecting Duct; Intercalated Type B; Ascending Thin Limb; Peritubular Capilary Endothelial ; Peritubular Capilary Endothelial; Parietal Epithelial; Connecting Tubule Principal; Medullary Thick Ascending Limb; Cortical Thick Ascending Limb; Connecting Tubule; Descending Thin Limb Type 3; Monocyte-derived; Papillary Tip Epithelial; Macula Densa; M2 Macrophage; Proximal Tubule Epithelial Segment 1; Ascending Vasa Recta Endothelial; Lymphatic Endothelial; Podocyte; Medullary Fibroblast; Connecting Tubule Intercalated Type A; Plasma; Classical Dendritic; Descending Thin Limb Type 2; T; Descending Vasa Recta Endothelial ; Descending Vasa Recta Endothelial; Distal Convoluted Tubule Type 2; Mast; Renin-positive Juxtaglomerular Granular; Plasmacytoid Dendritic,155.26966292134831460674
VHFRightKidney,UBERON:0004539,outer cortex of kidney,84566.48,1,3,3,0,47,2,1,49,Tissue-resident Macrophage; Natural Killer / Natural Killer T; B; Fibroblast; Monocyte; Mesangial; Vascular Smooth Muscle / Pericyte; Outer Medullary Collecting Duct Principal; Schwann / Neural; Glomerular Capillary Endothelial; Descending Thin Limb Type 1; Distal Convoluted Tubule Type 1; Proximal Tubule Epithelial Segment 2; Cortical Collecting Duct Principal; Afferent / Efferent Arteriole Endothelial; Cortical Collecting Duct Intercalated Type A; Cycling Mononuclear Phagocyte; Cortical Vascular Smooth Muscle / Pericyte; Outer Medullary Collecting Duct Intercalated Type A; Proximal Tubule Epithelial Segment 3; Inner Medullary Collecting Duct; Intercalated Type B; Ascending Thin Limb; Peritubular Capilary Endothelial ; Peritubular Capilary Endothelial; Parietal Epithelial; Connecting Tubule Principal; Medullary Thick Ascending Limb; Cortical Thick Ascending Limb; Connecting Tubule; Descending Thin Limb Type 3; Monocyte-derived; Papillary Tip Epithelial; Macula Densa; M2 Macrophage; Proximal Tubule Epithelial Segment 1; Ascending Vasa Recta Endothelial; Lymphatic Endothelial; Podocyte; Medullary Fibroblast; Connecting Tubule Intercalated Type A; Plasma; Classical Dendritic; Descending Thin Limb Type 2; T; Descending Vasa Recta Endothelial ; Descending Vasa Recta Endothelial; Distal Convoluted Tubule Type 2; Mast; Renin-positive Juxtaglomerular Granular; Plasmacytoid Dendritic,155.26966292134831460674
VHFRightKidney,UBERON:0004539,renal column,52318.49,2,2,2,0,31,1,1,32,Fibroblast; Descending Thin Limb Type 3; Proximal Tubule Epithelial Segment 1; M2 Macrophage; Vascular Smooth Muscle / Pericyte; Parietal Epithelial; Cortical Collecting Duct Principal; Ascending Thin Limb; Proximal Tubule Epithelial Segment 3; Glomerular Capillary Endothelial; Connecting Tubule Principal; Descending Thin Limb Type 1; Ascending Vasa Recta Endothelial; Podocyte; Distal Convoluted Tubule Type 1; Medullary Fibroblast; Cortical Vascular Smooth Muscle / Pericyte; Afferent / Efferent Arteriole Endothelial; Inner Medullary Collecting Duct; Descending Thin Limb Type 2; T; Descending Vasa Recta Endothelial ; Connecting Tubule; Cortical Collecting Duct Intercalated Type A; Peritubular Capilary Endothelial ; Macula Densa; Mesangial; Medullary Thick Ascending Limb; Renin-positive Juxtaglomerular Granular; Lymphatic Endothelial; Plasma; Papillary Tip Epithelial,255.74418604651162790698
VHFRightKidney,UBERON:0004539,renal column,52318.49,2,2,2,0,31,1,1,32,Fibroblast; Descending Thin Limb Type 3; Proximal Tubule Epithelial Segment 1; M2 Macrophage; Vascular Smooth Muscle / Pericyte; Parietal Epithelial; Cortical Collecting Duct Principal; Ascending Thin Limb; Proximal Tubule Epithelial Segment 3; Glomerular Capillary Endothelial; Connecting Tubule Principal; Descending Thin Limb Type 1; Ascending Vasa Recta Endothelial; Podocyte; Distal Convoluted Tubule Type 1; Medullary Fibroblast; Cortical Vascular Smooth Muscle / Pericyte; Afferent / Efferent Arteriole Endothelial; Inner Medullary Collecting Duct; Descending Thin Limb Type 2; T; Descending Vasa Recta Endothelial ; Connecting Tubule; Cortical Collecting Duct Intercalated Type A; Peritubular Capilary Endothelial ; Macula Densa; Mesangial; Medullary Thick Ascending Limb; Renin-positive Juxtaglomerular Granular; Lymphatic Endothelial; Plasma; Papillary Tip Epithelial,255.74418604651162790698
VHFRightKidney,UBERON:0004539,renal pyramid,2735.9427499999997,3,4,4,0,45,3,1,48,Tissue-resident Macrophage; Monocyte-derived; Plasma; Mast; Cycling Mononuclear Phagocyte; Natural Killer / Natural Killer T; Fibroblast; Monocyte; Descending Thin Limb Type 3; Proximal Tubule Epithelial Segment 1; M2 Macrophage; Vascular Smooth Muscle / Pericyte; Parietal Epithelial; Cortical Collecting Duct Principal; Ascending Thin Limb; Proximal Tubule Epithelial Segment 3; Glomerular Capillary Endothelial; Connecting Tubule Principal; Cortical Collecting Duct Intercalated Type A; Inner Medullary Collecting Duct; Outer Medullary Collecting Duct Principal; Macula Densa; Connecting Tubule; Cortical Vascular Smooth Muscle / Pericyte; Distal Convoluted Tubule Type 1; Descending Thin Limb Type 2; Medullary Thick Ascending Limb; Descending Thin Limb Type 1; Medullary Fibroblast; Papillary Tip Epithelial; Descending Vasa Recta Endothelial ; Descending Vasa Recta Endothelial; Lymphatic Endothelial; Ascending Vasa Recta Endothelial; B; Podocyte; Afferent / Efferent Arteriole Endothelial; T; Cortical Thick Ascending Limb; Outer Medullary Collecting Duct Intercalated Type A; Peritubular Capilary Endothelial; Peritubular Capilary Endothelial ; Intercalated Type B; Mesangial; Neutrophil; Renin-positive Juxtaglomerular Granular; Connecting Tubule Intercalated Type A; Proximal Tubule Epithelial Segment 2; Schwann / Neural; Classical Dendritic,183.64651162790697674419
VHFRightKidney,UBERON:0004539,renal pyramid,2735.9427499999997,3,4,4,0,45,3,1,48,Tissue-resident Macrophage; Monocyte-derived; Plasma; Mast; Cycling Mononuclear Phagocyte; Natural Killer / Natural Killer T; Fibroblast; Monocyte; Descending Thin Limb Type 3; Proximal Tubule Epithelial Segment 1; M2 Macrophage; Vascular Smooth Muscle / Pericyte; Parietal Epithelial; Cortical Collecting Duct Principal; Ascending Thin Limb; Proximal Tubule Epithelial Segment 3; Glomerular Capillary Endothelial; Connecting Tubule Principal; Cortical Collecting Duct Intercalated Type A; Inner Medullary Collecting Duct; Outer Medullary Collecting Duct Principal; Macula Densa; Connecting Tubule; Cortical Vascular Smooth Muscle / Pericyte; Distal Convoluted Tubule Type 1; Descending Thin Limb Type 2; Medullary Thick Ascending Limb; Descending Thin Limb Type 1; Medullary Fibroblast; Papillary Tip Epithelial; Descending Vasa Recta Endothelial ; Descending Vasa Recta Endothelial; Lymphatic Endothelial; Ascending Vasa Recta Endothelial; B; Podocyte; Afferent / Efferent Arteriole Endothelial; T; Cortical Thick Ascending Limb; Outer Medullary Collecting Duct Intercalated Type A; Peritubular Capilary Endothelial; Peritubular Capilary Endothelial ; Intercalated Type B; Mesangial; Neutrophil; Renin-positive Juxtaglomerular Granular; Connecting Tubule Intercalated Type A; Proximal Tubule Epithelial Segment 2; Schwann / Neural; Classical Dendritic,183.64651162790697674419
VHFRightMammaryGland,FMA:57987,Interlobar adipose tissue of right mammary gland,726890.7,1,1,1,0,2,4,0,6,Endothelial cell; Epithelial cell; Muscle; Fibroblast; Immune (myeloid); Adipocyte,574.70588235294117647059
VHFSkin,UBERON:0002097,skin of body,1833227.0,4,4,4,0,9,4,36,13,Endothelial cell; Epithelial cell; Muscle; Fibroblast; T-helper; T-Killer; T-reg; CD68 / Macrophage; Adipocyte; Epithelial cell (keratinocyte); Melanocyte; Immune (myeloid); Other,199.19047619047619047619
VHFSkin,UBERON:0002097,skin of body,1833227.0,4,4,4,0,9,4,36,13,Endothelial cell; Epithelial cell; Muscle; Fibroblast; T-helper; T-Killer; T-reg; CD68 / Macrophage; Adipocyte; Epithelial cell (keratinocyte); Melanocyte; Immune (myeloid); Other,199.19047619047619047619
VHFSmallIntestine,UBERON:0002108,ascending part of duodenum,2636.943,0,2,2,0,20,5,0,25,Neutrophil; CD8+ T; Lymphatic; Nerve; CD4+ T cell; Neuroendocrine; ICC; CD57+ Enterocyte; M2 Macrophage; B; Stroma; CD66+ Enterocyte; M1 Macrophage; Paneth; Smooth muscle; Goblet; NK; Endothelial; Cycling TA; Plasma; CD7+ Immune; MUC1+ Enterocyte; Enterocyte; DC; TA,1380.9
VHFSmallIntestine,UBERON:0002108,descending part of duodenum,4498.966,0,2,2,0,20,5,0,25,Neutrophil; CD8+ T; Lymphatic; Nerve; CD4+ T cell; Goblet; NK; Plasma; CD66+ Enterocyte; B; DC; Endothelial; Cycling TA; CD7+ Immune; Smooth muscle; Enterocyte; M1 Macrophage; Paneth; CD57+ Enterocyte; Stroma; ICC; TA; Neuroendocrine; M2 Macrophage; MUC1+ Enterocyte,1808.06
VHFSmallIntestine,UBERON:0002108,distal part of ileum,4170.36,0,2,2,0,20,5,29,25,M2 Macrophage; ICC; Goblet; Stroma; MUC1+ Enterocyte; B; Cycling TA; CD66+ Enterocyte; DC; CD57+ Enterocyte; Endothelial; CD7+ Immune; Paneth; Plasma; CD8+ T; Lymphatic; Nerve; CD4+ T cell; NK; Neuroendocrine; Smooth muscle; Enterocyte; TA; M1 Macrophage; Neutrophil,1011.06431535269709543568
VHFSmallIntestine,UBERON:0002108,horizontal part of duodenum,4974.074,0,2,2,0,20,5,0,25,Neutrophil; CD8+ T; Lymphatic; Nerve; CD4+ T cell; Neuroendocrine; ICC; CD57+ Enterocyte; M2 Macrophage; B; Stroma; CD66+ Enterocyte; M1 Macrophage; Paneth; Smooth muscle; Goblet; NK; Endothelial; Cycling TA; Plasma; CD7+ Immune; MUC1+ Enterocyte; Enterocyte; DC; TA,1380.9
VHFSmallIntestine,UBERON:0002108,ileum,48943.48,0,2,2,0,20,5,0,25,Neutrophil; CD8+ T; Lymphatic; Nerve; CD4+ T cell; M1 Macrophage; ICC; Smooth muscle; Goblet; Stroma; CD57+ Enterocyte; B; DC; Neuroendocrine; Paneth; NK; Endothelial; CD66+ Enterocyte; M2 Macrophage; Plasma; CD7+ Immune; Enterocyte; MUC1+ Enterocyte; TA; Cycling TA,1012.28
VHFSmallIntestine,UBERON:0002108,jejunum,32188.43,1,1,1,0,20,5,29,25,Lymphatic; Nerve; CD4+ T cell; MUC1+ Enterocyte; DC; NK; Neuroendocrine; Plasma; M2 Macrophage; Endothelial; Stroma; Cycling TA; Smooth muscle; M1 Macrophage; B; Paneth; Enterocyte; CD66+ Enterocyte; CD7+ Immune; TA; CD57+ Enterocyte; Goblet; ICC; Neutrophil; CD8+ T,1759.60165975103734439834
VHFSmallIntestine,UBERON:0002108,superior part of duodenum,6614.697,0,2,2,0,20,5,0,25,Smooth muscle; Enterocyte; M1 Macrophage; Paneth; CD57+ Enterocyte; Stroma; ICC; TA; Neuroendocrine; M2 Macrophage; MUC1+ Enterocyte; Endothelial; B; Goblet; Cycling TA; CD66+ Enterocyte; CD7+ Immune; DC; NK; Plasma; Neutrophil; CD8+ T; Lymphatic; Nerve; CD4+ T cell,1808.06
VHMHeart,UBERON:0000948,aortic valve,3027.46,0,1,1,0,4,22,2,26,"CD4-positive, alpha-beta cytotoxic T cell; CD8-positive, alpha-beta cytotoxic T cell; endothelial cell; endothelial cell of artery; endothelial cell of lymphatic vessel; epicardial adipocyte; fibroblast; macrophage; mesothelial cell; monocyte; native cell; natural killer cell; pericyte; smooth muscle cell; vein endothelial cell; B cell; capillary endothelial cell; CD14-positive monocyte; dendritic cell; mast cell; mature NK T cell; neural cell; activated CD4-positive, alpha-beta T cell; activated CD8-positive, alpha-beta T cell; CD14-positive, CD16-positive monocyte; regular atrial cardiac myocyte",263.20454545454545454545
VHMHeart,UBERON:0000948,heart left ventricle,121604.19999999997,10,11,3,8,4,22,22,26,"natural killer cell; pericyte; endothelial cell; endothelial cell of artery; endothelial cell of lymphatic vessel; capillary endothelial cell; CD14-positive monocyte; dendritic cell; mesothelial cell; monocyte; native cell; mast cell; mature NK T cell; neural cell; CD14-positive, CD16-positive monocyte; activated CD4-positive, alpha-beta T cell; regular ventricular cardiac myocyte; activated CD8-positive, alpha-beta T cell; smooth muscle cell; vein endothelial cell; B cell; epicardial adipocyte; macrophage; fibroblast; CD4-positive, alpha-beta cytotoxic T cell; CD8-positive, alpha-beta cytotoxic T cell",303.44427567875450920828
VHMHeart,UBERON:0000948,heart right ventricle,73988.45,2,3,2,1,4,22,22,26,"macrophage; mesothelial cell; monocyte; native cell; natural killer cell; fibroblast; endothelial cell; endothelial cell of artery; endothelial cell of lymphatic vessel; epicardial adipocyte; B cell; capillary endothelial cell; CD14-positive monocyte; dendritic cell; mast cell; mature NK T cell; pericyte; smooth muscle cell; vein endothelial cell; CD4-positive, alpha-beta cytotoxic T cell; CD8-positive, alpha-beta cytotoxic T cell; neural cell; regular ventricular cardiac myocyte; activated CD4-positive, alpha-beta T cell; CD14-positive, CD16-positive monocyte; activated CD8-positive, alpha-beta T cell",269.85801660113586719091
VHMHeart,UBERON:0000948,interventricular septum,28091.88,0,1,1,0,4,22,19,26,"vein endothelial cell; B cell; capillary endothelial cell; CD14-positive monocyte; dendritic cell; mast cell; mature NK T cell; neural cell; regular ventricular cardiac myocyte; activated CD8-positive, alpha-beta T cell; CD14-positive, CD16-positive monocyte; activated CD4-positive, alpha-beta T cell; CD4-positive, alpha-beta cytotoxic T cell; CD8-positive, alpha-beta cytotoxic T cell; endothelial cell; endothelial cell of artery; endothelial cell of lymphatic vessel; epicardial adipocyte; macrophage; mesothelial cell; monocyte; native cell; natural killer cell; pericyte; smooth muscle cell; fibroblast",267.57022767075306479860
VHMHeart,UBERON:0000948,left cardiac atrium,31346.06,0,1,1,0,4,22,22,26,"CD4-positive, alpha-beta cytotoxic T cell; CD8-positive, alpha-beta cytotoxic T cell; endothelial cell; CD14-positive monocyte; natural killer cell; pericyte; smooth muscle cell; vein endothelial cell; B cell; capillary endothelial cell; endothelial cell of artery; endothelial cell of lymphatic vessel; epicardial adipocyte; fibroblast; macrophage; mesothelial cell; monocyte; native cell; dendritic cell; mast cell; mature NK T cell; neural cell; activated CD4-positive, alpha-beta T cell; activated CD8-positive, alpha-beta T cell; CD14-positive, CD16-positive monocyte; regular atrial cardiac myocyte",261.42472556194458964976
VHMHeart,UBERON:0000948,right cardiac atrium,27714.92,2,2,2,0,8,25,26,33,"mast cell; mature NK T cell; neural cell; Fibroblast; activated CD4-positive, alpha-beta T cell; regular atrial cardiac myocyte; CD14-positive, CD16-positive monocyte; activated CD8-positive, alpha-beta T cell; Adipocyte; Immune (myeloid); Immune (lymphocyte); Glia; Endothelial cell; Muscle; CD4-positive, alpha-beta cytotoxic T cell; natural killer cell; pericyte; smooth muscle cell; vein endothelial cell; B cell; capillary endothelial cell; CD14-positive monocyte; dendritic cell; epicardial adipocyte; fibroblast; macrophage; mesothelial cell; monocyte; native cell; CD8-positive, alpha-beta cytotoxic T cell; endothelial cell; endothelial cell of artery; endothelial cell of lymphatic vessel",222.15608108108108108108
VHMLargeIntestine,UBERON:0000059,ascending colon,238660.6,6,6,6,0,20,5,37,25,Neutrophil; CD8+ T; Lymphatic; Nerve; CD4+ T cell; M2 Macrophage; ICC; B; DC; CD57+ Enterocyte; CD7+ Immune; Enterocyte; Stroma; Goblet; Cycling TA; Plasma; Neuroendocrine; Paneth; TA; CD66+ Enterocyte; NK; M1 Macrophage; MUC1+ Enterocyte; Smooth muscle; Endothelial,1356.86
VHMLargeIntestine,UBERON:0000059,descending colon,119090.40000000001,7,7,7,0,20,5,37,25,NK; DC; Neuroendocrine; CD66+ Enterocyte; CD57+ Enterocyte; CD7+ Immune; Enterocyte; Goblet; M1 Macrophage; Endothelial; Plasma; ICC; B; Smooth muscle; Paneth; MUC1+ Enterocyte; M2 Macrophage; Stroma; Nerve; CD4+ T cell; TA; Cycling TA; Neutrophil; CD8+ T; Lymphatic,1689.47428571428571428571
VHMLargeIntestine,UBERON:0000059,rectum,55500.6,0,6,6,0,20,5,36,25,Neutrophil; CD8+ T; Lymphatic; Nerve; CD4+ T cell; CD66+ Enterocyte; Plasma; M2 Macrophage; Enterocyte; ICC; TA; CD57+ Enterocyte; Smooth muscle; MUC1+ Enterocyte; NK; Paneth; DC; Goblet; Neuroendocrine; Cycling TA; Stroma; Endothelial; B; M1 Macrophage; CD7+ Immune,1254.86
VHMLargeIntestine,UBERON:0000059,sigmoid colon,80118.31,0,6,6,0,20,5,37,25,Neutrophil; CD8+ T; Lymphatic; Nerve; CD66+ Enterocyte; Plasma; M2 Macrophage; Enterocyte; ICC; TA; CD57+ Enterocyte; Goblet; Endothelial; B; MUC1+ Enterocyte; M1 Macrophage; Stroma; Neuroendocrine; CD7+ Immune; Cycling TA; NK; Paneth; DC; Smooth muscle; CD4+ T cell,1254.86
VHMLargeIntestine,UBERON:0000059,transverse colon,364972.6,5,5,5,0,20,5,37,25,Nerve; CD4+ T cell; CD66+ Enterocyte; Plasma; TA; Neuroendocrine; Enterocyte; Endothelial; CD57+ Enterocyte; CD7+ Immune; NK; ICC; Paneth; Goblet; Stroma; B; Cycling TA; M2 Macrophage; Smooth muscle; MUC1+ Enterocyte; M1 Macrophage; DC; Neutrophil; CD8+ T; Lymphatic,935.776
VHMLeftKidney,UBERON:0004538,hilum of kidney,7937.076,0,1,1,0,42,2,0,44,"Descending Thin Limb Type 3; Macula Densa; Lymphatic Endothelial; Cycling Mononuclear Phagocyte; Connecting Tubule Principal; T; Mast; Afferent / Efferent Arteriole Endothelial; Plasma; Parietal Epithelial; B; Proximal Tubule Epithelial Segment 2; Ascending Vasa Recta Endothelial; Cortical Collecting Duct Principal; Proximal Tubule Epithelial Segment 1; Schwann / Neural; Connecting Tubule; Proximal Tubule Epithelial Segment 3; Descending Vasa Recta Endothelial ; Glomerular Capillary Endothelial; M2 Macrophage; Outer Medullary Collecting Duct Intercalated Type A; Podocyte; Tissue-resident Macrophage; Distal Convoluted Tubule Type 2; Distal Convoluted Tubule Type 1; Cortical Collecting Duct Intercalated Type A; Natural Killer / Natural Killer T; Vascular Smooth Muscle / Pericyte; Medullary Fibroblast; Descending Vasa Recta Endothelial; Inner Medullary Collecting Duct; Peritubular Capilary Endothelial; Mesangial; Descending Thin Limb Type 2; Cortical Thick Ascending Limb; Medullary Thick Ascending Limb; Outer Medullary Collecting Duct Principal; Ascending Thin Limb; Monocyte-derived; Cortical Vascular Smooth Muscle / Pericyte; Descending Thin Limb Type 1; Intercalated Type B; Fibroblast; Monocyte; Peritubular Capilary Endothelial ",192.13043478260869565217
VHMLeftKidney,UBERON:0004538,kidney capsule,6251.962,0,1,1,0,37,3,1,40,Neutrophil; Fibroblast; Monocyte; Cortical Collecting Duct Principal; Afferent / Efferent Arteriole Endothelial; Cortical Collecting Duct Intercalated Type A; Monocyte-derived; Cycling Mononuclear Phagocyte; Cortical Vascular Smooth Muscle / Pericyte; Outer Medullary Collecting Duct Intercalated Type A; Proximal Tubule Epithelial Segment 3; Inner Medullary Collecting Duct; Intercalated Type B; Ascending Thin Limb; Peritubular Capilary Endothelial ; Peritubular Capilary Endothelial; Parietal Epithelial; Glomerular Capillary Endothelial; Connecting Tubule Principal; Medullary Thick Ascending Limb; Cortical Thick Ascending Limb; Connecting Tubule; Descending Thin Limb Type 3; Papillary Tip Epithelial; Macula Densa; M2 Macrophage; Proximal Tubule Epithelial Segment 1; Descending Thin Limb Type 1; Ascending Vasa Recta Endothelial; Mesangial; Descending Vasa Recta Endothelial ; Descending Vasa Recta Endothelial; Vascular Smooth Muscle / Pericyte; Descending Thin Limb Type 2; Medullary Fibroblast; Podocyte; Renin-positive Juxtaglomerular Granular; T; Distal Convoluted Tubule Type 1; Tissue-resident Macrophage; Natural Killer / Natural Killer T; Outer Medullary Collecting Duct Principal,211.75409836065573770492
VHMLeftKidney,UBERON:0004538,outer cortex of kidney,119897.30000000002,2,7,7,0,48,3,1,51,Natural Killer T; Tissue-resident Macrophage; Natural Killer / Natural Killer T; B; Neutrophil; Fibroblast; Monocyte; Mesangial; Vascular Smooth Muscle / Pericyte; Outer Medullary Collecting Duct Principal; Schwann / Neural; Glomerular Capillary Endothelial; Descending Thin Limb Type 1; Distal Convoluted Tubule Type 1; Proximal Tubule Epithelial Segment 2; Cortical Collecting Duct Principal; Afferent / Efferent Arteriole Endothelial; Cortical Collecting Duct Intercalated Type A; Cycling Mononuclear Phagocyte; Cortical Vascular Smooth Muscle / Pericyte; Outer Medullary Collecting Duct Intercalated Type A; Proximal Tubule Epithelial Segment 3; Inner Medullary Collecting Duct; Intercalated Type B; Ascending Thin Limb; Peritubular Capilary Endothelial ; Peritubular Capilary Endothelial; Parietal Epithelial; Connecting Tubule Principal; Medullary Thick Ascending Limb; Cortical Thick Ascending Limb; Connecting Tubule; Descending Thin Limb Type 3; Monocyte-derived; Papillary Tip Epithelial; Macula Densa; M2 Macrophage; Proximal Tubule Epithelial Segment 1; Ascending Vasa Recta Endothelial; Lymphatic Endothelial; Podocyte; Medullary Fibroblast; Connecting Tubule Intercalated Type A; Plasma; Classical Dendritic; Descending Thin Limb Type 2; T; Descending Vasa Recta Endothelial ; Descending Vasa Recta Endothelial; Distal Convoluted Tubule Type 2; Mast; Renin-positive Juxtaglomerular Granular; Plasmacytoid Dendritic,152.66225165562913907285
VHMLeftKidney,UBERON:0004538,renal column,39325.43,0,1,1,0,42,2,1,44,Fibroblast; Monocyte; Outer Medullary Collecting Duct Principal; Descending Thin Limb Type 3; Proximal Tubule Epithelial Segment 1; M2 Macrophage; Vascular Smooth Muscle / Pericyte; Parietal Epithelial; Cortical Collecting Duct Principal; Ascending Thin Limb; Proximal Tubule Epithelial Segment 3; Glomerular Capillary Endothelial; Connecting Tubule Principal; Descending Thin Limb Type 1; Ascending Vasa Recta Endothelial; Podocyte; Distal Convoluted Tubule Type 1; Medullary Fibroblast; Cortical Vascular Smooth Muscle / Pericyte; Afferent / Efferent Arteriole Endothelial; Inner Medullary Collecting Duct; Descending Thin Limb Type 2; T; Descending Vasa Recta Endothelial ; Descending Vasa Recta Endothelial; Cortical Thick Ascending Limb; Outer Medullary Collecting Duct Intercalated Type A; Connecting Tubule; Cortical Collecting Duct Intercalated Type A; Peritubular Capilary Endothelial ; Peritubular Capilary Endothelial; Intercalated Type B; Macula Densa; Mesangial; Medullary Thick Ascending Limb; Distal Convoluted Tubule Type 2; Lymphatic Endothelial; Cycling Mononuclear Phagocyte; Mast; Plasma; B; Proximal Tubule Epithelial Segment 2; Schwann / Neural; Tissue-resident Macrophage; Natural Killer / Natural Killer T; Monocyte-derived,192.13043478260869565217
VHMLeftKidney,UBERON:0004538,renal papilla,29.41792,0,2,2,0,17,1,2,18,Fibroblast; Glomerular Capillary Endothelial; Descending Thin Limb Type 1; Descending Thin Limb Type 3; Vascular Smooth Muscle / Pericyte; Descending Thin Limb Type 2; Connecting Tubule; Cortical Collecting Duct Principal; Inner Medullary Collecting Duct; Distal Convoluted Tubule Type 1; Papillary Tip Epithelial; Ascending Vasa Recta Endothelial; Lymphatic Endothelial; Ascending Thin Limb; Medullary Fibroblast; Descending Vasa Recta Endothelial ; Medullary Thick Ascending Limb; Parietal Epithelial,733.16666666666666666667
VHMLeftKidney,UBERON:0004538,renal pyramid,4330.210666666667,0,6,6,0,44,2,1,46,Tissue-resident Macrophage; Monocyte-derived; Plasma; Mast; Cycling Mononuclear Phagocyte; Natural Killer / Natural Killer T; Natural Killer T; Fibroblast; Monocyte; Descending Thin Limb Type 3; Proximal Tubule Epithelial Segment 1; M2 Macrophage; Vascular Smooth Muscle / Pericyte; Parietal Epithelial; Cortical Collecting Duct Principal; Ascending Thin Limb; Proximal Tubule Epithelial Segment 3; Glomerular Capillary Endothelial; Connecting Tubule Principal; Cortical Collecting Duct Intercalated Type A; Inner Medullary Collecting Duct; Outer Medullary Collecting Duct Principal; Macula Densa; Connecting Tubule; Cortical Vascular Smooth Muscle / Pericyte; Distal Convoluted Tubule Type 1; Descending Thin Limb Type 2; Medullary Thick Ascending Limb; Descending Thin Limb Type 1; Medullary Fibroblast; Papillary Tip Epithelial; Descending Vasa Recta Endothelial ; Descending Vasa Recta Endothelial; Lymphatic Endothelial; Ascending Vasa Recta Endothelial; B; Podocyte; Afferent / Efferent Arteriole Endothelial; T; Cortical Thick Ascending Limb; Outer Medullary Collecting Duct Intercalated Type A; Peritubular Capilary Endothelial ; Peritubular Capilary Endothelial; Intercalated Type B; Mesangial; Distal Convoluted Tubule Type 2; Proximal Tubule Epithelial Segment 2; Schwann / Neural,234.50476190476190476190
VHMLeftUreter,UBERON:0001223,left ureter,1685.8,3,3,3,0,31,1,0,32,Descending Thin Limb Type 1; M2 Macrophage; Cortical Collecting Duct Intercalated Type A; Cortical Vascular Smooth Muscle / Pericyte; Inner Medullary Collecting Duct; Vascular Smooth Muscle / Pericyte; Papillary Tip Epithelial; Medullary Fibroblast; Macula Densa; Parietal Epithelial; Connecting Tubule; Lymphatic Endothelial; Peritubular Capilary Endothelial ; Afferent / Efferent Arteriole Endothelial; Descending Vasa Recta Endothelial ; Proximal Tubule Epithelial Segment 1; Cortical Collecting Duct Principal; Connecting Tubule Principal; Outer Medullary Collecting Duct Principal; Ascending Thin Limb; Intercalated Type B; Descending Thin Limb Type 2; Descending Thin Limb Type 3; Ascending Vasa Recta Endothelial; Podocyte; Schwann / Neural; Non-classical monocyte; Mesangial; Fibroblast; B; Proximal Tubule Epithelial Segment 3; Monocyte-derived,679.92
VHMLung,UBERON:0001004,Lateral segmental bronchus,665.072,0,1,1,0,1,27,0,28,smooth muscle cell; T cell; type I pneumocyte; type II pneumocyte; vascular associated smooth muscle cell; vein endothelial cell; B cell; dendritic cell; mast cell; enucleate erythrocyte; alveolar macrophage; basal cell; blood vessel endothelial cell; chondrocyte; ciliated cell; club cell; endothelial cell; endothelial cell of artery; epithelial cell; fibroblast; goblet cell; lung neuroendocrine cell; macrophage; monocyte; myofibroblast cell; native cell; natural killer cell; pericyte,211.10948905109489051095
VHMLung,UBERON:0001004,Lateral segmental bronchus,665.072,0,1,1,0,1,27,0,28,smooth muscle cell; T cell; type I pneumocyte; type II pneumocyte; vascular associated smooth muscle cell; vein endothelial cell; B cell; dendritic cell; mast cell; enucleate erythrocyte; alveolar macrophage; basal cell; blood vessel endothelial cell; chondrocyte; ciliated cell; club cell; endothelial cell; endothelial cell of artery; epithelial cell; fibroblast; goblet cell; lung neuroendocrine cell; macrophage; monocyte; myofibroblast cell; native cell; natural killer cell; pericyte,211.10948905109489051095
VHMLung,UBERON:0001004,Left apical bronchopulmonary segment,174591.4,2,5,1,4,2,4,0,6,Endothelial cell; Epithelial cell; Muscle; Fibroblast; Immune (lymphocyte); Immune (myeloid),1835.33333333333333333333
VHMLung,UBERON:0001004,Left apical bronchopulmonary segment,174591.4,2,5,1,4,2,4,0,6,Endothelial cell; Epithelial cell; Muscle; Fibroblast; Immune (lymphocyte); Immune (myeloid),1835.33333333333333333333
VHMLung,UBERON:0001004,Right Lateral Bronchopulmonary Segment,162410.7,1,4,1,3,1,27,0,28,alveolar macrophage; basal cell; blood vessel endothelial cell; chondrocyte; ciliated cell; club cell; endothelial cell; endothelial cell of artery; epithelial cell; fibroblast; goblet cell; lung neuroendocrine cell; macrophage; monocyte; myofibroblast cell; native cell; natural killer cell; pericyte; smooth muscle cell; T cell; type I pneumocyte; type II pneumocyte; vascular associated smooth muscle cell; vein endothelial cell; B cell; dendritic cell; mast cell; enucleate erythrocyte,211.10948905109489051095
VHMLung,UBERON:0001004,Right Lateral Bronchopulmonary Segment,162410.7,1,4,1,3,1,27,0,28,alveolar macrophage; basal cell; blood vessel endothelial cell; chondrocyte; ciliated cell; club cell; endothelial cell; endothelial cell of artery; epithelial cell; fibroblast; goblet cell; lung neuroendocrine cell; macrophage; monocyte; myofibroblast cell; native cell; natural killer cell; pericyte; smooth muscle cell; T cell; type I pneumocyte; type II pneumocyte; vascular associated smooth muscle cell; vein endothelial cell; B cell; dendritic cell; mast cell; enucleate erythrocyte,211.10948905109489051095
VHMProstate,UBERON:0000079,central zone of prostate,1800.096,0,1,2,0,3,4,0,7,Endothelial cell; Epithelial cell; Muscle; Fibroblast; Immune (myeloid); Glia; Immune (lymphocyte),1194.65384615384615384615
VHMProstate,UBERON:0000079,peripheral zone of prostate,4450.4169999999995,0,1,2,0,3,4,0,7,Endothelial cell; Epithelial cell; Muscle; Fibroblast; Immune (myeloid); Glia; Immune (lymphocyte),1194.65384615384615384615
VHMRightKidney,UBERON:0004539,outer cortex of kidney,109925.0,4,4,2,2,49,3,1,52,Natural Killer T; Tissue-resident Macrophage; Natural Killer / Natural Killer T; B; Neutrophil; Fibroblast; Monocyte; Mesangial; Vascular Smooth Muscle / Pericyte; Outer Medullary Collecting Duct Principal; Schwann / Neural; Glomerular Capillary Endothelial; Descending Thin Limb Type 1; Distal Convoluted Tubule Type 1; Proximal Tubule Epithelial Segment 2; Cortical Collecting Duct Principal; Afferent / Efferent Arteriole Endothelial; Cortical Collecting Duct Intercalated Type A; Cycling Mononuclear Phagocyte; Cortical Vascular Smooth Muscle / Pericyte; Outer Medullary Collecting Duct Intercalated Type A; Proximal Tubule Epithelial Segment 3; Inner Medullary Collecting Duct; Intercalated Type B; Ascending Thin Limb; Peritubular Capilary Endothelial ; Peritubular Capilary Endothelial; Parietal Epithelial; Connecting Tubule Principal; Medullary Thick Ascending Limb; Cortical Thick Ascending Limb; Connecting Tubule; Descending Thin Limb Type 3; Monocyte-derived; Papillary Tip Epithelial; Macula Densa; M2 Macrophage; Proximal Tubule Epithelial Segment 1; Ascending Vasa Recta Endothelial; Lymphatic Endothelial; Podocyte; Medullary Fibroblast; Connecting Tubule Intercalated Type A; Plasma; Classical Dendritic; Descending Thin Limb Type 2; T; Descending Vasa Recta Endothelial ; Descending Vasa Recta Endothelial; Distal Convoluted Tubule Type 2; Mast; Non-classical monocyte; Renin-positive Juxtaglomerular Granular; Plasmacytoid Dendritic,599.57001522070015220700
VHMRightKidney,UBERON:0004539,renal papilla,32.27643,0,1,1,0,22,0,2,22,Descending Thin Limb Type 1; Descending Thin Limb Type 3; Vascular Smooth Muscle / Pericyte; Descending Thin Limb Type 2; Connecting Tubule; Cortical Collecting Duct Principal; Inner Medullary Collecting Duct; Papillary Tip Epithelial; Ascending Vasa Recta Endothelial; Ascending Thin Limb; Medullary Fibroblast; Descending Vasa Recta Endothelial; Parietal Epithelial; Non-classical monocyte; Outer Medullary Collecting Duct Principal; Natural Killer / Natural Killer T; T; Monocyte-derived; Intercalated Type B; Peritubular Capilary Endothelial; Plasma; Cortical Collecting Duct Intercalated Type A,21.54838709677419354839
VHMRightKidney,UBERON:0004539,renal pyramid,3183.276,1,2,2,0,36,1,1,37,Monocyte-derived; Plasma; Natural Killer / Natural Killer T; Fibroblast; Descending Thin Limb Type 3; Proximal Tubule Epithelial Segment 1; Vascular Smooth Muscle / Pericyte; Parietal Epithelial; Cortical Collecting Duct Principal; Ascending Thin Limb; Proximal Tubule Epithelial Segment 3; Glomerular Capillary Endothelial; Connecting Tubule Principal; Cortical Collecting Duct Intercalated Type A; Inner Medullary Collecting Duct; Outer Medullary Collecting Duct Principal; Macula Densa; Connecting Tubule; Cortical Vascular Smooth Muscle / Pericyte; Distal Convoluted Tubule Type 1; Descending Thin Limb Type 2; Medullary Thick Ascending Limb; Descending Thin Limb Type 1; Medullary Fibroblast; Papillary Tip Epithelial; Descending Vasa Recta Endothelial ; Descending Vasa Recta Endothelial; Ascending Vasa Recta Endothelial; B; Podocyte; Afferent / Efferent Arteriole Endothelial; T; Cortical Thick Ascending Limb; Outer Medullary Collecting Duct Intercalated Type A; Peritubular Capilary Endothelial ; Peritubular Capilary Endothelial; Intercalated Type B; Non-classical monocyte; Proximal Tubule Epithelial Segment 2,101.76470588235294117647
VHMSkin,UBERON:0002097,skin of body,2109804.0,6,6,6,0,10,4,36,14,Endothelial cell; Epithelial cell; Muscle; Fibroblast; T-helper; T-Killer; T-reg; CD68 / Macrophage; Immune (lymphocyte); Adipocyte; Epithelial cell (keratinocyte); Melanocyte; Immune (myeloid); Other,381.96666666666666666667
VHMSkin,UBERON:0002097,skin of body,2109804.0,6,6,6,0,10,4,36,14,Endothelial cell; Epithelial cell; Muscle; Fibroblast; T-helper; T-Killer; T-reg; CD68 / Macrophage; Immune (lymphocyte); Adipocyte; Epithelial cell (keratinocyte); Melanocyte; Immune (myeloid); Other,381.96666666666666666667
VHMSmallIntestine,UBERON:0002108,ascending part of duodenum,7109.89,0,6,6,0,20,5,0,25,Neutrophil; CD8+ T; Lymphatic; Nerve; CD4+ T cell; DC; Goblet; Enterocyte; Stroma; Plasma; CD66+ Enterocyte; Smooth muscle; Neuroendocrine; M1 Macrophage; MUC1+ Enterocyte; Cycling TA; NK; CD57+ Enterocyte; TA; Paneth; B; ICC; Endothelial; CD7+ Immune; M2 Macrophage,1818.26666666666666666667
VHMSmallIntestine,UBERON:0002108,descending part of duodenum,10111.839999999998,6,6,6,0,20,5,0,25,Neutrophil; CD8+ T; Lymphatic; Nerve; CD4+ T cell; ICC; M1 Macrophage; M2 Macrophage; Plasma; CD7+ Immune; MUC1+ Enterocyte; Neuroendocrine; NK; Paneth; Cycling TA; TA; Smooth muscle; CD57+ Enterocyte; DC; B; Enterocyte; Stroma; Endothelial; Goblet; CD66+ Enterocyte,1914.24666666666666666667
VHMSmallIntestine,UBERON:0002108,distal part of ileum,14601.44,6,6,6,0,20,5,29,25,M2 Macrophage; ICC; Goblet; Stroma; MUC1+ Enterocyte; B; Cycling TA; CD66+ Enterocyte; DC; CD57+ Enterocyte; Endothelial; CD7+ Immune; Paneth; Plasma; CD8+ T; Lymphatic; Nerve; CD4+ T cell; NK; Neuroendocrine; Smooth muscle; Enterocyte; TA; M1 Macrophage; Neutrophil,2103.03204241585984324574
VHMSmallIntestine,UBERON:0002108,horizontal part of duodenum,10554.94,0,6,6,0,20,5,0,25,Neutrophil; CD8+ T; Lymphatic; Nerve; CD4+ T cell; DC; Goblet; Enterocyte; Stroma; Plasma; CD66+ Enterocyte; Smooth muscle; Neuroendocrine; M1 Macrophage; MUC1+ Enterocyte; Cycling TA; NK; CD57+ Enterocyte; TA; Paneth; B; ICC; Endothelial; M2 Macrophage; CD7+ Immune,1818.26666666666666666667
VHMSmallIntestine,UBERON:0002108,jejunum,194372.1,6,6,6,0,20,5,29,25,Lymphatic; Nerve; CD4+ T cell; MUC1+ Enterocyte; DC; NK; Neuroendocrine; Plasma; M2 Macrophage; Endothelial; Stroma; Cycling TA; Smooth muscle; M1 Macrophage; B; Paneth; Enterocyte; CD66+ Enterocyte; CD7+ Immune; TA; CD57+ Enterocyte; Goblet; ICC; Neutrophil; CD8+ T,2476.78976486860304287690