organId,organ_label,refOrgan,refOrganAs,dataset,modality,as_label
http://purl.obolibrary.org/obo/UBERON_0000059,large intestine,http://purl.org/ccf/latest/ccf.owl#VHMColon,http://purl.obolibrary.org/obo/UBERON_0001156,https://purl.humanatlas.io/graph/ctpop#datasets_HBM622.STKS.394,spatial,ascending colon
http://purl.obolibrary.org/obo/UBERON_0000059,large intestine,http://purl.org/ccf/latest/ccf.owl#VHMColon,http://purl.obolibrary.org/obo/UBERON_0001052,https://purl.humanatlas.io/graph/ctpop#datasets_HBM575.THQM.284,spatial,rectum
http://purl.obolibrary.org/obo/UBERON_0000059,large intestine,http://purl.org/ccf/latest/ccf.owl#VHMColon,http://purl.obolibrary.org/obo/UBERON_0001159,https://purl.humanatlas.io/graph/ctpop#datasets_HBM575.THQM.284,spatial,sigmoid colon
http://purl.obolibrary.org/obo/UBERON_0000948,heart,http://purl.org/ccf/latest/ccf.owl#VHFHeart,http://purl.obolibrary.org/obo/UBERON_0002084,https://purl.humanatlas.io/graph/ctpop#datasets_dd2f4658-d6e1-4d8a-a5f3-b9efed1bd1ca_D1_Heart_apex_of_heart,bulk,heart left ventricle
http://purl.obolibrary.org/obo/UBERON_0000948,heart,http://purl.org/ccf/latest/ccf.owl#VHFHeart,http://purl.obolibrary.org/obo/UBERON_0002084,https://purl.humanatlas.io/graph/ctpop#datasets_dd2f4658-d6e1-4d8a-a5f3-b9efed1bd1ca_H6_Heart_apex_of_heart,bulk,heart left ventricle
http://purl.obolibrary.org/obo/UBERON_0000948,heart,http://purl.org/ccf/latest/ccf.owl#VHFHeart,http://purl.obolibrary.org/obo/UBERON_0002084,https://purl.humanatlas.io/graph/ctpop#datasets_dd2f4658-d6e1-4d8a-a5f3-b9efed1bd1ca_H5_Heart_apex_of_heart,bulk,heart left ventricle
http://purl.obolibrary.org/obo/UBERON_0000948,heart,http://purl.org/ccf/latest/ccf.owl#VHFHeart,http://purl.obolibrary.org/obo/UBERON_0002084,https://purl.humanatlas.io/graph/ctpop#datasets_dd2f4658-d6e1-4d8a-a5f3-b9efed1bd1ca_D4_Heart_apex_of_heart,bulk,heart left ventricle
http://purl.obolibrary.org/obo/UBERON_0000948,heart,http://purl.org/ccf/latest/ccf.owl#VHFHeart,http://purl.obolibrary.org/obo/UBERON_0002084,https://purl.humanatlas.io/graph/ctpop#datasets_dd2f4658-d6e1-4d8a-a5f3-b9efed1bd1ca_D11_Heart_apex_of_heart,bulk,heart left ventricle
http://purl.obolibrary.org/obo/UBERON_0000948,heart,http://purl.org/ccf/latest/ccf.owl#VHFHeart,http://purl.obolibrary.org/obo/UBERON_0002084,https://purl.humanatlas.io/graph/ctpop#datasets_dd2f4658-d6e1-4d8a-a5f3-b9efed1bd1ca_D5_Heart_apex_of_heart,bulk,heart left ventricle
http://purl.obolibrary.org/obo/UBERON_0000948,heart,http://purl.org/ccf/latest/ccf.owl#VHFHeart,http://purl.obolibrary.org/obo/UBERON_0002084,https://purl.humanatlas.io/graph/ctpop#datasets_dd2f4658-d6e1-4d8a-a5f3-b9efed1bd1ca_H7_Heart_apex_of_heart,bulk,heart left ventricle
http://purl.obolibrary.org/obo/UBERON_0000948,heart,http://purl.org/ccf/latest/ccf.owl#VHMHeart,http://purl.obolibrary.org/obo/UBERON_0002080,https://purl.humanatlas.io/graph/ctpop#datasets_dd2f4658-d6e1-4d8a-a5f3-b9efed1bd1ca_D2_Heart_interventricular_septum,bulk,heart right ventricle
http://purl.obolibrary.org/obo/UBERON_0000948,heart,http://purl.org/ccf/latest/ccf.owl#VHMHeart,http://purl.obolibrary.org/obo/UBERON_0002080,https://purl.humanatlas.io/graph/ctpop#datasets_dd2f4658-d6e1-4d8a-a5f3-b9efed1bd1ca_D3_Heart_interventricular_septum,bulk,heart right ventricle
http://purl.obolibrary.org/obo/UBERON_0000948,heart,http://purl.org/ccf/latest/ccf.owl#VHMHeart,http://purl.obolibrary.org/obo/UBERON_0002084,https://purl.humanatlas.io/graph/ctpop#datasets_dd2f4658-d6e1-4d8a-a5f3-b9efed1bd1ca_H2_Heart_heart_left_ventricle,bulk,heart left ventricle
http://purl.obolibrary.org/obo/UBERON_0000948,heart,http://purl.org/ccf/latest/ccf.owl#VHMHeart,http://purl.obolibrary.org/obo/UBERON_0002084,https://purl.humanatlas.io/graph/ctpop#datasets_dd2f4658-d6e1-4d8a-a5f3-b9efed1bd1ca_D2_Heart_heart_left_ventricle,bulk,heart left ventricle
http://purl.obolibrary.org/obo/UBERON_0000948,heart,http://purl.org/ccf/latest/ccf.owl#VHMHeart,http://purl.obolibrary.org/obo/UBERON_0002084,https://purl.humanatlas.io/graph/ctpop#datasets_dd2f4658-d6e1-4d8a-a5f3-b9efed1bd1ca_H3_Heart_heart_left_ventricle,bulk,heart left ventricle
http://purl.obolibrary.org/obo/UBERON_0000948,heart,http://purl.org/ccf/latest/ccf.owl#VHMHeart,http://purl.obolibrary.org/obo/UBERON_0002084,https://purl.humanatlas.io/graph/ctpop#datasets_dd2f4658-d6e1-4d8a-a5f3-b9efed1bd1ca_D6_Heart_heart_left_ventricle,bulk,heart left ventricle
http://purl.obolibrary.org/obo/UBERON_0000948,heart,http://purl.org/ccf/latest/ccf.owl#VHMHeart,http://purl.obolibrary.org/obo/UBERON_0002084,https://purl.humanatlas.io/graph/ctpop#datasets_dd2f4658-d6e1-4d8a-a5f3-b9efed1bd1ca_H4_Heart_heart_left_ventricle,bulk,heart left ventricle
http://purl.obolibrary.org/obo/UBERON_0000948,heart,http://purl.org/ccf/latest/ccf.owl#VHMHeart,http://purl.obolibrary.org/obo/UBERON_0002084,https://purl.humanatlas.io/graph/ctpop#datasets_dd2f4658-d6e1-4d8a-a5f3-b9efed1bd1ca_D7_Heart_heart_left_ventricle,bulk,heart left ventricle
http://purl.obolibrary.org/obo/UBERON_0000948,heart,http://purl.org/ccf/latest/ccf.owl#VHMHeart,http://purl.obolibrary.org/obo/UBERON_0002084,https://purl.humanatlas.io/graph/ctpop#datasets_dd2f4658-d6e1-4d8a-a5f3-b9efed1bd1ca_D3_Heart_heart_left_ventricle,bulk,heart left ventricle
http://purl.obolibrary.org/obo/UBERON_0000948,heart,http://purl.org/ccf/latest/ccf.owl#VHMHeart,http://purl.obolibrary.org/obo/UBERON_0002084,https://purl.humanatlas.io/graph/ctpop#datasets_dd2f4658-d6e1-4d8a-a5f3-b9efed1bd1ca_D2_Heart_interventricular_septum,bulk,heart left ventricle
http://purl.obolibrary.org/obo/UBERON_0000948,heart,http://purl.org/ccf/latest/ccf.owl#VHMHeart,http://purl.obolibrary.org/obo/UBERON_0002084,https://purl.humanatlas.io/graph/ctpop#datasets_dd2f4658-d6e1-4d8a-a5f3-b9efed1bd1ca_D3_Heart_interventricular_septum,bulk,heart left ventricle
http://purl.obolibrary.org/obo/UBERON_0000948,heart,http://purl.org/ccf/latest/ccf.owl#VHMHeart,http://purl.obolibrary.org/obo/UBERON_0002094,https://purl.humanatlas.io/graph/ctpop#datasets_dd2f4658-d6e1-4d8a-a5f3-b9efed1bd1ca_D2_Heart_interventricular_septum,bulk,interventricular septum
http://purl.obolibrary.org/obo/UBERON_0001223,left ureter,http://purl.org/ccf/latest/ccf.owl#VHFLeftUreter,http://purl.obolibrary.org/obo/UBERON_0001223,https://purl.humanatlas.io/graph/ctpop#datasets_HBM563.FJNH.776,bulk,left ureter
http://purl.obolibrary.org/obo/UBERON_0002097,skin of body,http://purl.org/ccf/latest/ccf.owl#VHMSkin,http://purl.obolibrary.org/obo/UBERON_0002097,https://purl.humanatlas.io/graph/ctpop#datasets_HBM666.JCGS.862,spatial,skin of body
http://purl.obolibrary.org/obo/UBERON_0002097,skin of body,http://purl.org/ccf/latest/ccf.owl#VHMSkin,http://purl.obolibrary.org/obo/UBERON_0002097,https://purl.humanatlas.io/graph/ctpop#datasets_HBM747.SPWK.779,spatial,skin of body
http://purl.obolibrary.org/obo/UBERON_0002097,skin of body,http://purl.org/ccf/latest/ccf.owl#VHFSkin,http://purl.obolibrary.org/obo/UBERON_0002097,https://purl.humanatlas.io/graph/ctpop#datasets_HBM975.FVCG.922,spatial,skin of body
http://purl.obolibrary.org/obo/UBERON_0002097,skin of body,http://purl.org/ccf/latest/ccf.owl#VHFSkin,http://purl.obolibrary.org/obo/UBERON_0002097,https://purl.humanatlas.io/graph/ctpop#datasets_HBM238.ZKPC.934,spatial,skin of body
http://purl.obolibrary.org/obo/UBERON_0002108,small intestine,http://purl.org/ccf/latest/ccf.owl#VHMSmallIntestine,http://purl.org/sig/ont/fma/fma14966,https://purl.humanatlas.io/graph/ctpop#datasets_HBM899.KTQM.246,spatial,distal part of ileum
http://purl.obolibrary.org/obo/UBERON_0004538,left kidney,http://purl.org/ccf/latest/ccf.owl#VHFLeftKidney,http://purl.obolibrary.org/obo/UBERON_0002189,https://purl.humanatlas.io/graph/ctpop#datasets_HBM476.ZWMS.768,bulk,outer cortex of kidney
http://purl.obolibrary.org/obo/UBERON_0004538,left kidney,http://purl.org/ccf/latest/ccf.owl#VHFLeftKidney,http://purl.obolibrary.org/obo/UBERON_0001284,https://purl.humanatlas.io/graph/ctpop#datasets_HBM476.ZWMS.768,bulk,renal column
http://purl.obolibrary.org/obo/UBERON_0004538,left kidney,http://purl.org/ccf/latest/ccf.owl#VHFLeftKidney,http://purl.obolibrary.org/obo/UBERON_0004200,https://purl.humanatlas.io/graph/ctpop#datasets_HBM476.ZWMS.768,bulk,renal pyramid
http://purl.obolibrary.org/obo/UBERON_0004538,left kidney,http://purl.org/ccf/latest/ccf.owl#VHFLeftKidney,http://purl.obolibrary.org/obo/UBERON_0004200,https://purl.humanatlas.io/graph/ctpop#datasets_HBM382.HNKL.447,bulk,renal pyramid
http://purl.obolibrary.org/obo/UBERON_0004538,left kidney,http://purl.org/ccf/latest/ccf.owl#VHFLeftKidney,http://purl.obolibrary.org/obo/UBERON_0004200,https://purl.humanatlas.io/graph/ctpop#datasets_HBM938.FTRX.289,bulk,renal pyramid
http://purl.obolibrary.org/obo/UBERON_0004538,left kidney,http://purl.org/ccf/latest/ccf.owl#VHFLeftKidneyV1.1,http://purl.obolibrary.org/obo/UBERON_0004200,https://purl.humanatlas.io/graph/ctpop#datasets_HBM826.VZFT.824,bulk,renal pyramid
http://purl.obolibrary.org/obo/UBERON_0004538,left kidney,http://purl.org/ccf/latest/ccf.owl#VHFLeftKidneyV1.1,http://purl.obolibrary.org/obo/UBERON_0004200,https://purl.humanatlas.io/graph/ctpop#datasets_HBM384.DLRM.527,bulk,renal pyramid
http://purl.obolibrary.org/obo/UBERON_0004539,right kidney,http://purl.org/ccf/latest/ccf.owl#VHMRightKidney,http://purl.obolibrary.org/obo/UBERON_0002189,https://purl.humanatlas.io/graph/ctpop#datasets_HBM785.LNQZ.992,bulk,outer cortex of kidney
http://purl.obolibrary.org/obo/UBERON_0004539,right kidney,http://purl.org/ccf/latest/ccf.owl#VHMRightKidney,http://purl.obolibrary.org/obo/UBERON_0002189,https://purl.humanatlas.io/graph/ctpop#datasets_HBM992.XNZH.647,bulk,outer cortex of kidney
http://purl.obolibrary.org/obo/UBERON_0004539,right kidney,http://purl.org/ccf/latest/ccf.owl#VHMRightKidney,http://purl.obolibrary.org/obo/UBERON_0004200,https://purl.humanatlas.io/graph/ctpop#datasets_HBM987.ZCTQ.736,bulk,renal pyramid
http://purl.obolibrary.org/obo/UBERON_0004539,right kidney,http://purl.org/ccf/latest/ccf.owl#VHMRightKidney,http://purl.obolibrary.org/obo/UBERON_0004200,https://purl.humanatlas.io/graph/ctpop#datasets_HBM793.QCGM.999,bulk,renal pyramid
http://purl.obolibrary.org/obo/UBERON_0000059,large intestine,http://purl.org/ccf/latest/ccf.owl#VHMColon,http://purl.obolibrary.org/obo/UBERON_0001157,https://purl.humanatlas.io/graph/ctpop#datasets_HBM742.NHHQ.357,spatial,transverse colon
http://purl.obolibrary.org/obo/UBERON_0000059,large intestine,http://purl.org/ccf/latest/ccf.owl#VHMColon,http://purl.obolibrary.org/obo/UBERON_0001156,https://purl.humanatlas.io/graph/ctpop#datasets_HBM235.VKNJ.237,spatial,ascending colon
http://purl.obolibrary.org/obo/UBERON_0000059,large intestine,http://purl.org/ccf/latest/ccf.owl#VHFLargeIntestine,http://purl.obolibrary.org/obo/UBERON_0001157,https://purl.humanatlas.io/graph/ctpop#datasets_HBM447.MNKW.592,spatial,transverse colon
http://purl.obolibrary.org/obo/UBERON_0000948,heart,http://purl.org/ccf/latest/ccf.owl#VHFHeart,http://purl.obolibrary.org/obo/UBERON_0002078,https://purl.humanatlas.io/graph/ctpop#datasets_GTEX-13N11-5002,bulk,right cardiac atrium
http://purl.obolibrary.org/obo/UBERON_0000948,heart,http://purl.org/ccf/latest/ccf.owl#VHFHeart,http://purl.obolibrary.org/obo/UBERON_0002078,https://purl.humanatlas.io/graph/ctpop#datasets_GTEX-1ICG6-5003,bulk,right cardiac atrium
http://purl.obolibrary.org/obo/UBERON_0000948,heart,http://purl.org/ccf/latest/ccf.owl#VHFHeart,http://purl.obolibrary.org/obo/UBERON_0002079,https://purl.humanatlas.io/graph/ctpop#datasets_dd2f4658-d6e1-4d8a-a5f3-b9efed1bd1ca_H6_Heart_left_cardiac_atrium,bulk,left cardiac atrium
http://purl.obolibrary.org/obo/UBERON_0000948,heart,http://purl.org/ccf/latest/ccf.owl#VHFHeart,http://purl.obolibrary.org/obo/UBERON_0002079,https://purl.humanatlas.io/graph/ctpop#datasets_dd2f4658-d6e1-4d8a-a5f3-b9efed1bd1ca_D5_Heart_left_cardiac_atrium,bulk,left cardiac atrium
http://purl.obolibrary.org/obo/UBERON_0000948,heart,http://purl.org/ccf/latest/ccf.owl#VHFHeart,http://purl.obolibrary.org/obo/UBERON_0002079,https://purl.humanatlas.io/graph/ctpop#datasets_dd2f4658-d6e1-4d8a-a5f3-b9efed1bd1ca_D1_Heart_left_cardiac_atrium,bulk,left cardiac atrium
http://purl.obolibrary.org/obo/UBERON_0000948,heart,http://purl.org/ccf/latest/ccf.owl#VHFHeart,http://purl.obolibrary.org/obo/UBERON_0002079,https://purl.humanatlas.io/graph/ctpop#datasets_dd2f4658-d6e1-4d8a-a5f3-b9efed1bd1ca_D4_Heart_left_cardiac_atrium,bulk,left cardiac atrium
http://purl.obolibrary.org/obo/UBERON_0000948,heart,http://purl.org/ccf/latest/ccf.owl#VHFHeart,http://purl.obolibrary.org/obo/UBERON_0002079,https://purl.humanatlas.io/graph/ctpop#datasets_dd2f4658-d6e1-4d8a-a5f3-b9efed1bd1ca_D11_Heart_left_cardiac_atrium,bulk,left cardiac atrium
http://purl.obolibrary.org/obo/UBERON_0000948,heart,http://purl.org/ccf/latest/ccf.owl#VHFHeart,http://purl.obolibrary.org/obo/UBERON_0002079,https://purl.humanatlas.io/graph/ctpop#datasets_dd2f4658-d6e1-4d8a-a5f3-b9efed1bd1ca_H7_Heart_left_cardiac_atrium,bulk,left cardiac atrium
http://purl.obolibrary.org/obo/UBERON_0000948,heart,http://purl.org/ccf/latest/ccf.owl#VHFHeart,http://purl.obolibrary.org/obo/UBERON_0002079,https://purl.humanatlas.io/graph/ctpop#datasets_dd2f4658-d6e1-4d8a-a5f3-b9efed1bd1ca_H5_Heart_left_cardiac_atrium,bulk,left cardiac atrium
http://purl.obolibrary.org/obo/UBERON_0000948,heart,http://purl.org/ccf/latest/ccf.owl#VHFHeart,http://purl.obolibrary.org/obo/UBERON_0002137,https://purl.humanatlas.io/graph/ctpop#datasets_dd2f4658-d6e1-4d8a-a5f3-b9efed1bd1ca_H6_Heart_left_cardiac_atrium,bulk,aortic valve
http://purl.obolibrary.org/obo/UBERON_0000948,heart,http://purl.org/ccf/latest/ccf.owl#VHFHeart,http://purl.obolibrary.org/obo/UBERON_0002137,https://purl.humanatlas.io/graph/ctpop#datasets_dd2f4658-d6e1-4d8a-a5f3-b9efed1bd1ca_D5_Heart_left_cardiac_atrium,bulk,aortic valve
http://purl.obolibrary.org/obo/UBERON_0000948,heart,http://purl.org/ccf/latest/ccf.owl#VHFHeart,http://purl.obolibrary.org/obo/UBERON_0002137,https://purl.humanatlas.io/graph/ctpop#datasets_dd2f4658-d6e1-4d8a-a5f3-b9efed1bd1ca_D1_Heart_left_cardiac_atrium,bulk,aortic valve
http://purl.obolibrary.org/obo/UBERON_0000948,heart,http://purl.org/ccf/latest/ccf.owl#VHFHeart,http://purl.obolibrary.org/obo/UBERON_0002137,https://purl.humanatlas.io/graph/ctpop#datasets_dd2f4658-d6e1-4d8a-a5f3-b9efed1bd1ca_D4_Heart_left_cardiac_atrium,bulk,aortic valve
http://purl.obolibrary.org/obo/UBERON_0000948,heart,http://purl.org/ccf/latest/ccf.owl#VHFHeart,http://purl.obolibrary.org/obo/UBERON_0002137,https://purl.humanatlas.io/graph/ctpop#datasets_dd2f4658-d6e1-4d8a-a5f3-b9efed1bd1ca_D11_Heart_left_cardiac_atrium,bulk,aortic valve
http://purl.obolibrary.org/obo/UBERON_0000948,heart,http://purl.org/ccf/latest/ccf.owl#VHFHeart,http://purl.obolibrary.org/obo/UBERON_0002137,https://purl.humanatlas.io/graph/ctpop#datasets_dd2f4658-d6e1-4d8a-a5f3-b9efed1bd1ca_H7_Heart_left_cardiac_atrium,bulk,aortic valve
http://purl.obolibrary.org/obo/UBERON_0000948,heart,http://purl.org/ccf/latest/ccf.owl#VHFHeart,http://purl.obolibrary.org/obo/UBERON_0002137,https://purl.humanatlas.io/graph/ctpop#datasets_dd2f4658-d6e1-4d8a-a5f3-b9efed1bd1ca_H5_Heart_left_cardiac_atrium,bulk,aortic valve
http://purl.obolibrary.org/obo/UBERON_0000948,heart,http://purl.org/ccf/latest/ccf.owl#VHMHeart,http://purl.obolibrary.org/obo/UBERON_0002080,https://purl.humanatlas.io/graph/ctpop#datasets_dd2f4658-d6e1-4d8a-a5f3-b9efed1bd1ca_D7_Heart_heart_right_ventricle,bulk,heart right ventricle
http://purl.obolibrary.org/obo/UBERON_0000948,heart,http://purl.org/ccf/latest/ccf.owl#VHMHeart,http://purl.obolibrary.org/obo/UBERON_0002080,https://purl.humanatlas.io/graph/ctpop#datasets_dd2f4658-d6e1-4d8a-a5f3-b9efed1bd1ca_D3_Heart_heart_right_ventricle,bulk,heart right ventricle
http://purl.obolibrary.org/obo/UBERON_0000948,heart,http://purl.org/ccf/latest/ccf.owl#VHMHeart,http://purl.obolibrary.org/obo/UBERON_0002080,https://purl.humanatlas.io/graph/ctpop#datasets_dd2f4658-d6e1-4d8a-a5f3-b9efed1bd1ca_H3_Heart_heart_right_ventricle,bulk,heart right ventricle
http://purl.obolibrary.org/obo/UBERON_0000948,heart,http://purl.org/ccf/latest/ccf.owl#VHMHeart,http://purl.obolibrary.org/obo/UBERON_0002080,https://purl.humanatlas.io/graph/ctpop#datasets_dd2f4658-d6e1-4d8a-a5f3-b9efed1bd1ca_D6_Heart_heart_right_ventricle,bulk,heart right ventricle
http://purl.obolibrary.org/obo/UBERON_0000948,heart,http://purl.org/ccf/latest/ccf.owl#VHMHeart,http://purl.obolibrary.org/obo/UBERON_0002080,https://purl.humanatlas.io/graph/ctpop#datasets_dd2f4658-d6e1-4d8a-a5f3-b9efed1bd1ca_H2_Heart_heart_right_ventricle,bulk,heart right ventricle
http://purl.obolibrary.org/obo/UBERON_0000948,heart,http://purl.org/ccf/latest/ccf.owl#VHMHeart,http://purl.obolibrary.org/obo/UBERON_0002080,https://purl.humanatlas.io/graph/ctpop#datasets_dd2f4658-d6e1-4d8a-a5f3-b9efed1bd1ca_H4_Heart_heart_right_ventricle,bulk,heart right ventricle
http://purl.obolibrary.org/obo/UBERON_0000948,heart,http://purl.org/ccf/latest/ccf.owl#VHMHeart,http://purl.obolibrary.org/obo/UBERON_0002080,https://purl.humanatlas.io/graph/ctpop#datasets_dd2f4658-d6e1-4d8a-a5f3-b9efed1bd1ca_D2_Heart_heart_right_ventricle,bulk,heart right ventricle
http://purl.obolibrary.org/obo/UBERON_0000948,heart,http://purl.org/ccf/latest/ccf.owl#VHMHeart,http://purl.obolibrary.org/obo/UBERON_0002137,https://purl.humanatlas.io/graph/ctpop#datasets_dd2f4658-d6e1-4d8a-a5f3-b9efed1bd1ca_H4_Heart_left_cardiac_atrium,bulk,aortic valve
http://purl.obolibrary.org/obo/UBERON_0000948,heart,http://purl.org/ccf/latest/ccf.owl#VHMHeart,http://purl.obolibrary.org/obo/UBERON_0002137,https://purl.humanatlas.io/graph/ctpop#datasets_dd2f4658-d6e1-4d8a-a5f3-b9efed1bd1ca_D6_Heart_left_cardiac_atrium,bulk,aortic valve
http://purl.obolibrary.org/obo/UBERON_0000948,heart,http://purl.org/ccf/latest/ccf.owl#VHMHeart,http://purl.obolibrary.org/obo/UBERON_0002137,https://purl.humanatlas.io/graph/ctpop#datasets_dd2f4658-d6e1-4d8a-a5f3-b9efed1bd1ca_H2_Heart_left_cardiac_atrium,bulk,aortic valve
http://purl.obolibrary.org/obo/UBERON_0000948,heart,http://purl.org/ccf/latest/ccf.owl#VHMHeart,http://purl.obolibrary.org/obo/UBERON_0002137,https://purl.humanatlas.io/graph/ctpop#datasets_dd2f4658-d6e1-4d8a-a5f3-b9efed1bd1ca_D2_Heart_left_cardiac_atrium,bulk,aortic valve
http://purl.obolibrary.org/obo/UBERON_0000948,heart,http://purl.org/ccf/latest/ccf.owl#VHMHeart,http://purl.obolibrary.org/obo/UBERON_0002137,https://purl.humanatlas.io/graph/ctpop#datasets_dd2f4658-d6e1-4d8a-a5f3-b9efed1bd1ca_D7_Heart_left_cardiac_atrium,bulk,aortic valve
http://purl.obolibrary.org/obo/UBERON_0000948,heart,http://purl.org/ccf/latest/ccf.owl#VHMHeart,http://purl.obolibrary.org/obo/UBERON_0002137,https://purl.humanatlas.io/graph/ctpop#datasets_dd2f4658-d6e1-4d8a-a5f3-b9efed1bd1ca_D3_Heart_left_cardiac_atrium,bulk,aortic valve
http://purl.obolibrary.org/obo/UBERON_0000948,heart,http://purl.org/ccf/latest/ccf.owl#VHMHeart,http://purl.obolibrary.org/obo/UBERON_0002137,https://purl.humanatlas.io/graph/ctpop#datasets_dd2f4658-d6e1-4d8a-a5f3-b9efed1bd1ca_H3_Heart_left_cardiac_atrium,bulk,aortic valve
http://purl.obolibrary.org/obo/UBERON_0000948,heart,http://purl.org/ccf/latest/ccf.owl#VHMHeart,http://purl.obolibrary.org/obo/UBERON_0002079,https://purl.humanatlas.io/graph/ctpop#datasets_dd2f4658-d6e1-4d8a-a5f3-b9efed1bd1ca_H4_Heart_left_cardiac_atrium,bulk,left cardiac atrium
http://purl.obolibrary.org/obo/UBERON_0000948,heart,http://purl.org/ccf/latest/ccf.owl#VHMHeart,http://purl.obolibrary.org/obo/UBERON_0002079,https://purl.humanatlas.io/graph/ctpop#datasets_dd2f4658-d6e1-4d8a-a5f3-b9efed1bd1ca_D6_Heart_left_cardiac_atrium,bulk,left cardiac atrium
http://purl.obolibrary.org/obo/UBERON_0000948,heart,http://purl.org/ccf/latest/ccf.owl#VHMHeart,http://purl.obolibrary.org/obo/UBERON_0002079,https://purl.humanatlas.io/graph/ctpop#datasets_dd2f4658-d6e1-4d8a-a5f3-b9efed1bd1ca_H2_Heart_left_cardiac_atrium,bulk,left cardiac atrium
http://purl.obolibrary.org/obo/UBERON_0000948,heart,http://purl.org/ccf/latest/ccf.owl#VHMHeart,http://purl.obolibrary.org/obo/UBERON_0002079,https://purl.humanatlas.io/graph/ctpop#datasets_dd2f4658-d6e1-4d8a-a5f3-b9efed1bd1ca_D2_Heart_left_cardiac_atrium,bulk,left cardiac atrium
http://purl.obolibrary.org/obo/UBERON_0000948,heart,http://purl.org/ccf/latest/ccf.owl#VHMHeart,http://purl.obolibrary.org/obo/UBERON_0002079,https://purl.humanatlas.io/graph/ctpop#datasets_dd2f4658-d6e1-4d8a-a5f3-b9efed1bd1ca_D7_Heart_left_cardiac_atrium,bulk,left cardiac atrium
http://purl.obolibrary.org/obo/UBERON_0000948,heart,http://purl.org/ccf/latest/ccf.owl#VHMHeart,http://purl.obolibrary.org/obo/UBERON_0002079,https://purl.humanatlas.io/graph/ctpop#datasets_dd2f4658-d6e1-4d8a-a5f3-b9efed1bd1ca_D3_Heart_left_cardiac_atrium,bulk,left cardiac atrium
http://purl.obolibrary.org/obo/UBERON_0000948,heart,http://purl.org/ccf/latest/ccf.owl#VHMHeart,http://purl.obolibrary.org/obo/UBERON_0002079,https://purl.humanatlas.io/graph/ctpop#datasets_dd2f4658-d6e1-4d8a-a5f3-b9efed1bd1ca_H3_Heart_left_cardiac_atrium,bulk,left cardiac atrium
http://purl.obolibrary.org/obo/UBERON_0002097,skin of body,http://purl.org/ccf/latest/ccf.owl#VHMSkin,http://purl.obolibrary.org/obo/UBERON_0002097,https://purl.humanatlas.io/graph/ctpop#datasets_HBM398.NCVN.256,spatial,skin of body
http://purl.obolibrary.org/obo/UBERON_0002108,small intestine,http://purl.org/ccf/latest/ccf.owl#VHFSmallIntestine,http://purl.obolibrary.org/obo/UBERON_0002115,https://purl.humanatlas.io/graph/ctpop#datasets_HBM666.NDQZ.365,spatial,jejunum
http://purl.obolibrary.org/obo/UBERON_0002108,small intestine,http://purl.org/ccf/latest/ccf.owl#VHMSmallIntestine,http://purl.obolibrary.org/obo/UBERON_0002115,https://purl.humanatlas.io/graph/ctpop#datasets_HBM832.ZSQJ.442,spatial,jejunum
http://purl.obolibrary.org/obo/UBERON_0002108,small intestine,http://purl.org/ccf/latest/ccf.owl#VHMSmallIntestine,http://purl.org/sig/ont/fma/fma14929,https://purl.humanatlas.io/graph/ctpop#datasets_HBM284.SBPR.357,spatial,horizontal part of duodenum
http://purl.obolibrary.org/obo/UBERON_0002108,small intestine,http://purl.org/ccf/latest/ccf.owl#VHMSmallIntestine,http://purl.org/sig/ont/fma/fma14930,https://purl.humanatlas.io/graph/ctpop#datasets_HBM284.SBPR.357,spatial,ascending part of duodenum
http://purl.obolibrary.org/obo/UBERON_0004538,left kidney,http://purl.org/ccf/latest/ccf.owl#VHMLeftKidney,http://purl.obolibrary.org/obo/UBERON_0002189,https://purl.humanatlas.io/graph/ctpop#datasets_HBM578.SRZG.769,bulk,outer cortex of kidney
http://purl.obolibrary.org/obo/UBERON_0004538,left kidney,http://purl.org/ccf/latest/ccf.owl#VHMLeftKidney,http://purl.obolibrary.org/obo/UBERON_0002189,https://purl.humanatlas.io/graph/ctpop#datasets_HBM892.HQDK.764,bulk,outer cortex of kidney
http://purl.obolibrary.org/obo/UBERON_0004538,left kidney,http://purl.org/ccf/latest/ccf.owl#VHMLeftKidney,http://purl.obolibrary.org/obo/UBERON_0002189,https://purl.humanatlas.io/graph/ctpop#datasets_HBM892.MXFF.848,bulk,outer cortex of kidney
http://purl.obolibrary.org/obo/UBERON_0004538,left kidney,http://purl.org/ccf/latest/ccf.owl#VHMLeftKidney,http://purl.obolibrary.org/obo/UBERON_0002189,https://purl.humanatlas.io/graph/ctpop#datasets_HBM388.SGMJ.342,bulk,outer cortex of kidney
http://purl.obolibrary.org/obo/UBERON_0004538,left kidney,http://purl.org/ccf/latest/ccf.owl#VHMLeftKidney,http://purl.obolibrary.org/obo/UBERON_0002015,https://purl.humanatlas.io/graph/ctpop#datasets_HBM578.SRZG.769,bulk,kidney capsule
http://purl.obolibrary.org/obo/UBERON_0004538,left kidney,http://purl.org/ccf/latest/ccf.owl#VHMLeftKidney,http://purl.obolibrary.org/obo/UBERON_0002015,https://purl.humanatlas.io/graph/ctpop#datasets_HBM892.HQDK.764,bulk,kidney capsule
http://purl.obolibrary.org/obo/UBERON_0004538,left kidney,http://purl.org/ccf/latest/ccf.owl#VHMLeftKidney,http://purl.obolibrary.org/obo/UBERON_0002189,https://purl.humanatlas.io/graph/ctpop#datasets_HBM264.RWRW.668,bulk,outer cortex of kidney
http://purl.obolibrary.org/obo/UBERON_0004538,left kidney,http://purl.org/ccf/latest/ccf.owl#VHMLeftKidney,http://purl.obolibrary.org/obo/UBERON_0002189,https://purl.humanatlas.io/graph/ctpop#datasets_HBM268.RGJT.587,bulk,outer cortex of kidney
http://purl.obolibrary.org/obo/UBERON_0004538,left kidney,http://purl.org/ccf/latest/ccf.owl#VHMLeftKidney,http://purl.obolibrary.org/obo/UBERON_0002189,https://purl.humanatlas.io/graph/ctpop#datasets_HBM532.RKTB.483,bulk,outer cortex of kidney
http://purl.obolibrary.org/obo/UBERON_0004538,left kidney,http://purl.org/ccf/latest/ccf.owl#VHMLeftKidney,http://purl.obolibrary.org/obo/UBERON_0002189,https://purl.humanatlas.io/graph/ctpop#datasets_HBM773.WCXC.264,bulk,outer cortex of kidney
http://purl.obolibrary.org/obo/UBERON_0004538,left kidney,http://purl.org/ccf/latest/ccf.owl#VHMLeftKidney,http://purl.obolibrary.org/obo/UBERON_0004200,https://purl.humanatlas.io/graph/ctpop#datasets_HBM987.RLTF.378,bulk,renal pyramid
http://purl.obolibrary.org/obo/UBERON_0004538,left kidney,http://purl.org/ccf/latest/ccf.owl#VHMLeftKidney,http://purl.obolibrary.org/obo/UBERON_0004200,https://purl.humanatlas.io/graph/ctpop#datasets_HBM884.TGCL.432,bulk,renal pyramid
http://purl.obolibrary.org/obo/UBERON_0004538,left kidney,http://purl.org/ccf/latest/ccf.owl#VHMLeftKidney,http://purl.obolibrary.org/obo/UBERON_0002189,https://purl.humanatlas.io/graph/ctpop#datasets_HBM987.RLTF.378,bulk,outer cortex of kidney
http://purl.obolibrary.org/obo/UBERON_0004538,left kidney,http://purl.org/ccf/latest/ccf.owl#VHMLeftKidney,http://purl.obolibrary.org/obo/UBERON_0002189,https://purl.humanatlas.io/graph/ctpop#datasets_HBM884.TGCL.432,bulk,outer cortex of kidney
http://purl.obolibrary.org/obo/UBERON_0004539,right kidney,http://purl.org/ccf/latest/ccf.owl#VHFRightKidney,http://purl.obolibrary.org/obo/UBERON_0004200,https://purl.humanatlas.io/graph/ctpop#datasets_HBM797.PDPS.368,bulk,renal pyramid
http://purl.obolibrary.org/obo/UBERON_0004539,right kidney,http://purl.org/ccf/latest/ccf.owl#VHFRightKidney,http://purl.obolibrary.org/obo/UBERON_0004200,https://purl.humanatlas.io/graph/ctpop#datasets_HBM837.TDQQ.538,bulk,renal pyramid
http://purl.obolibrary.org/obo/UBERON_0004539,right kidney,http://purl.org/ccf/latest/ccf.owl#VHFRightKidneyV1.1,http://purl.obolibrary.org/obo/UBERON_0001284,https://purl.humanatlas.io/graph/ctpop#datasets_HBM772.WGBN.852,bulk,renal column
http://purl.org/sig/ont/fma/fma57987,Set of lactiferous glands in right breast,http://purl.org/ccf/latest/ccf.owl#VHFRightMammaryGland,http://purl.org/sig/ont/fma/fma73165,https://purl.humanatlas.io/graph/ctpop#datasets_GTEX-1CAMS-5015,bulk,Interlobar adipose tissue of right mammary gland
http://purl.org/sig/ont/fma/fma57987,Set of lactiferous glands in right breast,http://purl.org/ccf/latest/ccf.owl#VHFRightMammaryGland,http://purl.org/sig/ont/fma/fma73165,https://purl.humanatlas.io/graph/ctpop#datasets_GTEX-1MCC2-5013,bulk,Interlobar adipose tissue of right mammary gland
http://purl.org/sig/ont/fma/fma57987,Set of lactiferous glands in right breast,http://purl.org/ccf/latest/ccf.owl#VHFRightMammaryGland,http://purl.org/sig/ont/fma/fma73165,https://purl.humanatlas.io/graph/ctpop#datasets_GTEX-1R9PN-5002,bulk,Interlobar adipose tissue of right mammary gland
http://purl.obolibrary.org/obo/UBERON_0000059,large intestine,http://purl.org/ccf/latest/ccf.owl#VHMColon,http://purl.obolibrary.org/obo/UBERON_0001158,https://purl.humanatlas.io/graph/ctpop#datasets_HBM824.XGWZ.857,spatial,descending colon
http://purl.obolibrary.org/obo/UBERON_0000059,large intestine,http://purl.org/ccf/latest/ccf.owl#VHMColon,http://purl.obolibrary.org/obo/UBERON_0001159,https://purl.humanatlas.io/graph/ctpop#datasets_HBM465.ZNVW.226,spatial,sigmoid colon
http://purl.obolibrary.org/obo/UBERON_0000059,large intestine,http://purl.org/ccf/latest/ccf.owl#VHMColon,http://purl.obolibrary.org/obo/UBERON_0001052,https://purl.humanatlas.io/graph/ctpop#datasets_HBM465.ZNVW.226,spatial,rectum
http://purl.obolibrary.org/obo/UBERON_0000059,large intestine,http://purl.org/ccf/latest/ccf.owl#VHMColon,http://purl.obolibrary.org/obo/UBERON_0001156,https://purl.humanatlas.io/graph/ctpop#datasets_HBM288.BBKK.828,spatial,ascending colon
http://purl.obolibrary.org/obo/UBERON_0000059,large intestine,http://purl.org/ccf/latest/ccf.owl#VHMColon,http://purl.obolibrary.org/obo/UBERON_0001156,https://purl.humanatlas.io/graph/ctpop#datasets_HBM679.NNNK.283,spatial,ascending colon
http://purl.obolibrary.org/obo/UBERON_0000059,large intestine,http://purl.org/ccf/latest/ccf.owl#VHMColon,http://purl.obolibrary.org/obo/UBERON_0001158,https://purl.humanatlas.io/graph/ctpop#datasets_HBM295.SWJJ.888,spatial,descending colon
http://purl.obolibrary.org/obo/UBERON_0000059,large intestine,http://purl.org/ccf/latest/ccf.owl#VHMColon,http://purl.obolibrary.org/obo/UBERON_0001157,https://purl.humanatlas.io/graph/ctpop#datasets_HBM627.KDHD.293,spatial,transverse colon
http://purl.obolibrary.org/obo/UBERON_0000059,large intestine,http://purl.org/ccf/latest/ccf.owl#VHFLargeIntestine,http://purl.obolibrary.org/obo/UBERON_0001156,https://purl.humanatlas.io/graph/ctpop#datasets_HBM488.CNNZ.544,spatial,ascending colon
http://purl.obolibrary.org/obo/UBERON_0000059,large intestine,http://purl.org/ccf/latest/ccf.owl#VHFLargeIntestine,http://purl.obolibrary.org/obo/UBERON_0001158,https://purl.humanatlas.io/graph/ctpop#datasets_HBM823.RJNG.364,spatial,descending colon
http://purl.obolibrary.org/obo/UBERON_0000059,large intestine,http://purl.org/ccf/latest/ccf.owl#VHFLargeIntestine,http://purl.obolibrary.org/obo/UBERON_0001159,https://purl.humanatlas.io/graph/ctpop#datasets_HBM297.MZZX.824,spatial,sigmoid colon
http://purl.obolibrary.org/obo/UBERON_0000059,large intestine,http://purl.org/ccf/latest/ccf.owl#VHFLargeIntestine,http://purl.obolibrary.org/obo/UBERON_0001153,https://purl.humanatlas.io/graph/ctpop#datasets_HBM488.CNNZ.544,spatial,caecum
http://purl.obolibrary.org/obo/UBERON_0000948,heart,http://purl.org/ccf/latest/ccf.owl#VHFHeart,http://purl.obolibrary.org/obo/UBERON_0002078,https://purl.humanatlas.io/graph/ctpop#datasets_dd2f4658-d6e1-4d8a-a5f3-b9efed1bd1ca_H5_Heart_right_cardiac_atrium,bulk,right cardiac atrium
http://purl.obolibrary.org/obo/UBERON_0000948,heart,http://purl.org/ccf/latest/ccf.owl#VHFHeart,http://purl.obolibrary.org/obo/UBERON_0002078,https://purl.humanatlas.io/graph/ctpop#datasets_dd2f4658-d6e1-4d8a-a5f3-b9efed1bd1ca_D4_Heart_right_cardiac_atrium,bulk,right cardiac atrium
http://purl.obolibrary.org/obo/UBERON_0000948,heart,http://purl.org/ccf/latest/ccf.owl#VHFHeart,http://purl.obolibrary.org/obo/UBERON_0002078,https://purl.humanatlas.io/graph/ctpop#datasets_dd2f4658-d6e1-4d8a-a5f3-b9efed1bd1ca_D11_Heart_right_cardiac_atrium,bulk,right cardiac atrium
http://purl.obolibrary.org/obo/UBERON_0000948,heart,http://purl.org/ccf/latest/ccf.owl#VHFHeart,http://purl.obolibrary.org/obo/UBERON_0002078,https://purl.humanatlas.io/graph/ctpop#datasets_dd2f4658-d6e1-4d8a-a5f3-b9efed1bd1ca_D5_Heart_right_cardiac_atrium,bulk,right cardiac atrium
http://purl.obolibrary.org/obo/UBERON_0000948,heart,http://purl.org/ccf/latest/ccf.owl#VHFHeart,http://purl.obolibrary.org/obo/UBERON_0002078,https://purl.humanatlas.io/graph/ctpop#datasets_dd2f4658-d6e1-4d8a-a5f3-b9efed1bd1ca_H7_Heart_right_cardiac_atrium,bulk,right cardiac atrium
http://purl.obolibrary.org/obo/UBERON_0000948,heart,http://purl.org/ccf/latest/ccf.owl#VHFHeart,http://purl.obolibrary.org/obo/UBERON_0002078,https://purl.humanatlas.io/graph/ctpop#datasets_dd2f4658-d6e1-4d8a-a5f3-b9efed1bd1ca_H6_Heart_right_cardiac_atrium,bulk,right cardiac atrium
http://purl.obolibrary.org/obo/UBERON_0000948,heart,http://purl.org/ccf/latest/ccf.owl#VHMHeart,http://purl.obolibrary.org/obo/UBERON_0002078,https://purl.humanatlas.io/graph/ctpop#datasets_dd2f4658-d6e1-4d8a-a5f3-b9efed1bd1ca_D6_Heart_right_cardiac_atrium,bulk,right cardiac atrium
http://purl.obolibrary.org/obo/UBERON_0000948,heart,http://purl.org/ccf/latest/ccf.owl#VHMHeart,http://purl.obolibrary.org/obo/UBERON_0002078,https://purl.humanatlas.io/graph/ctpop#datasets_dd2f4658-d6e1-4d8a-a5f3-b9efed1bd1ca_H2_Heart_right_cardiac_atrium,bulk,right cardiac atrium
http://purl.obolibrary.org/obo/UBERON_0000948,heart,http://purl.org/ccf/latest/ccf.owl#VHMHeart,http://purl.obolibrary.org/obo/UBERON_0002078,https://purl.humanatlas.io/graph/ctpop#datasets_dd2f4658-d6e1-4d8a-a5f3-b9efed1bd1ca_D7_Heart_right_cardiac_atrium,bulk,right cardiac atrium
http://purl.obolibrary.org/obo/UBERON_0000948,heart,http://purl.org/ccf/latest/ccf.owl#VHMHeart,http://purl.obolibrary.org/obo/UBERON_0002078,https://purl.humanatlas.io/graph/ctpop#datasets_dd2f4658-d6e1-4d8a-a5f3-b9efed1bd1ca_H4_Heart_right_cardiac_atrium,bulk,right cardiac atrium
http://purl.obolibrary.org/obo/UBERON_0000948,heart,http://purl.org/ccf/latest/ccf.owl#VHMHeart,http://purl.obolibrary.org/obo/UBERON_0002078,https://purl.humanatlas.io/graph/ctpop#datasets_dd2f4658-d6e1-4d8a-a5f3-b9efed1bd1ca_D3_Heart_right_cardiac_atrium,bulk,right cardiac atrium
http://purl.obolibrary.org/obo/UBERON_0000948,heart,http://purl.org/ccf/latest/ccf.owl#VHMHeart,http://purl.obolibrary.org/obo/UBERON_0002078,https://purl.humanatlas.io/graph/ctpop#datasets_dd2f4658-d6e1-4d8a-a5f3-b9efed1bd1ca_H3_Heart_right_cardiac_atrium,bulk,right cardiac atrium
http://purl.obolibrary.org/obo/UBERON_0000948,heart,http://purl.org/ccf/latest/ccf.owl#VHMHeart,http://purl.obolibrary.org/obo/UBERON_0002078,https://purl.humanatlas.io/graph/ctpop#datasets_dd2f4658-d6e1-4d8a-a5f3-b9efed1bd1ca_D2_Heart_right_cardiac_atrium,bulk,right cardiac atrium
http://purl.obolibrary.org/obo/UBERON_0000948,heart,http://purl.org/ccf/latest/ccf.owl#VHMHeart,http://purl.obolibrary.org/obo/UBERON_0002078,https://purl.humanatlas.io/graph/ctpop#datasets_GTEX-15RIE-5015,bulk,right cardiac atrium
http://purl.obolibrary.org/obo/UBERON_0001004,respiratory system,http://purl.org/ccf/latest/ccf.owl#VHFLung,http://purl.org/sig/ont/fma/fma7385,https://purl.humanatlas.io/graph/ctpop#datasets_GTEX-13N11-5030,bulk,Left apical bronchopulmonary segment
http://purl.obolibrary.org/obo/UBERON_0001004,respiratory system,http://purl.org/ccf/latest/ccf.owl#VHFLung,http://purl.org/sig/ont/fma/fma7386,https://purl.humanatlas.io/graph/ctpop#datasets_GTEX-13N11-5030,bulk,Left posterior bronchopulmonary segment
http://purl.obolibrary.org/obo/UBERON_0002097,skin of body,http://purl.org/ccf/latest/ccf.owl#VHFSkinV1.1,http://purl.obolibrary.org/obo/UBERON_0002097,https://purl.humanatlas.io/graph/ctpop#datasets_GTEX-15EOM-5003,bulk,skin of body
http://purl.obolibrary.org/obo/UBERON_0002108,small intestine,http://purl.org/ccf/latest/ccf.owl#VHFSmallIntestine,http://purl.org/sig/ont/fma/fma14966,https://purl.humanatlas.io/graph/ctpop#datasets_HBM238.GTNW.259,spatial,distal part of ileum
http://purl.obolibrary.org/obo/UBERON_0002108,small intestine,http://purl.org/ccf/latest/ccf.owl#VHFSmallIntestine,http://purl.org/sig/ont/fma/fma14929,https://purl.humanatlas.io/graph/ctpop#datasets_HBM285.VFDT.966,spatial,horizontal part of duodenum
http://purl.obolibrary.org/obo/UBERON_0002108,small intestine,http://purl.org/ccf/latest/ccf.owl#VHFSmallIntestine,http://purl.org/sig/ont/fma/fma14928,https://purl.humanatlas.io/graph/ctpop#datasets_HBM772.TKCN.287,spatial,descending part of duodenum
http://purl.obolibrary.org/obo/UBERON_0002108,small intestine,http://purl.org/ccf/latest/ccf.owl#VHFSmallIntestine,http://purl.obolibrary.org/obo/UBERON_0002116,https://purl.humanatlas.io/graph/ctpop#datasets_HBM238.GTNW.259,spatial,ileum
http://purl.obolibrary.org/obo/UBERON_0002108,small intestine,http://purl.org/ccf/latest/ccf.owl#VHFSmallIntestine,http://purl.org/sig/ont/fma/fma14930,https://purl.humanatlas.io/graph/ctpop#datasets_HBM285.VFDT.966,spatial,ascending part of duodenum
http://purl.obolibrary.org/obo/UBERON_0002108,small intestine,http://purl.org/ccf/latest/ccf.owl#VHFSmallIntestine,http://purl.org/sig/ont/fma/fma14926,https://purl.humanatlas.io/graph/ctpop#datasets_HBM772.TKCN.287,spatial,superior part of duodenum
http://purl.obolibrary.org/obo/UBERON_0002108,small intestine,http://purl.org/ccf/latest/ccf.owl#VHMSmallIntestine,http://purl.org/sig/ont/fma/fma14929,https://purl.humanatlas.io/graph/ctpop#datasets_HBM363.CKHC.928,spatial,horizontal part of duodenum
http://purl.obolibrary.org/obo/UBERON_0002108,small intestine,http://purl.org/ccf/latest/ccf.owl#VHMSmallIntestine,http://purl.org/sig/ont/fma/fma14930,https://purl.humanatlas.io/graph/ctpop#datasets_HBM363.CKHC.928,spatial,ascending part of duodenum
http://purl.obolibrary.org/obo/UBERON_0002108,small intestine,http://purl.org/ccf/latest/ccf.owl#VHMSmallIntestine,http://purl.obolibrary.org/obo/UBERON_0002115,https://purl.humanatlas.io/graph/ctpop#datasets_HBM676.QVGZ.455,spatial,jejunum
http://purl.obolibrary.org/obo/UBERON_0002108,small intestine,http://purl.org/ccf/latest/ccf.owl#VHMSmallIntestine,http://purl.org/sig/ont/fma/fma14928,https://purl.humanatlas.io/graph/ctpop#datasets_HBM473.QGDG.848,spatial,descending part of duodenum
http://purl.obolibrary.org/obo/UBERON_0002108,small intestine,http://purl.org/ccf/latest/ccf.owl#VHMSmallIntestine,http://purl.org/sig/ont/fma/fma14966,https://purl.humanatlas.io/graph/ctpop#datasets_HBM565.LSMX.645,spatial,distal part of ileum
http://purl.obolibrary.org/obo/UBERON_0002108,small intestine,http://purl.org/ccf/latest/ccf.owl#VHMSmallIntestine,http://purl.obolibrary.org/obo/UBERON_0002115,https://purl.humanatlas.io/graph/ctpop#datasets_HBM827.SJBP.777,spatial,jejunum
http://purl.obolibrary.org/obo/UBERON_0002108,small intestine,http://purl.org/ccf/latest/ccf.owl#VHMSmallIntestine,http://purl.org/sig/ont/fma/fma14966,https://purl.humanatlas.io/graph/ctpop#datasets_HBM535.QNTP.246,spatial,distal part of ileum
http://purl.obolibrary.org/obo/UBERON_0000079,male reproductive system,http://purl.org/ccf/latest/ccf.owl#VHMProstate,http://purl.obolibrary.org/obo/UBERON_8410026,https://purl.humanatlas.io/graph/ctpop#datasets_GTEX-1I1GU-5006,bulk,peripheral zone of prostate
http://purl.obolibrary.org/obo/UBERON_0000079,male reproductive system,http://purl.org/ccf/latest/ccf.owl#VHMProstate,http://purl.obolibrary.org/obo/UBERON_8410026,https://purl.humanatlas.io/graph/ctpop#datasets_GTEX-1HSMQ-5014,bulk,peripheral zone of prostate
http://purl.obolibrary.org/obo/UBERON_0000079,male reproductive system,http://purl.org/ccf/latest/ccf.owl#VHMProstate,http://purl.obolibrary.org/obo/UBERON_8410026,https://purl.humanatlas.io/graph/ctpop#datasets_GTEX-15CHR-5014,bulk,peripheral zone of prostate
http://purl.obolibrary.org/obo/UBERON_0000079,male reproductive system,http://purl.org/ccf/latest/ccf.owl#VHMProstate,http://purl.obolibrary.org/obo/UBERON_8410026,https://purl.humanatlas.io/graph/ctpop#datasets_GTEX-12BJ1-5007,bulk,peripheral zone of prostate
http://purl.obolibrary.org/obo/UBERON_0000079,male reproductive system,http://purl.org/ccf/latest/ccf.owl#VHMProstate,http://purl.obolibrary.org/obo/UBERON_8410027,https://purl.humanatlas.io/graph/ctpop#datasets_GTEX-1I1GU-5006,bulk,central zone of prostate
http://purl.obolibrary.org/obo/UBERON_0000079,male reproductive system,http://purl.org/ccf/latest/ccf.owl#VHMProstate,http://purl.obolibrary.org/obo/UBERON_8410027,https://purl.humanatlas.io/graph/ctpop#datasets_GTEX-1HSMQ-5014,bulk,central zone of prostate
http://purl.obolibrary.org/obo/UBERON_0000079,male reproductive system,http://purl.org/ccf/latest/ccf.owl#VHMProstate,http://purl.obolibrary.org/obo/UBERON_8410027,https://purl.humanatlas.io/graph/ctpop#datasets_GTEX-15CHR-5014,bulk,central zone of prostate
http://purl.obolibrary.org/obo/UBERON_0000079,male reproductive system,http://purl.org/ccf/latest/ccf.owl#VHMProstate,http://purl.obolibrary.org/obo/UBERON_8410027,https://purl.humanatlas.io/graph/ctpop#datasets_GTEX-12BJ1-5007,bulk,central zone of prostate
http://purl.obolibrary.org/obo/UBERON_0000079,male reproductive system,http://purl.org/ccf/latest/ccf.owl#VHMProstate,http://purl.obolibrary.org/obo/UBERON_8410026,https://purl.humanatlas.io/graph/ctpop#datasets_GTEX-1I1GU-5006,bulk,peripheral zone of prostate
http://purl.obolibrary.org/obo/UBERON_0000079,male reproductive system,http://purl.org/ccf/latest/ccf.owl#VHMProstate,http://purl.obolibrary.org/obo/UBERON_8410026,https://purl.humanatlas.io/graph/ctpop#datasets_GTEX-1HSMQ-5014,bulk,peripheral zone of prostate
http://purl.obolibrary.org/obo/UBERON_0000079,male reproductive system,http://purl.org/ccf/latest/ccf.owl#VHMProstate,http://purl.obolibrary.org/obo/UBERON_8410026,https://purl.humanatlas.io/graph/ctpop#datasets_GTEX-15CHR-5014,bulk,peripheral zone of prostate
http://purl.obolibrary.org/obo/UBERON_0000079,male reproductive system,http://purl.org/ccf/latest/ccf.owl#VHMProstate,http://purl.obolibrary.org/obo/UBERON_8410026,https://purl.humanatlas.io/graph/ctpop#datasets_GTEX-12BJ1-5007,bulk,peripheral zone of prostate
http://purl.obolibrary.org/obo/UBERON_0000079,male reproductive system,http://purl.org/ccf/latest/ccf.owl#VHMProstate,http://purl.obolibrary.org/obo/UBERON_8410027,https://purl.humanatlas.io/graph/ctpop#datasets_GTEX-1I1GU-5006,bulk,central zone of prostate
http://purl.obolibrary.org/obo/UBERON_0000079,male reproductive system,http://purl.org/ccf/latest/ccf.owl#VHMProstate,http://purl.obolibrary.org/obo/UBERON_8410027,https://purl.humanatlas.io/graph/ctpop#datasets_GTEX-1HSMQ-5014,bulk,central zone of prostate
http://purl.obolibrary.org/obo/UBERON_0000079,male reproductive system,http://purl.org/ccf/latest/ccf.owl#VHMProstate,http://purl.obolibrary.org/obo/UBERON_8410027,https://purl.humanatlas.io/graph/ctpop#datasets_GTEX-15CHR-5014,bulk,central zone of prostate
http://purl.obolibrary.org/obo/UBERON_0000079,male reproductive system,http://purl.org/ccf/latest/ccf.owl#VHMProstate,http://purl.obolibrary.org/obo/UBERON_8410027,https://purl.humanatlas.io/graph/ctpop#datasets_GTEX-12BJ1-5007,bulk,central zone of prostate
http://purl.obolibrary.org/obo/UBERON_0000059,large intestine,http://purl.org/ccf/latest/ccf.owl#VHFColon,http://purl.obolibrary.org/obo/UBERON_0001159,https://purl.humanatlas.io/graph/ctpop#datasets_HBM439.WJDV.974,spatial,sigmoid colon
http://purl.obolibrary.org/obo/UBERON_0000059,large intestine,http://purl.org/ccf/latest/ccf.owl#VHMColon,http://purl.obolibrary.org/obo/UBERON_0001158,https://purl.humanatlas.io/graph/ctpop#datasets_HBM429.LLRT.546,spatial,descending colon
http://purl.obolibrary.org/obo/UBERON_0000059,large intestine,http://purl.org/ccf/latest/ccf.owl#VHMColon,http://purl.obolibrary.org/obo/UBERON_0001157,https://purl.humanatlas.io/graph/ctpop#datasets_HBM334.QWFV.953,spatial,transverse colon
http://purl.obolibrary.org/obo/UBERON_0000059,large intestine,http://purl.org/ccf/latest/ccf.owl#VHMColon,http://purl.obolibrary.org/obo/UBERON_0001158,https://purl.humanatlas.io/graph/ctpop#datasets_HBM462.JKCN.863,spatial,descending colon
http://purl.obolibrary.org/obo/UBERON_0000059,large intestine,http://purl.org/ccf/latest/ccf.owl#VHFLargeIntestine,http://purl.obolibrary.org/obo/UBERON_0001157,https://purl.humanatlas.io/graph/ctpop#datasets_HBM438.JXJW.249,spatial,transverse colon
http://purl.obolibrary.org/obo/UBERON_0000948,heart,http://purl.org/ccf/latest/ccf.owl#VHFHeart,http://purl.obolibrary.org/obo/UBERON_0002080,https://purl.humanatlas.io/graph/ctpop#datasets_dd2f4658-d6e1-4d8a-a5f3-b9efed1bd1ca_H5_Heart_heart_right_ventricle,bulk,heart right ventricle
http://purl.obolibrary.org/obo/UBERON_0000948,heart,http://purl.org/ccf/latest/ccf.owl#VHFHeart,http://purl.obolibrary.org/obo/UBERON_0002080,https://purl.humanatlas.io/graph/ctpop#datasets_dd2f4658-d6e1-4d8a-a5f3-b9efed1bd1ca_D1_Heart_heart_right_ventricle,bulk,heart right ventricle
http://purl.obolibrary.org/obo/UBERON_0000948,heart,http://purl.org/ccf/latest/ccf.owl#VHFHeart,http://purl.obolibrary.org/obo/UBERON_0002080,https://purl.humanatlas.io/graph/ctpop#datasets_dd2f4658-d6e1-4d8a-a5f3-b9efed1bd1ca_H7_Heart_heart_right_ventricle,bulk,heart right ventricle
http://purl.obolibrary.org/obo/UBERON_0000948,heart,http://purl.org/ccf/latest/ccf.owl#VHFHeart,http://purl.obolibrary.org/obo/UBERON_0002080,https://purl.humanatlas.io/graph/ctpop#datasets_dd2f4658-d6e1-4d8a-a5f3-b9efed1bd1ca_D5_Heart_heart_right_ventricle,bulk,heart right ventricle
http://purl.obolibrary.org/obo/UBERON_0000948,heart,http://purl.org/ccf/latest/ccf.owl#VHFHeart,http://purl.obolibrary.org/obo/UBERON_0002080,https://purl.humanatlas.io/graph/ctpop#datasets_dd2f4658-d6e1-4d8a-a5f3-b9efed1bd1ca_H6_Heart_heart_right_ventricle,bulk,heart right ventricle
http://purl.obolibrary.org/obo/UBERON_0000948,heart,http://purl.org/ccf/latest/ccf.owl#VHFHeart,http://purl.obolibrary.org/obo/UBERON_0002080,https://purl.humanatlas.io/graph/ctpop#datasets_dd2f4658-d6e1-4d8a-a5f3-b9efed1bd1ca_D4_Heart_heart_right_ventricle,bulk,heart right ventricle
http://purl.obolibrary.org/obo/UBERON_0000948,heart,http://purl.org/ccf/latest/ccf.owl#VHFHeart,http://purl.obolibrary.org/obo/UBERON_0002080,https://purl.humanatlas.io/graph/ctpop#datasets_dd2f4658-d6e1-4d8a-a5f3-b9efed1bd1ca_D11_Heart_heart_right_ventricle,bulk,heart right ventricle
http://purl.obolibrary.org/obo/UBERON_0000948,heart,http://purl.org/ccf/latest/ccf.owl#VHFHeart,http://purl.obolibrary.org/obo/UBERON_0002084,https://purl.humanatlas.io/graph/ctpop#datasets_dd2f4658-d6e1-4d8a-a5f3-b9efed1bd1ca_D1_Heart_heart_left_ventricle,bulk,heart left ventricle
http://purl.obolibrary.org/obo/UBERON_0000948,heart,http://purl.org/ccf/latest/ccf.owl#VHFHeart,http://purl.obolibrary.org/obo/UBERON_0002084,https://purl.humanatlas.io/graph/ctpop#datasets_dd2f4658-d6e1-4d8a-a5f3-b9efed1bd1ca_D11_Heart_heart_left_ventricle,bulk,heart left ventricle
http://purl.obolibrary.org/obo/UBERON_0000948,heart,http://purl.org/ccf/latest/ccf.owl#VHFHeart,http://purl.obolibrary.org/obo/UBERON_0002084,https://purl.humanatlas.io/graph/ctpop#datasets_dd2f4658-d6e1-4d8a-a5f3-b9efed1bd1ca_H6_Heart_heart_left_ventricle,bulk,heart left ventricle
http://purl.obolibrary.org/obo/UBERON_0000948,heart,http://purl.org/ccf/latest/ccf.owl#VHFHeart,http://purl.obolibrary.org/obo/UBERON_0002084,https://purl.humanatlas.io/graph/ctpop#datasets_dd2f4658-d6e1-4d8a-a5f3-b9efed1bd1ca_H7_Heart_heart_left_ventricle,bulk,heart left ventricle
http://purl.obolibrary.org/obo/UBERON_0000948,heart,http://purl.org/ccf/latest/ccf.owl#VHFHeart,http://purl.obolibrary.org/obo/UBERON_0002084,https://purl.humanatlas.io/graph/ctpop#datasets_dd2f4658-d6e1-4d8a-a5f3-b9efed1bd1ca_D5_Heart_heart_left_ventricle,bulk,heart left ventricle
http://purl.obolibrary.org/obo/UBERON_0000948,heart,http://purl.org/ccf/latest/ccf.owl#VHFHeart,http://purl.obolibrary.org/obo/UBERON_0002084,https://purl.humanatlas.io/graph/ctpop#datasets_dd2f4658-d6e1-4d8a-a5f3-b9efed1bd1ca_H5_Heart_heart_left_ventricle,bulk,heart left ventricle
http://purl.obolibrary.org/obo/UBERON_0000948,heart,http://purl.org/ccf/latest/ccf.owl#VHFHeart,http://purl.obolibrary.org/obo/UBERON_0002084,https://purl.humanatlas.io/graph/ctpop#datasets_dd2f4658-d6e1-4d8a-a5f3-b9efed1bd1ca_D4_Heart_heart_left_ventricle,bulk,heart left ventricle
http://purl.obolibrary.org/obo/UBERON_0001004,respiratory system,http://purl.org/ccf/latest/ccf.owl#VHFLungV1.1,http://purl.org/sig/ont/fma/fma7361,https://purl.humanatlas.io/graph/ctpop#datasets_b7ec6c2d-32e2-48b0-8335-a827aba01caa_D139_Lung,bulk,Right Lateral Bronchopulmonary Segment
http://purl.obolibrary.org/obo/UBERON_0001004,respiratory system,http://purl.org/ccf/latest/ccf.owl#VHFLungV1.1,http://purl.org/sig/ont/fma/fma7361,https://purl.humanatlas.io/graph/ctpop#datasets_b7ec6c2d-32e2-48b0-8335-a827aba01caa_D231_Lung,bulk,Right Lateral Bronchopulmonary Segment
http://purl.obolibrary.org/obo/UBERON_0001004,respiratory system,http://purl.org/ccf/latest/ccf.owl#VHFLungV1.1,http://purl.org/sig/ont/fma/fma7361,https://purl.humanatlas.io/graph/ctpop#datasets_b7ec6c2d-32e2-48b0-8335-a827aba01caa_D088_Lung,bulk,Right Lateral Bronchopulmonary Segment
http://purl.obolibrary.org/obo/UBERON_0001004,respiratory system,http://purl.org/ccf/latest/ccf.owl#VHFLungV1.1,http://purl.org/sig/ont/fma/fma7361,https://purl.humanatlas.io/graph/ctpop#datasets_b7ec6c2d-32e2-48b0-8335-a827aba01caa_D175_Lung,bulk,Right Lateral Bronchopulmonary Segment
http://purl.obolibrary.org/obo/UBERON_0001004,respiratory system,http://purl.org/ccf/latest/ccf.owl#VHFLungV1.1,http://purl.org/sig/ont/fma/fma7360,https://purl.humanatlas.io/graph/ctpop#datasets_b7ec6c2d-32e2-48b0-8335-a827aba01caa_D139_Lung,bulk,Right Medial Bronchopulmonary Segment
http://purl.obolibrary.org/obo/UBERON_0001004,respiratory system,http://purl.org/ccf/latest/ccf.owl#VHFLungV1.1,http://purl.org/sig/ont/fma/fma7360,https://purl.humanatlas.io/graph/ctpop#datasets_b7ec6c2d-32e2-48b0-8335-a827aba01caa_D231_Lung,bulk,Right Medial Bronchopulmonary Segment
http://purl.obolibrary.org/obo/UBERON_0001004,respiratory system,http://purl.org/ccf/latest/ccf.owl#VHFLungV1.1,http://purl.org/sig/ont/fma/fma7360,https://purl.humanatlas.io/graph/ctpop#datasets_b7ec6c2d-32e2-48b0-8335-a827aba01caa_D088_Lung,bulk,Right Medial Bronchopulmonary Segment
http://purl.obolibrary.org/obo/UBERON_0001004,respiratory system,http://purl.org/ccf/latest/ccf.owl#VHFLungV1.1,http://purl.org/sig/ont/fma/fma7360,https://purl.humanatlas.io/graph/ctpop#datasets_b7ec6c2d-32e2-48b0-8335-a827aba01caa_D175_Lung,bulk,Right Medial Bronchopulmonary Segment
http://purl.obolibrary.org/obo/UBERON_0001004,respiratory system,http://purl.org/ccf/latest/ccf.owl#VHFLungV1.1,http://purl.org/sig/ont/fma/fma7402,https://purl.humanatlas.io/graph/ctpop#datasets_b7ec6c2d-32e2-48b0-8335-a827aba01caa_D139_Lung,bulk,Lateral segmental bronchus
http://purl.obolibrary.org/obo/UBERON_0001004,respiratory system,http://purl.org/ccf/latest/ccf.owl#VHFLungV1.1,http://purl.org/sig/ont/fma/fma7402,https://purl.humanatlas.io/graph/ctpop#datasets_b7ec6c2d-32e2-48b0-8335-a827aba01caa_D231_Lung,bulk,Lateral segmental bronchus
http://purl.obolibrary.org/obo/UBERON_0001004,respiratory system,http://purl.org/ccf/latest/ccf.owl#VHFLungV1.1,http://purl.org/sig/ont/fma/fma7402,https://purl.humanatlas.io/graph/ctpop#datasets_b7ec6c2d-32e2-48b0-8335-a827aba01caa_D088_Lung,bulk,Lateral segmental bronchus
http://purl.obolibrary.org/obo/UBERON_0001004,respiratory system,http://purl.org/ccf/latest/ccf.owl#VHFLungV1.1,http://purl.org/sig/ont/fma/fma7402,https://purl.humanatlas.io/graph/ctpop#datasets_b7ec6c2d-32e2-48b0-8335-a827aba01caa_D175_Lung,bulk,Lateral segmental bronchus
http://purl.obolibrary.org/obo/UBERON_0001223,left ureter,http://purl.org/ccf/latest/ccf.owl#VHMLeftUreter,http://purl.obolibrary.org/obo/UBERON_0001223,https://purl.humanatlas.io/graph/ctpop#datasets_HBM729.RCXL.887,bulk,left ureter
http://purl.obolibrary.org/obo/UBERON_0001223,left ureter,http://purl.org/ccf/latest/ccf.owl#VHMLeftUreter,http://purl.obolibrary.org/obo/UBERON_0001223,https://purl.humanatlas.io/graph/ctpop#datasets_HBM742.PSCP.565,bulk,left ureter
http://purl.obolibrary.org/obo/UBERON_0001223,left ureter,http://purl.org/ccf/latest/ccf.owl#VHMLeftUreter,http://purl.obolibrary.org/obo/UBERON_0001223,https://purl.humanatlas.io/graph/ctpop#datasets_HBM697.GKCG.783,bulk,left ureter
http://purl.obolibrary.org/obo/UBERON_0002097,skin of body,http://purl.org/ccf/latest/ccf.owl#VHMSkin,http://purl.obolibrary.org/obo/UBERON_0002097,https://purl.humanatlas.io/graph/ctpop#datasets_HBM746.VTDZ.959,spatial,skin of body
http://purl.obolibrary.org/obo/UBERON_0002108,small intestine,http://purl.org/ccf/latest/ccf.owl#VHFSmallIntestine,http://purl.obolibrary.org/obo/UBERON_0002116,https://purl.humanatlas.io/graph/ctpop#datasets_HBM666.RBCG.529,spatial,ileum
http://purl.obolibrary.org/obo/UBERON_0002108,small intestine,http://purl.org/ccf/latest/ccf.owl#VHFSmallIntestine,http://purl.org/sig/ont/fma/fma14966,https://purl.humanatlas.io/graph/ctpop#datasets_HBM666.RBCG.529,spatial,distal part of ileum
http://purl.obolibrary.org/obo/UBERON_0002108,small intestine,http://purl.org/ccf/latest/ccf.owl#VHFSmallIntestine,http://purl.org/sig/ont/fma/fma14928,https://purl.humanatlas.io/graph/ctpop#datasets_HBM845.VMSZ.536,spatial,descending part of duodenum
http://purl.obolibrary.org/obo/UBERON_0002108,small intestine,http://purl.org/ccf/latest/ccf.owl#VHFSmallIntestine,http://purl.org/sig/ont/fma/fma14926,https://purl.humanatlas.io/graph/ctpop#datasets_HBM845.VMSZ.536,spatial,superior part of duodenum
http://purl.obolibrary.org/obo/UBERON_0002108,small intestine,http://purl.org/ccf/latest/ccf.owl#VHMSmallIntestine,http://purl.org/sig/ont/fma/fma14928,https://purl.humanatlas.io/graph/ctpop#datasets_HBM945.FSHR.864,spatial,descending part of duodenum
http://purl.obolibrary.org/obo/UBERON_0002108,small intestine,http://purl.org/ccf/latest/ccf.owl#VHMSmallIntestine,http://purl.org/sig/ont/fma/fma14928,https://purl.humanatlas.io/graph/ctpop#datasets_HBM443.LGZK.435,spatial,descending part of duodenum
http://purl.obolibrary.org/obo/UBERON_0002108,small intestine,http://purl.org/ccf/latest/ccf.owl#VHMSmallIntestine,http://purl.org/sig/ont/fma/fma14930,https://purl.humanatlas.io/graph/ctpop#datasets_HBM687.SJLD.889,spatial,ascending part of duodenum
http://purl.obolibrary.org/obo/UBERON_0002108,small intestine,http://purl.org/ccf/latest/ccf.owl#VHMSmallIntestine,http://purl.org/sig/ont/fma/fma14966,https://purl.humanatlas.io/graph/ctpop#datasets_HBM893.MCGS.487,spatial,distal part of ileum
http://purl.obolibrary.org/obo/UBERON_0002108,small intestine,http://purl.org/ccf/latest/ccf.owl#VHMSmallIntestine,http://purl.org/sig/ont/fma/fma14929,https://purl.humanatlas.io/graph/ctpop#datasets_HBM687.SJLD.889,spatial,horizontal part of duodenum
http://purl.obolibrary.org/obo/UBERON_0002108,small intestine,http://purl.org/ccf/latest/ccf.owl#VHMSmallIntestine,http://purl.obolibrary.org/obo/UBERON_0002115,https://purl.humanatlas.io/graph/ctpop#datasets_HBM934.KLGL.584,spatial,jejunum
http://purl.obolibrary.org/obo/UBERON_0004538,left kidney,http://purl.org/ccf/latest/ccf.owl#VHFLeftKidney,http://purl.obolibrary.org/obo/UBERON_0004200,https://purl.humanatlas.io/graph/ctpop#datasets_HBM297.XVDG.492,bulk,renal pyramid
http://purl.obolibrary.org/obo/UBERON_0004538,left kidney,http://purl.org/ccf/latest/ccf.owl#VHFLeftKidney,http://purl.obolibrary.org/obo/UBERON_0004200,https://purl.humanatlas.io/graph/ctpop#datasets_HBM224.GLDC.549,bulk,renal pyramid
http://purl.obolibrary.org/obo/UBERON_0004538,left kidney,http://purl.org/ccf/latest/ccf.owl#VHFLeftKidney,http://purl.obolibrary.org/obo/UBERON_0004200,https://purl.humanatlas.io/graph/ctpop#datasets_HBM375.ZKZZ.765,bulk,renal pyramid
http://purl.obolibrary.org/obo/UBERON_0004538,left kidney,http://purl.org/ccf/latest/ccf.owl#VHFLeftKidney,http://purl.obolibrary.org/obo/UBERON_0004200,https://purl.humanatlas.io/graph/ctpop#datasets_HBM692.FLDL.779,bulk,renal pyramid
http://purl.obolibrary.org/obo/UBERON_0004538,left kidney,http://purl.org/ccf/latest/ccf.owl#VHMLeftKidney,http://purl.obolibrary.org/obo/UBERON_0004200,https://purl.humanatlas.io/graph/ctpop#datasets_HBM494.MQQL.234,bulk,renal pyramid
http://purl.obolibrary.org/obo/UBERON_0004538,left kidney,http://purl.org/ccf/latest/ccf.owl#VHMLeftKidney,http://purl.obolibrary.org/obo/UBERON_0001228,https://purl.humanatlas.io/graph/ctpop#datasets_HBM494.MQQL.234,bulk,renal papilla
http://purl.obolibrary.org/obo/UBERON_0004538,left kidney,http://purl.org/ccf/latest/ccf.owl#VHFLeftKidneyV1.1,http://purl.obolibrary.org/obo/UBERON_0004200,https://purl.humanatlas.io/graph/ctpop#datasets_HBM272.FWMV.423,bulk,renal pyramid
http://purl.obolibrary.org/obo/UBERON_0004538,left kidney,http://purl.org/ccf/latest/ccf.owl#VHFLeftKidneyV1.1,http://purl.obolibrary.org/obo/UBERON_0004200,https://purl.humanatlas.io/graph/ctpop#datasets_HBM786.HSRC.868,bulk,renal pyramid
http://purl.obolibrary.org/obo/UBERON_0004538,left kidney,http://purl.org/ccf/latest/ccf.owl#VHFLeftKidneyV1.1,http://purl.obolibrary.org/obo/UBERON_0001284,https://purl.humanatlas.io/graph/ctpop#datasets_HBM826.VZFT.824,bulk,renal column
http://purl.obolibrary.org/obo/UBERON_0004538,left kidney,http://purl.org/ccf/latest/ccf.owl#VHFLeftKidneyV1.1,http://purl.obolibrary.org/obo/UBERON_0001284,https://purl.humanatlas.io/graph/ctpop#datasets_HBM384.DLRM.527,bulk,renal column
http://purl.obolibrary.org/obo/UBERON_0004538,left kidney,http://purl.org/ccf/latest/ccf.owl#VHFLeftKidneyV1.1,http://purl.obolibrary.org/obo/UBERON_0002189,https://purl.humanatlas.io/graph/ctpop#datasets_HBM826.VZFT.824,bulk,outer cortex of kidney
http://purl.obolibrary.org/obo/UBERON_0004538,left kidney,http://purl.org/ccf/latest/ccf.owl#VHFLeftKidneyV1.1,http://purl.obolibrary.org/obo/UBERON_0002189,https://purl.humanatlas.io/graph/ctpop#datasets_HBM384.DLRM.527,bulk,outer cortex of kidney
http://purl.obolibrary.org/obo/UBERON_0004539,right kidney,http://purl.org/ccf/latest/ccf.owl#VHFRightKidney,http://purl.obolibrary.org/obo/UBERON_0002189,https://purl.humanatlas.io/graph/ctpop#datasets_HBM243.TTRM.823,bulk,outer cortex of kidney
http://purl.obolibrary.org/obo/UBERON_0004539,right kidney,http://purl.org/ccf/latest/ccf.owl#VHFRightKidney,http://purl.obolibrary.org/obo/UBERON_0002189,https://purl.humanatlas.io/graph/ctpop#datasets_HBM764.ZCQR.585,bulk,outer cortex of kidney
http://purl.obolibrary.org/obo/UBERON_0004539,right kidney,http://purl.org/ccf/latest/ccf.owl#VHFRightKidney,http://purl.obolibrary.org/obo/UBERON_0004200,https://purl.humanatlas.io/graph/ctpop#datasets_HBM243.TTRM.823,bulk,renal pyramid
http://purl.obolibrary.org/obo/UBERON_0004539,right kidney,http://purl.org/ccf/latest/ccf.owl#VHFRightKidney,http://purl.obolibrary.org/obo/UBERON_0004200,https://purl.humanatlas.io/graph/ctpop#datasets_HBM764.ZCQR.585,bulk,renal pyramid
http://purl.obolibrary.org/obo/UBERON_0004539,right kidney,http://purl.org/ccf/latest/ccf.owl#VHFRightKidney,http://purl.obolibrary.org/obo/UBERON_0004200,https://purl.humanatlas.io/graph/ctpop#datasets_HBM839.TQNM.958,bulk,renal pyramid
http://purl.obolibrary.org/obo/UBERON_0004539,right kidney,http://purl.org/ccf/latest/ccf.owl#VHFRightKidney,http://purl.obolibrary.org/obo/UBERON_0004200,https://purl.humanatlas.io/graph/ctpop#datasets_HBM932.TBDW.952,bulk,renal pyramid
http://purl.obolibrary.org/obo/UBERON_0004539,right kidney,http://purl.org/ccf/latest/ccf.owl#VHMRightKidney,http://purl.obolibrary.org/obo/UBERON_0001228,https://purl.humanatlas.io/graph/ctpop#datasets_HBM574.NFCS.842,bulk,renal papilla
http://purl.obolibrary.org/obo/UBERON_0004539,right kidney,http://purl.org/ccf/latest/ccf.owl#VHMRightKidney,http://purl.obolibrary.org/obo/UBERON_0001228,https://purl.humanatlas.io/graph/ctpop#datasets_HBM752.ZRBH.538,bulk,renal papilla
http://purl.obolibrary.org/obo/UBERON_0004539,right kidney,http://purl.org/ccf/latest/ccf.owl#VHMRightKidney,http://purl.obolibrary.org/obo/UBERON_0004200,https://purl.humanatlas.io/graph/ctpop#datasets_HBM574.NFCS.842,bulk,renal pyramid
http://purl.obolibrary.org/obo/UBERON_0004539,right kidney,http://purl.org/ccf/latest/ccf.owl#VHMRightKidney,http://purl.obolibrary.org/obo/UBERON_0004200,https://purl.humanatlas.io/graph/ctpop#datasets_HBM752.ZRBH.538,bulk,renal pyramid
http://purl.obolibrary.org/obo/UBERON_0000059,large intestine,http://purl.org/ccf/latest/ccf.owl#VHFColon,http://purl.obolibrary.org/obo/UBERON_0001158,https://purl.humanatlas.io/graph/ctpop#datasets_HBM353.NZVQ.793,spatial,descending colon
http://purl.obolibrary.org/obo/UBERON_0000059,large intestine,http://purl.org/ccf/latest/ccf.owl#VHMColon,http://purl.obolibrary.org/obo/UBERON_0001158,https://purl.humanatlas.io/graph/ctpop#datasets_HBM424.STVV.842,spatial,descending colon
http://purl.obolibrary.org/obo/UBERON_0000059,large intestine,http://purl.org/ccf/latest/ccf.owl#VHMColon,http://purl.obolibrary.org/obo/UBERON_0001158,https://purl.humanatlas.io/graph/ctpop#datasets_HBM964.FPNH.767,spatial,descending colon
http://purl.obolibrary.org/obo/UBERON_0000059,large intestine,http://purl.org/ccf/latest/ccf.owl#VHMColon,http://purl.obolibrary.org/obo/UBERON_0001156,https://purl.humanatlas.io/graph/ctpop#datasets_HBM729.XTBN.693,spatial,ascending colon
http://purl.obolibrary.org/obo/UBERON_0000059,large intestine,http://purl.org/ccf/latest/ccf.owl#VHMColon,http://purl.obolibrary.org/obo/UBERON_0001159,https://purl.humanatlas.io/graph/ctpop#datasets_HBM739.HCWP.359,spatial,sigmoid colon
http://purl.obolibrary.org/obo/UBERON_0000059,large intestine,http://purl.org/ccf/latest/ccf.owl#VHMColon,http://purl.obolibrary.org/obo/UBERON_0001156,https://purl.humanatlas.io/graph/ctpop#datasets_HBM938.KMNW.825,spatial,ascending colon
http://purl.obolibrary.org/obo/UBERON_0000059,large intestine,http://purl.org/ccf/latest/ccf.owl#VHMColon,http://purl.obolibrary.org/obo/UBERON_0001052,https://purl.humanatlas.io/graph/ctpop#datasets_HBM739.HCWP.359,spatial,rectum
http://purl.obolibrary.org/obo/UBERON_0000059,large intestine,http://purl.org/ccf/latest/ccf.owl#VHFLargeIntestine,http://purl.obolibrary.org/obo/UBERON_0001153,https://purl.humanatlas.io/graph/ctpop#datasets_HBM683.NRPR.962,spatial,caecum
http://purl.obolibrary.org/obo/UBERON_0000059,large intestine,http://purl.org/ccf/latest/ccf.owl#VHFLargeIntestine,http://purl.obolibrary.org/obo/UBERON_0001156,https://purl.humanatlas.io/graph/ctpop#datasets_HBM683.NRPR.962,spatial,ascending colon
http://purl.obolibrary.org/obo/UBERON_0001004,respiratory system,http://purl.org/ccf/latest/ccf.owl#VHMLung,http://purl.org/sig/ont/fma/fma7361,https://purl.humanatlas.io/graph/ctpop#datasets_b7ec6c2d-32e2-48b0-8335-a827aba01caa_D150_Lung,bulk,Right Lateral Bronchopulmonary Segment
http://purl.obolibrary.org/obo/UBERON_0001004,respiratory system,http://purl.org/ccf/latest/ccf.owl#VHMLung,http://purl.org/sig/ont/fma/fma7361,https://purl.humanatlas.io/graph/ctpop#datasets_b7ec6c2d-32e2-48b0-8335-a827aba01caa_D032_Lung,bulk,Right Lateral Bronchopulmonary Segment
http://purl.obolibrary.org/obo/UBERON_0001004,respiratory system,http://purl.org/ccf/latest/ccf.owl#VHMLung,http://purl.org/sig/ont/fma/fma7361,https://purl.humanatlas.io/graph/ctpop#datasets_b7ec6c2d-32e2-48b0-8335-a827aba01caa_D122_Lung,bulk,Right Lateral Bronchopulmonary Segment
http://purl.obolibrary.org/obo/UBERON_0001004,respiratory system,http://purl.org/ccf/latest/ccf.owl#VHMLung,http://purl.org/sig/ont/fma/fma7361,https://purl.humanatlas.io/graph/ctpop#datasets_b7ec6c2d-32e2-48b0-8335-a827aba01caa_D062_Lung,bulk,Right Lateral Bronchopulmonary Segment
http://purl.obolibrary.org/obo/UBERON_0001004,respiratory system,http://purl.org/ccf/latest/ccf.owl#VHMLung,http://purl.org/sig/ont/fma/fma7361,https://purl.humanatlas.io/graph/ctpop#datasets_b7ec6c2d-32e2-48b0-8335-a827aba01caa_D046_Lung,bulk,Right Lateral Bronchopulmonary Segment
http://purl.obolibrary.org/obo/UBERON_0001004,respiratory system,http://purl.org/ccf/latest/ccf.owl#VHMLung,http://purl.org/sig/ont/fma/fma7402,https://purl.humanatlas.io/graph/ctpop#datasets_b7ec6c2d-32e2-48b0-8335-a827aba01caa_D150_Lung,bulk,Lateral segmental bronchus
http://purl.obolibrary.org/obo/UBERON_0001004,respiratory system,http://purl.org/ccf/latest/ccf.owl#VHMLung,http://purl.org/sig/ont/fma/fma7402,https://purl.humanatlas.io/graph/ctpop#datasets_b7ec6c2d-32e2-48b0-8335-a827aba01caa_D032_Lung,bulk,Lateral segmental bronchus
http://purl.obolibrary.org/obo/UBERON_0001004,respiratory system,http://purl.org/ccf/latest/ccf.owl#VHMLung,http://purl.org/sig/ont/fma/fma7402,https://purl.humanatlas.io/graph/ctpop#datasets_b7ec6c2d-32e2-48b0-8335-a827aba01caa_D122_Lung,bulk,Lateral segmental bronchus
http://purl.obolibrary.org/obo/UBERON_0001004,respiratory system,http://purl.org/ccf/latest/ccf.owl#VHMLung,http://purl.org/sig/ont/fma/fma7402,https://purl.humanatlas.io/graph/ctpop#datasets_b7ec6c2d-32e2-48b0-8335-a827aba01caa_D062_Lung,bulk,Lateral segmental bronchus
http://purl.obolibrary.org/obo/UBERON_0001004,respiratory system,http://purl.org/ccf/latest/ccf.owl#VHMLung,http://purl.org/sig/ont/fma/fma7402,https://purl.humanatlas.io/graph/ctpop#datasets_b7ec6c2d-32e2-48b0-8335-a827aba01caa_D046_Lung,bulk,Lateral segmental bronchus
http://purl.obolibrary.org/obo/UBERON_0001223,left ureter,http://purl.org/ccf/latest/ccf.owl#VHFLeftUreter,http://purl.obolibrary.org/obo/UBERON_0001223,https://purl.humanatlas.io/graph/ctpop#datasets_HBM537.SKND.632,bulk,left ureter
http://purl.obolibrary.org/obo/UBERON_0001223,left ureter,http://purl.org/ccf/latest/ccf.owl#VHMLeftUreter,http://purl.obolibrary.org/obo/UBERON_0001223,https://purl.humanatlas.io/graph/ctpop#datasets_HBM254.SXWG.373,bulk,left ureter
http://purl.obolibrary.org/obo/UBERON_0002097,skin of body,http://purl.org/ccf/latest/ccf.owl#VHMSkin,http://purl.obolibrary.org/obo/UBERON_0002097,https://purl.humanatlas.io/graph/ctpop#datasets_HBM732.FZVZ.656,spatial,skin of body
http://purl.obolibrary.org/obo/UBERON_0002097,skin of body,http://purl.org/ccf/latest/ccf.owl#VHFSkin,http://purl.obolibrary.org/obo/UBERON_0002097,https://purl.humanatlas.io/graph/ctpop#datasets_HBM875.SBHJ.939,spatial,skin of body
http://purl.obolibrary.org/obo/UBERON_0002108,small intestine,http://purl.org/ccf/latest/ccf.owl#VHFSmallIntestine,http://purl.org/sig/ont/fma/fma14929,https://purl.humanatlas.io/graph/ctpop#datasets_HBM785.FJVT.469,spatial,horizontal part of duodenum
http://purl.obolibrary.org/obo/UBERON_0002108,small intestine,http://purl.org/ccf/latest/ccf.owl#VHFSmallIntestine,http://purl.org/sig/ont/fma/fma14930,https://purl.humanatlas.io/graph/ctpop#datasets_HBM785.FJVT.469,spatial,ascending part of duodenum
http://purl.obolibrary.org/obo/UBERON_0002108,small intestine,http://purl.org/ccf/latest/ccf.owl#VHMSmallIntestine,http://purl.org/sig/ont/fma/fma14930,https://purl.humanatlas.io/graph/ctpop#datasets_HBM394.VSKR.883,spatial,ascending part of duodenum
http://purl.obolibrary.org/obo/UBERON_0002108,small intestine,http://purl.org/ccf/latest/ccf.owl#VHMSmallIntestine,http://purl.obolibrary.org/obo/UBERON_0002115,https://purl.humanatlas.io/graph/ctpop#datasets_HBM996.MDQH.988,spatial,jejunum
http://purl.obolibrary.org/obo/UBERON_0002108,small intestine,http://purl.org/ccf/latest/ccf.owl#VHMSmallIntestine,http://purl.org/sig/ont/fma/fma14928,https://purl.humanatlas.io/graph/ctpop#datasets_HBM953.KMTG.758,spatial,descending part of duodenum
http://purl.obolibrary.org/obo/UBERON_0002108,small intestine,http://purl.org/ccf/latest/ccf.owl#VHMSmallIntestine,http://purl.org/sig/ont/fma/fma14966,https://purl.humanatlas.io/graph/ctpop#datasets_HBM466.XSKL.867,spatial,distal part of ileum
http://purl.obolibrary.org/obo/UBERON_0002108,small intestine,http://purl.org/ccf/latest/ccf.owl#VHMSmallIntestine,http://purl.org/sig/ont/fma/fma14929,https://purl.humanatlas.io/graph/ctpop#datasets_HBM394.VSKR.883,spatial,horizontal part of duodenum
http://purl.obolibrary.org/obo/UBERON_0004538,left kidney,http://purl.org/ccf/latest/ccf.owl#VHFLeftKidney,http://purl.obolibrary.org/obo/UBERON_0002189,https://purl.humanatlas.io/graph/ctpop#datasets_HBM865.TRVX.355,bulk,outer cortex of kidney
http://purl.obolibrary.org/obo/UBERON_0004538,left kidney,http://purl.org/ccf/latest/ccf.owl#VHFLeftKidney,http://purl.obolibrary.org/obo/UBERON_0002189,https://purl.humanatlas.io/graph/ctpop#datasets_HBM982.TPNQ.737,bulk,outer cortex of kidney
http://purl.obolibrary.org/obo/UBERON_0004538,left kidney,http://purl.org/ccf/latest/ccf.owl#VHMLeftKidney,http://purl.obolibrary.org/obo/UBERON_0004200,https://purl.humanatlas.io/graph/ctpop#datasets_HBM837.HQNL.776,bulk,renal pyramid
http://purl.obolibrary.org/obo/UBERON_0004538,left kidney,http://purl.org/ccf/latest/ccf.owl#VHMLeftKidney,http://purl.obolibrary.org/obo/UBERON_0008716,https://purl.humanatlas.io/graph/ctpop#datasets_HBM432.BPZM.698,bulk,hilum of kidney
http://purl.obolibrary.org/obo/UBERON_0004538,left kidney,http://purl.org/ccf/latest/ccf.owl#VHMLeftKidney,http://purl.obolibrary.org/obo/UBERON_0008716,https://purl.humanatlas.io/graph/ctpop#datasets_HBM679.ZVHH.999,bulk,hilum of kidney
http://purl.obolibrary.org/obo/UBERON_0004538,left kidney,http://purl.org/ccf/latest/ccf.owl#VHMLeftKidney,http://purl.obolibrary.org/obo/UBERON_0001284,https://purl.humanatlas.io/graph/ctpop#datasets_HBM432.BPZM.698,bulk,renal column
http://purl.obolibrary.org/obo/UBERON_0004538,left kidney,http://purl.org/ccf/latest/ccf.owl#VHMLeftKidney,http://purl.obolibrary.org/obo/UBERON_0001284,https://purl.humanatlas.io/graph/ctpop#datasets_HBM679.ZVHH.999,bulk,renal column
http://purl.obolibrary.org/obo/UBERON_0004538,left kidney,http://purl.org/ccf/latest/ccf.owl#VHMLeftKidney,http://purl.obolibrary.org/obo/UBERON_0001228,https://purl.humanatlas.io/graph/ctpop#datasets_HBM837.HQNL.776,bulk,renal papilla
http://purl.obolibrary.org/obo/UBERON_0004538,left kidney,http://purl.org/ccf/latest/ccf.owl#VHMLeftKidney,http://purl.obolibrary.org/obo/UBERON_0002189,https://purl.humanatlas.io/graph/ctpop#datasets_HBM432.BPZM.698,bulk,outer cortex of kidney
http://purl.obolibrary.org/obo/UBERON_0004538,left kidney,http://purl.org/ccf/latest/ccf.owl#VHMLeftKidney,http://purl.obolibrary.org/obo/UBERON_0002189,https://purl.humanatlas.io/graph/ctpop#datasets_HBM679.ZVHH.999,bulk,outer cortex of kidney
http://purl.obolibrary.org/obo/UBERON_0004538,left kidney,http://purl.org/ccf/latest/ccf.owl#VHMLeftKidney,http://purl.obolibrary.org/obo/UBERON_0004200,https://purl.humanatlas.io/graph/ctpop#datasets_HBM432.BPZM.698,bulk,renal pyramid
http://purl.obolibrary.org/obo/UBERON_0004538,left kidney,http://purl.org/ccf/latest/ccf.owl#VHMLeftKidney,http://purl.obolibrary.org/obo/UBERON_0004200,https://purl.humanatlas.io/graph/ctpop#datasets_HBM679.ZVHH.999,bulk,renal pyramid
http://purl.obolibrary.org/obo/UBERON_0004539,right kidney,http://purl.org/ccf/latest/ccf.owl#VHFRightKidney,http://purl.obolibrary.org/obo/UBERON_0002015,https://purl.humanatlas.io/graph/ctpop#datasets_HBM537.LTFK.379,bulk,kidney capsule
http://purl.obolibrary.org/obo/UBERON_0004539,right kidney,http://purl.org/ccf/latest/ccf.owl#VHFRightKidney,http://purl.obolibrary.org/obo/UBERON_0002015,https://purl.humanatlas.io/graph/ctpop#datasets_HBM356.QPJF.839,bulk,kidney capsule
http://purl.obolibrary.org/obo/UBERON_0004539,right kidney,http://purl.org/ccf/latest/ccf.owl#VHFRightKidney,http://purl.obolibrary.org/obo/UBERON_0002189,https://purl.humanatlas.io/graph/ctpop#datasets_HBM537.LTFK.379,bulk,outer cortex of kidney
http://purl.obolibrary.org/obo/UBERON_0004539,right kidney,http://purl.org/ccf/latest/ccf.owl#VHFRightKidney,http://purl.obolibrary.org/obo/UBERON_0002189,https://purl.humanatlas.io/graph/ctpop#datasets_HBM356.QPJF.839,bulk,outer cortex of kidney
http://purl.obolibrary.org/obo/UBERON_0004539,right kidney,http://purl.org/ccf/latest/ccf.owl#VHMRightKidney,http://purl.obolibrary.org/obo/UBERON_0002189,https://purl.humanatlas.io/graph/ctpop#datasets_HBM282.BKRZ.254,bulk,outer cortex of kidney
http://purl.obolibrary.org/obo/UBERON_0004539,right kidney,http://purl.org/ccf/latest/ccf.owl#VHMRightKidney,http://purl.obolibrary.org/obo/UBERON_0002189,https://purl.humanatlas.io/graph/ctpop#datasets_HBM252.JLSW.848,bulk,outer cortex of kidney
http://purl.obolibrary.org/obo/UBERON_0004539,right kidney,http://purl.org/ccf/latest/ccf.owl#VHMRightKidney,http://purl.obolibrary.org/obo/UBERON_0002189,https://purl.humanatlas.io/graph/ctpop#datasets_HBM347.MRTV.333,bulk,outer cortex of kidney
http://purl.obolibrary.org/obo/UBERON_0004539,right kidney,http://purl.org/ccf/latest/ccf.owl#VHMRightKidney,http://purl.obolibrary.org/obo/UBERON_0002189,https://purl.humanatlas.io/graph/ctpop#datasets_HBM332.KQWB.454,bulk,outer cortex of kidney
http://purl.obolibrary.org/obo/UBERON_0004539,right kidney,http://purl.org/ccf/latest/ccf.owl#VHMRightKidney,http://purl.obolibrary.org/obo/UBERON_0002189,https://purl.humanatlas.io/graph/ctpop#datasets_HBM246.KBZS.276,bulk,outer cortex of kidney
http://purl.obolibrary.org/obo/UBERON_0004539,right kidney,http://purl.org/ccf/latest/ccf.owl#VHMRightKidney,http://purl.obolibrary.org/obo/UBERON_0002189,https://purl.humanatlas.io/graph/ctpop#datasets_HBM242.HNLH.466,bulk,outer cortex of kidney
http://purl.obolibrary.org/obo/UBERON_0004539,right kidney,http://purl.org/ccf/latest/ccf.owl#VHMRightKidney,http://purl.obolibrary.org/obo/UBERON_0002189,https://purl.humanatlas.io/graph/ctpop#datasets_HBM258.HQCL.349,bulk,outer cortex of kidney
http://purl.obolibrary.org/obo/UBERON_0004539,right kidney,http://purl.org/ccf/latest/ccf.owl#VHMRightKidney,http://purl.obolibrary.org/obo/UBERON_0002189,https://purl.humanatlas.io/graph/ctpop#datasets_HBM243.MTZV.726,bulk,outer cortex of kidney
http://purl.obolibrary.org/obo/UBERON_0004539,right kidney,http://purl.org/ccf/latest/ccf.owl#VHMRightKidney,http://purl.obolibrary.org/obo/UBERON_0002189,https://purl.humanatlas.io/graph/ctpop#datasets_HBM876.HTRX.668,bulk,outer cortex of kidney
http://purl.obolibrary.org/obo/UBERON_0004539,right kidney,http://purl.org/ccf/latest/ccf.owl#VHMRightKidney,http://purl.obolibrary.org/obo/UBERON_0002189,https://purl.humanatlas.io/graph/ctpop#datasets_HBM996.XSNK.694,bulk,outer cortex of kidney
http://purl.obolibrary.org/obo/UBERON_0004539,right kidney,http://purl.org/ccf/latest/ccf.owl#VHMRightKidney,http://purl.obolibrary.org/obo/UBERON_0002189,https://purl.humanatlas.io/graph/ctpop#datasets_HBM684.TLPQ.738,bulk,outer cortex of kidney
http://purl.obolibrary.org/obo/UBERON_0004539,right kidney,http://purl.org/ccf/latest/ccf.owl#VHMRightKidney,http://purl.obolibrary.org/obo/UBERON_0002189,https://purl.humanatlas.io/graph/ctpop#datasets_HBM844.KXXX.692,bulk,outer cortex of kidney
http://purl.obolibrary.org/obo/UBERON_0004539,right kidney,http://purl.org/ccf/latest/ccf.owl#VHMRightKidney,http://purl.obolibrary.org/obo/UBERON_0002189,https://purl.humanatlas.io/graph/ctpop#datasets_HBM979.KNQM.454,bulk,outer cortex of kidney
http://purl.obolibrary.org/obo/UBERON_0004539,right kidney,http://purl.org/ccf/latest/ccf.owl#VHMRightKidney,http://purl.obolibrary.org/obo/UBERON_0002189,https://purl.humanatlas.io/graph/ctpop#datasets_HBM634.QQWF.789,bulk,outer cortex of kidney
http://purl.obolibrary.org/obo/UBERON_0004539,right kidney,http://purl.org/ccf/latest/ccf.owl#VHMRightKidney,http://purl.obolibrary.org/obo/UBERON_0002189,https://purl.humanatlas.io/graph/ctpop#datasets_HBM393.DZDZ.972,bulk,outer cortex of kidney
http://purl.obolibrary.org/obo/UBERON_0004539,right kidney,http://purl.org/ccf/latest/ccf.owl#VHMRightKidney,http://purl.obolibrary.org/obo/UBERON_0002189,https://purl.humanatlas.io/graph/ctpop#datasets_HBM495.ZFDT.229,bulk,outer cortex of kidney
http://purl.obolibrary.org/obo/UBERON_0004539,right kidney,http://purl.org/ccf/latest/ccf.owl#VHMRightKidney,http://purl.obolibrary.org/obo/UBERON_0002189,https://purl.humanatlas.io/graph/ctpop#datasets_HBM664.LQSH.693,bulk,outer cortex of kidney
http://purl.obolibrary.org/obo/UBERON_0004539,right kidney,http://purl.org/ccf/latest/ccf.owl#VHMRightKidney,http://purl.obolibrary.org/obo/UBERON_0002189,https://purl.humanatlas.io/graph/ctpop#datasets_HBM552.PBBF.363,bulk,outer cortex of kidney
http://purl.obolibrary.org/obo/UBERON_0004539,right kidney,http://purl.org/ccf/latest/ccf.owl#VHMRightKidney,http://purl.obolibrary.org/obo/UBERON_0002189,https://purl.humanatlas.io/graph/ctpop#datasets_HBM476.VHDB.268,bulk,outer cortex of kidney
http://purl.obolibrary.org/obo/UBERON_0004539,right kidney,http://purl.org/ccf/latest/ccf.owl#VHMRightKidney,http://purl.obolibrary.org/obo/UBERON_0002189,https://purl.humanatlas.io/graph/ctpop#datasets_HBM427.KFXP.323,bulk,outer cortex of kidney
http://purl.obolibrary.org/obo/UBERON_0004539,right kidney,http://purl.org/ccf/latest/ccf.owl#VHMRightKidney,http://purl.obolibrary.org/obo/UBERON_0002189,https://purl.humanatlas.io/graph/ctpop#datasets_HBM942.NXWW.245,bulk,outer cortex of kidney
http://purl.obolibrary.org/obo/UBERON_0004539,right kidney,http://purl.org/ccf/latest/ccf.owl#VHMRightKidney,http://purl.obolibrary.org/obo/UBERON_0002189,https://purl.humanatlas.io/graph/ctpop#datasets_HBM958.GZCX.985,bulk,outer cortex of kidney
http://purl.obolibrary.org/obo/UBERON_0004539,right kidney,http://purl.org/ccf/latest/ccf.owl#VHMRightKidney,http://purl.obolibrary.org/obo/UBERON_0002189,https://purl.humanatlas.io/graph/ctpop#datasets_HBM537.GVTL.683,bulk,outer cortex of kidney
http://purl.obolibrary.org/obo/UBERON_0004539,right kidney,http://purl.org/ccf/latest/ccf.owl#VHMRightKidney,http://purl.obolibrary.org/obo/UBERON_0002189,https://purl.humanatlas.io/graph/ctpop#datasets_HBM873.NSHG.559,bulk,outer cortex of kidney
http://purl.obolibrary.org/obo/UBERON_0004539,right kidney,http://purl.org/ccf/latest/ccf.owl#VHMRightKidney,http://purl.obolibrary.org/obo/UBERON_0002189,https://purl.humanatlas.io/graph/ctpop#datasets_HBM688.FLJB.475,bulk,outer cortex of kidney
http://purl.obolibrary.org/obo/UBERON_0004539,right kidney,http://purl.org/ccf/latest/ccf.owl#VHMRightKidney,http://purl.obolibrary.org/obo/UBERON_0002189,https://purl.humanatlas.io/graph/ctpop#datasets_HBM447.KCHB.778,bulk,outer cortex of kidney
http://purl.obolibrary.org/obo/UBERON_0004539,right kidney,http://purl.org/ccf/latest/ccf.owl#VHMRightKidney,http://purl.obolibrary.org/obo/UBERON_0002189,https://purl.humanatlas.io/graph/ctpop#datasets_HBM525.LRPL.332,bulk,outer cortex of kidney
http://purl.obolibrary.org/obo/UBERON_0004539,right kidney,http://purl.org/ccf/latest/ccf.owl#VHMRightKidney,http://purl.obolibrary.org/obo/UBERON_0002189,https://purl.humanatlas.io/graph/ctpop#datasets_HBM834.THPC.928,bulk,outer cortex of kidney
http://purl.obolibrary.org/obo/UBERON_0004539,right kidney,http://purl.org/ccf/latest/ccf.owl#VHFRightKidneyV1.1,http://purl.obolibrary.org/obo/UBERON_0001284,https://purl.humanatlas.io/graph/ctpop#datasets_HBM439.JPZX.574,bulk,renal column
http://purl.obolibrary.org/obo/UBERON_0004539,right kidney,http://purl.org/ccf/latest/ccf.owl#VHFRightKidneyV1.1,http://purl.obolibrary.org/obo/UBERON_0004200,https://purl.humanatlas.io/graph/ctpop#datasets_HBM688.LGBS.644,bulk,renal pyramid
http://purl.obolibrary.org/obo/UBERON_0000059,large intestine,http://purl.org/ccf/latest/ccf.owl#VHMColon,http://purl.obolibrary.org/obo/UBERON_0001157,https://purl.humanatlas.io/graph/ctpop#datasets_HBM363.LLBL.252,spatial,transverse colon
http://purl.obolibrary.org/obo/UBERON_0000059,large intestine,http://purl.org/ccf/latest/ccf.owl#VHMColon,http://purl.obolibrary.org/obo/UBERON_0001159,https://purl.humanatlas.io/graph/ctpop#datasets_HBM792.FFJT.499,spatial,sigmoid colon
http://purl.obolibrary.org/obo/UBERON_0000059,large intestine,http://purl.org/ccf/latest/ccf.owl#VHMColon,http://purl.obolibrary.org/obo/UBERON_0001159,https://purl.humanatlas.io/graph/ctpop#datasets_HBM242.LSCK.393,spatial,sigmoid colon
http://purl.obolibrary.org/obo/UBERON_0000059,large intestine,http://purl.org/ccf/latest/ccf.owl#VHMColon,http://purl.obolibrary.org/obo/UBERON_0001052,https://purl.humanatlas.io/graph/ctpop#datasets_HBM792.FFJT.499,spatial,rectum
http://purl.obolibrary.org/obo/UBERON_0000059,large intestine,http://purl.org/ccf/latest/ccf.owl#VHMColon,http://purl.obolibrary.org/obo/UBERON_0001052,https://purl.humanatlas.io/graph/ctpop#datasets_HBM242.LSCK.393,spatial,rectum
http://purl.obolibrary.org/obo/UBERON_0000059,large intestine,http://purl.org/ccf/latest/ccf.owl#VHMColon,http://purl.obolibrary.org/obo/UBERON_0001157,https://purl.humanatlas.io/graph/ctpop#datasets_HBM865.VDXC.862,spatial,transverse colon
http://purl.obolibrary.org/obo/UBERON_0000948,heart,http://purl.org/ccf/latest/ccf.owl#VHFHeart,http://purl.obolibrary.org/obo/UBERON_0002094,https://purl.humanatlas.io/graph/ctpop#datasets_dd2f4658-d6e1-4d8a-a5f3-b9efed1bd1ca_D4_Heart_interventricular_septum,bulk,interventricular septum
http://purl.obolibrary.org/obo/UBERON_0000948,heart,http://purl.org/ccf/latest/ccf.owl#VHFHeart,http://purl.obolibrary.org/obo/UBERON_0002094,https://purl.humanatlas.io/graph/ctpop#datasets_dd2f4658-d6e1-4d8a-a5f3-b9efed1bd1ca_D11_Heart_interventricular_septum,bulk,interventricular septum
http://purl.obolibrary.org/obo/UBERON_0000948,heart,http://purl.org/ccf/latest/ccf.owl#VHFHeart,http://purl.obolibrary.org/obo/UBERON_0002094,https://purl.humanatlas.io/graph/ctpop#datasets_dd2f4658-d6e1-4d8a-a5f3-b9efed1bd1ca_H7_Heart_interventricular_septum,bulk,interventricular septum
http://purl.obolibrary.org/obo/UBERON_0000948,heart,http://purl.org/ccf/latest/ccf.owl#VHFHeart,http://purl.obolibrary.org/obo/UBERON_0002094,https://purl.humanatlas.io/graph/ctpop#datasets_dd2f4658-d6e1-4d8a-a5f3-b9efed1bd1ca_H5_Heart_interventricular_septum,bulk,interventricular septum
http://purl.obolibrary.org/obo/UBERON_0000948,heart,http://purl.org/ccf/latest/ccf.owl#VHFHeart,http://purl.obolibrary.org/obo/UBERON_0002094,https://purl.humanatlas.io/graph/ctpop#datasets_dd2f4658-d6e1-4d8a-a5f3-b9efed1bd1ca_H6_Heart_interventricular_septum,bulk,interventricular septum
http://purl.obolibrary.org/obo/UBERON_0000948,heart,http://purl.org/ccf/latest/ccf.owl#VHFHeart,http://purl.obolibrary.org/obo/UBERON_0002094,https://purl.humanatlas.io/graph/ctpop#datasets_dd2f4658-d6e1-4d8a-a5f3-b9efed1bd1ca_D5_Heart_interventricular_septum,bulk,interventricular septum
http://purl.obolibrary.org/obo/UBERON_0000948,heart,http://purl.org/ccf/latest/ccf.owl#VHFHeart,http://purl.obolibrary.org/obo/UBERON_0002080,https://purl.humanatlas.io/graph/ctpop#datasets_dd2f4658-d6e1-4d8a-a5f3-b9efed1bd1ca_D4_Heart_interventricular_septum,bulk,heart right ventricle
http://purl.obolibrary.org/obo/UBERON_0000948,heart,http://purl.org/ccf/latest/ccf.owl#VHFHeart,http://purl.obolibrary.org/obo/UBERON_0002080,https://purl.humanatlas.io/graph/ctpop#datasets_dd2f4658-d6e1-4d8a-a5f3-b9efed1bd1ca_D11_Heart_interventricular_septum,bulk,heart right ventricle
http://purl.obolibrary.org/obo/UBERON_0000948,heart,http://purl.org/ccf/latest/ccf.owl#VHFHeart,http://purl.obolibrary.org/obo/UBERON_0002080,https://purl.humanatlas.io/graph/ctpop#datasets_dd2f4658-d6e1-4d8a-a5f3-b9efed1bd1ca_H7_Heart_interventricular_septum,bulk,heart right ventricle
http://purl.obolibrary.org/obo/UBERON_0000948,heart,http://purl.org/ccf/latest/ccf.owl#VHFHeart,http://purl.obolibrary.org/obo/UBERON_0002080,https://purl.humanatlas.io/graph/ctpop#datasets_dd2f4658-d6e1-4d8a-a5f3-b9efed1bd1ca_H5_Heart_interventricular_septum,bulk,heart right ventricle
http://purl.obolibrary.org/obo/UBERON_0000948,heart,http://purl.org/ccf/latest/ccf.owl#VHFHeart,http://purl.obolibrary.org/obo/UBERON_0002080,https://purl.humanatlas.io/graph/ctpop#datasets_dd2f4658-d6e1-4d8a-a5f3-b9efed1bd1ca_H6_Heart_interventricular_septum,bulk,heart right ventricle
http://purl.obolibrary.org/obo/UBERON_0000948,heart,http://purl.org/ccf/latest/ccf.owl#VHFHeart,http://purl.obolibrary.org/obo/UBERON_0002080,https://purl.humanatlas.io/graph/ctpop#datasets_dd2f4658-d6e1-4d8a-a5f3-b9efed1bd1ca_D5_Heart_interventricular_septum,bulk,heart right ventricle
http://purl.obolibrary.org/obo/UBERON_0000948,heart,http://purl.org/ccf/latest/ccf.owl#VHFHeart,http://purl.obolibrary.org/obo/UBERON_0002084,https://purl.humanatlas.io/graph/ctpop#datasets_dd2f4658-d6e1-4d8a-a5f3-b9efed1bd1ca_D4_Heart_interventricular_septum,bulk,heart left ventricle
http://purl.obolibrary.org/obo/UBERON_0000948,heart,http://purl.org/ccf/latest/ccf.owl#VHFHeart,http://purl.obolibrary.org/obo/UBERON_0002084,https://purl.humanatlas.io/graph/ctpop#datasets_dd2f4658-d6e1-4d8a-a5f3-b9efed1bd1ca_D11_Heart_interventricular_septum,bulk,heart left ventricle
http://purl.obolibrary.org/obo/UBERON_0000948,heart,http://purl.org/ccf/latest/ccf.owl#VHFHeart,http://purl.obolibrary.org/obo/UBERON_0002084,https://purl.humanatlas.io/graph/ctpop#datasets_dd2f4658-d6e1-4d8a-a5f3-b9efed1bd1ca_H7_Heart_interventricular_septum,bulk,heart left ventricle
http://purl.obolibrary.org/obo/UBERON_0000948,heart,http://purl.org/ccf/latest/ccf.owl#VHFHeart,http://purl.obolibrary.org/obo/UBERON_0002084,https://purl.humanatlas.io/graph/ctpop#datasets_dd2f4658-d6e1-4d8a-a5f3-b9efed1bd1ca_H5_Heart_interventricular_septum,bulk,heart left ventricle
http://purl.obolibrary.org/obo/UBERON_0000948,heart,http://purl.org/ccf/latest/ccf.owl#VHFHeart,http://purl.obolibrary.org/obo/UBERON_0002084,https://purl.humanatlas.io/graph/ctpop#datasets_dd2f4658-d6e1-4d8a-a5f3-b9efed1bd1ca_H6_Heart_interventricular_septum,bulk,heart left ventricle
http://purl.obolibrary.org/obo/UBERON_0000948,heart,http://purl.org/ccf/latest/ccf.owl#VHFHeart,http://purl.obolibrary.org/obo/UBERON_0002084,https://purl.humanatlas.io/graph/ctpop#datasets_dd2f4658-d6e1-4d8a-a5f3-b9efed1bd1ca_D5_Heart_interventricular_septum,bulk,heart left ventricle
http://purl.obolibrary.org/obo/UBERON_0000948,heart,http://purl.org/ccf/latest/ccf.owl#VHFHeart,http://purl.org/sig/ont/fma/fma7267,https://purl.humanatlas.io/graph/ctpop#datasets_dd2f4658-d6e1-4d8a-a5f3-b9efed1bd1ca_D4_Heart_interventricular_septum,bulk,Posteromedial head of posterior papillary muscle of left ventricle
http://purl.obolibrary.org/obo/UBERON_0000948,heart,http://purl.org/ccf/latest/ccf.owl#VHFHeart,http://purl.org/sig/ont/fma/fma7267,https://purl.humanatlas.io/graph/ctpop#datasets_dd2f4658-d6e1-4d8a-a5f3-b9efed1bd1ca_D11_Heart_interventricular_septum,bulk,Posteromedial head of posterior papillary muscle of left ventricle
http://purl.obolibrary.org/obo/UBERON_0000948,heart,http://purl.org/ccf/latest/ccf.owl#VHFHeart,http://purl.org/sig/ont/fma/fma7267,https://purl.humanatlas.io/graph/ctpop#datasets_dd2f4658-d6e1-4d8a-a5f3-b9efed1bd1ca_H7_Heart_interventricular_septum,bulk,Posteromedial head of posterior papillary muscle of left ventricle
http://purl.obolibrary.org/obo/UBERON_0000948,heart,http://purl.org/ccf/latest/ccf.owl#VHFHeart,http://purl.org/sig/ont/fma/fma7267,https://purl.humanatlas.io/graph/ctpop#datasets_dd2f4658-d6e1-4d8a-a5f3-b9efed1bd1ca_H5_Heart_interventricular_septum,bulk,Posteromedial head of posterior papillary muscle of left ventricle
http://purl.obolibrary.org/obo/UBERON_0000948,heart,http://purl.org/ccf/latest/ccf.owl#VHFHeart,http://purl.org/sig/ont/fma/fma7267,https://purl.humanatlas.io/graph/ctpop#datasets_dd2f4658-d6e1-4d8a-a5f3-b9efed1bd1ca_H6_Heart_interventricular_septum,bulk,Posteromedial head of posterior papillary muscle of left ventricle
http://purl.obolibrary.org/obo/UBERON_0000948,heart,http://purl.org/ccf/latest/ccf.owl#VHFHeart,http://purl.org/sig/ont/fma/fma7267,https://purl.humanatlas.io/graph/ctpop#datasets_dd2f4658-d6e1-4d8a-a5f3-b9efed1bd1ca_D5_Heart_interventricular_septum,bulk,Posteromedial head of posterior papillary muscle of left ventricle
http://purl.obolibrary.org/obo/UBERON_0000948,heart,http://purl.org/ccf/latest/ccf.owl#VHMHeart,http://purl.obolibrary.org/obo/UBERON_0002084,https://purl.humanatlas.io/graph/ctpop#datasets_dd2f4658-d6e1-4d8a-a5f3-b9efed1bd1ca_D2_Heart_apex_of_heart,bulk,heart left ventricle
http://purl.obolibrary.org/obo/UBERON_0000948,heart,http://purl.org/ccf/latest/ccf.owl#VHMHeart,http://purl.obolibrary.org/obo/UBERON_0002084,https://purl.humanatlas.io/graph/ctpop#datasets_dd2f4658-d6e1-4d8a-a5f3-b9efed1bd1ca_H3_Heart_apex_of_heart,bulk,heart left ventricle
http://purl.obolibrary.org/obo/UBERON_0000948,heart,http://purl.org/ccf/latest/ccf.owl#VHMHeart,http://purl.obolibrary.org/obo/UBERON_0002084,https://purl.humanatlas.io/graph/ctpop#datasets_dd2f4658-d6e1-4d8a-a5f3-b9efed1bd1ca_D3_Heart_apex_of_heart,bulk,heart left ventricle
http://purl.obolibrary.org/obo/UBERON_0000948,heart,http://purl.org/ccf/latest/ccf.owl#VHMHeart,http://purl.obolibrary.org/obo/UBERON_0002084,https://purl.humanatlas.io/graph/ctpop#datasets_dd2f4658-d6e1-4d8a-a5f3-b9efed1bd1ca_H2_Heart_apex_of_heart,bulk,heart left ventricle
http://purl.obolibrary.org/obo/UBERON_0000948,heart,http://purl.org/ccf/latest/ccf.owl#VHMHeart,http://purl.obolibrary.org/obo/UBERON_0002084,https://purl.humanatlas.io/graph/ctpop#datasets_dd2f4658-d6e1-4d8a-a5f3-b9efed1bd1ca_D6_Heart_apex_of_heart,bulk,heart left ventricle
http://purl.obolibrary.org/obo/UBERON_0000948,heart,http://purl.org/ccf/latest/ccf.owl#VHMHeart,http://purl.obolibrary.org/obo/UBERON_0002084,https://purl.humanatlas.io/graph/ctpop#datasets_dd2f4658-d6e1-4d8a-a5f3-b9efed1bd1ca_H4_Heart_apex_of_heart,bulk,heart left ventricle
http://purl.obolibrary.org/obo/UBERON_0000948,heart,http://purl.org/ccf/latest/ccf.owl#VHMHeart,http://purl.obolibrary.org/obo/UBERON_0002084,https://purl.humanatlas.io/graph/ctpop#datasets_dd2f4658-d6e1-4d8a-a5f3-b9efed1bd1ca_D7_Heart_apex_of_heart,bulk,heart left ventricle
http://purl.obolibrary.org/obo/UBERON_0002097,skin of body,http://purl.org/ccf/latest/ccf.owl#VHMSkinV1.1,http://purl.obolibrary.org/obo/UBERON_0002097,https://purl.humanatlas.io/graph/ctpop#datasets_GTEX-1HSMQ-5007,bulk,skin of body
http://purl.obolibrary.org/obo/UBERON_0002108,small intestine,http://purl.org/ccf/latest/ccf.owl#VHMSmallIntestine,http://purl.org/sig/ont/fma/fma14966,https://purl.humanatlas.io/graph/ctpop#datasets_HBM626.VJMB.795,spatial,distal part of ileum
http://purl.obolibrary.org/obo/UBERON_0002108,small intestine,http://purl.org/ccf/latest/ccf.owl#VHMSmallIntestine,http://purl.org/sig/ont/fma/fma14929,https://purl.humanatlas.io/graph/ctpop#datasets_HBM395.NQKF.566,spatial,horizontal part of duodenum
http://purl.obolibrary.org/obo/UBERON_0002108,small intestine,http://purl.org/ccf/latest/ccf.owl#VHMSmallIntestine,http://purl.org/sig/ont/fma/fma14930,https://purl.humanatlas.io/graph/ctpop#datasets_HBM395.NQKF.566,spatial,ascending part of duodenum
http://purl.obolibrary.org/obo/UBERON_0002108,small intestine,http://purl.org/ccf/latest/ccf.owl#VHMSmallIntestine,http://purl.org/sig/ont/fma/fma14928,https://purl.humanatlas.io/graph/ctpop#datasets_HBM569.NBHZ.832,spatial,descending part of duodenum
http://purl.obolibrary.org/obo/UBERON_0002108,small intestine,http://purl.org/ccf/latest/ccf.owl#VHMSmallIntestine,http://purl.org/sig/ont/fma/fma14928,https://purl.humanatlas.io/graph/ctpop#datasets_HBM974.CNWK.327,spatial,descending part of duodenum
http://purl.obolibrary.org/obo/UBERON_0004538,left kidney,http://purl.org/ccf/latest/ccf.owl#VHMLeftKidney,http://purl.obolibrary.org/obo/UBERON_0002189,https://purl.humanatlas.io/graph/ctpop#datasets_HBM275.PDRR.759,bulk,outer cortex of kidney
http://purl.obolibrary.org/obo/UBERON_0004538,left kidney,http://purl.org/ccf/latest/ccf.owl#VHMLeftKidney,http://purl.obolibrary.org/obo/UBERON_0002189,https://purl.humanatlas.io/graph/ctpop#datasets_HBM745.XMRR.874,bulk,outer cortex of kidney
http://purl.obolibrary.org/obo/UBERON_0004538,left kidney,http://purl.org/ccf/latest/ccf.owl#VHMLeftKidney,http://purl.obolibrary.org/obo/UBERON_0004200,https://purl.humanatlas.io/graph/ctpop#datasets_HBM275.PDRR.759,bulk,renal pyramid
http://purl.obolibrary.org/obo/UBERON_0004538,left kidney,http://purl.org/ccf/latest/ccf.owl#VHMLeftKidney,http://purl.obolibrary.org/obo/UBERON_0004200,https://purl.humanatlas.io/graph/ctpop#datasets_HBM745.XMRR.874,bulk,renal pyramid
http://purl.obolibrary.org/obo/UBERON_0004538,left kidney,http://purl.org/ccf/latest/ccf.owl#VHMLeftKidney,http://purl.obolibrary.org/obo/UBERON_0002189,https://purl.humanatlas.io/graph/ctpop#datasets_HBM843.QHNR.854,bulk,outer cortex of kidney
http://purl.obolibrary.org/obo/UBERON_0004538,left kidney,http://purl.org/ccf/latest/ccf.owl#VHMLeftKidney,http://purl.obolibrary.org/obo/UBERON_0004200,https://purl.humanatlas.io/graph/ctpop#datasets_HBM843.QHNR.854,bulk,renal pyramid
http://purl.obolibrary.org/obo/UBERON_0004539,right kidney,http://purl.org/ccf/latest/ccf.owl#VHFRightKidneyV1.1,http://purl.obolibrary.org/obo/UBERON_0002189,https://purl.humanatlas.io/graph/ctpop#datasets_HBM372.TFNT.572,bulk,outer cortex of kidney
http://purl.obolibrary.org/obo/UBERON_0000059,large intestine,http://purl.org/ccf/latest/ccf.owl#VHMColon,http://purl.obolibrary.org/obo/UBERON_0001158,https://purl.humanatlas.io/graph/ctpop#datasets_HBM852.NKST.623,spatial,descending colon
http://purl.obolibrary.org/obo/UBERON_0000059,large intestine,http://purl.org/ccf/latest/ccf.owl#VHMColon,http://purl.obolibrary.org/obo/UBERON_0001052,https://purl.humanatlas.io/graph/ctpop#datasets_HBM573.TTLG.748,spatial,rectum
http://purl.obolibrary.org/obo/UBERON_0000059,large intestine,http://purl.org/ccf/latest/ccf.owl#VHMColon,http://purl.obolibrary.org/obo/UBERON_0001159,https://purl.humanatlas.io/graph/ctpop#datasets_HBM573.TTLG.748,spatial,sigmoid colon
http://purl.obolibrary.org/obo/UBERON_0000948,heart,http://purl.org/ccf/latest/ccf.owl#VHMHeart,http://purl.obolibrary.org/obo/UBERON_0002080,https://purl.humanatlas.io/graph/ctpop#datasets_dd2f4658-d6e1-4d8a-a5f3-b9efed1bd1ca_D7_Heart_interventricular_septum,bulk,heart right ventricle
http://purl.obolibrary.org/obo/UBERON_0000948,heart,http://purl.org/ccf/latest/ccf.owl#VHMHeart,http://purl.obolibrary.org/obo/UBERON_0002080,https://purl.humanatlas.io/graph/ctpop#datasets_dd2f4658-d6e1-4d8a-a5f3-b9efed1bd1ca_H3_Heart_interventricular_septum,bulk,heart right ventricle
http://purl.obolibrary.org/obo/UBERON_0000948,heart,http://purl.org/ccf/latest/ccf.owl#VHMHeart,http://purl.obolibrary.org/obo/UBERON_0002080,https://purl.humanatlas.io/graph/ctpop#datasets_dd2f4658-d6e1-4d8a-a5f3-b9efed1bd1ca_H2_Heart_interventricular_septum,bulk,heart right ventricle
http://purl.obolibrary.org/obo/UBERON_0000948,heart,http://purl.org/ccf/latest/ccf.owl#VHMHeart,http://purl.obolibrary.org/obo/UBERON_0002080,https://purl.humanatlas.io/graph/ctpop#datasets_dd2f4658-d6e1-4d8a-a5f3-b9efed1bd1ca_D6_Heart_interventricular_septum,bulk,heart right ventricle
http://purl.obolibrary.org/obo/UBERON_0000948,heart,http://purl.org/ccf/latest/ccf.owl#VHMHeart,http://purl.obolibrary.org/obo/UBERON_0002080,https://purl.humanatlas.io/graph/ctpop#datasets_dd2f4658-d6e1-4d8a-a5f3-b9efed1bd1ca_H4_Heart_interventricular_septum,bulk,heart right ventricle
http://purl.obolibrary.org/obo/UBERON_0000948,heart,http://purl.org/ccf/latest/ccf.owl#VHMHeart,http://purl.obolibrary.org/obo/UBERON_0002084,https://purl.humanatlas.io/graph/ctpop#datasets_dd2f4658-d6e1-4d8a-a5f3-b9efed1bd1ca_D7_Heart_interventricular_septum,bulk,heart left ventricle
http://purl.obolibrary.org/obo/UBERON_0000948,heart,http://purl.org/ccf/latest/ccf.owl#VHMHeart,http://purl.obolibrary.org/obo/UBERON_0002084,https://purl.humanatlas.io/graph/ctpop#datasets_dd2f4658-d6e1-4d8a-a5f3-b9efed1bd1ca_H3_Heart_interventricular_septum,bulk,heart left ventricle
http://purl.obolibrary.org/obo/UBERON_0000948,heart,http://purl.org/ccf/latest/ccf.owl#VHMHeart,http://purl.obolibrary.org/obo/UBERON_0002084,https://purl.humanatlas.io/graph/ctpop#datasets_dd2f4658-d6e1-4d8a-a5f3-b9efed1bd1ca_H2_Heart_interventricular_septum,bulk,heart left ventricle
http://purl.obolibrary.org/obo/UBERON_0000948,heart,http://purl.org/ccf/latest/ccf.owl#VHMHeart,http://purl.obolibrary.org/obo/UBERON_0002084,https://purl.humanatlas.io/graph/ctpop#datasets_dd2f4658-d6e1-4d8a-a5f3-b9efed1bd1ca_D6_Heart_interventricular_septum,bulk,heart left ventricle
http://purl.obolibrary.org/obo/UBERON_0000948,heart,http://purl.org/ccf/latest/ccf.owl#VHMHeart,http://purl.obolibrary.org/obo/UBERON_0002084,https://purl.humanatlas.io/graph/ctpop#datasets_dd2f4658-d6e1-4d8a-a5f3-b9efed1bd1ca_H4_Heart_interventricular_septum,bulk,heart left ventricle
http://purl.obolibrary.org/obo/UBERON_0000948,heart,http://purl.org/ccf/latest/ccf.owl#VHMHeart,http://purl.obolibrary.org/obo/UBERON_0002094,https://purl.humanatlas.io/graph/ctpop#datasets_dd2f4658-d6e1-4d8a-a5f3-b9efed1bd1ca_D7_Heart_interventricular_septum,bulk,interventricular septum
http://purl.obolibrary.org/obo/UBERON_0000948,heart,http://purl.org/ccf/latest/ccf.owl#VHMHeart,http://purl.obolibrary.org/obo/UBERON_0002094,https://purl.humanatlas.io/graph/ctpop#datasets_dd2f4658-d6e1-4d8a-a5f3-b9efed1bd1ca_H3_Heart_interventricular_septum,bulk,interventricular septum
http://purl.obolibrary.org/obo/UBERON_0000948,heart,http://purl.org/ccf/latest/ccf.owl#VHMHeart,http://purl.obolibrary.org/obo/UBERON_0002094,https://purl.humanatlas.io/graph/ctpop#datasets_dd2f4658-d6e1-4d8a-a5f3-b9efed1bd1ca_D3_Heart_interventricular_septum,bulk,interventricular septum
http://purl.obolibrary.org/obo/UBERON_0000948,heart,http://purl.org/ccf/latest/ccf.owl#VHMHeart,http://purl.obolibrary.org/obo/UBERON_0002094,https://purl.humanatlas.io/graph/ctpop#datasets_dd2f4658-d6e1-4d8a-a5f3-b9efed1bd1ca_H2_Heart_interventricular_septum,bulk,interventricular septum
http://purl.obolibrary.org/obo/UBERON_0000948,heart,http://purl.org/ccf/latest/ccf.owl#VHMHeart,http://purl.obolibrary.org/obo/UBERON_0002094,https://purl.humanatlas.io/graph/ctpop#datasets_dd2f4658-d6e1-4d8a-a5f3-b9efed1bd1ca_D6_Heart_interventricular_septum,bulk,interventricular septum
http://purl.obolibrary.org/obo/UBERON_0000948,heart,http://purl.org/ccf/latest/ccf.owl#VHMHeart,http://purl.obolibrary.org/obo/UBERON_0002094,https://purl.humanatlas.io/graph/ctpop#datasets_dd2f4658-d6e1-4d8a-a5f3-b9efed1bd1ca_H4_Heart_interventricular_septum,bulk,interventricular septum
http://purl.obolibrary.org/obo/UBERON_0001004,respiratory system,http://purl.org/ccf/latest/ccf.owl#VHMLung,http://purl.org/sig/ont/fma/fma7385,https://purl.humanatlas.io/graph/ctpop#datasets_GTEX-1HSMQ-5005,bulk,Left apical bronchopulmonary segment
http://purl.obolibrary.org/obo/UBERON_0001004,respiratory system,http://purl.org/ccf/latest/ccf.owl#VHMLung,http://purl.org/sig/ont/fma/fma7385,https://purl.humanatlas.io/graph/ctpop#datasets_GTEX-15CHR-5005,bulk,Left apical bronchopulmonary segment
http://purl.obolibrary.org/obo/UBERON_0002108,small intestine,http://purl.org/ccf/latest/ccf.owl#VHMSmallIntestine,http://purl.org/sig/ont/fma/fma14929,https://purl.humanatlas.io/graph/ctpop#datasets_HBM573.SWGH.988,spatial,horizontal part of duodenum
http://purl.obolibrary.org/obo/UBERON_0002108,small intestine,http://purl.org/ccf/latest/ccf.owl#VHMSmallIntestine,http://purl.org/sig/ont/fma/fma14930,https://purl.humanatlas.io/graph/ctpop#datasets_HBM573.SWGH.988,spatial,ascending part of duodenum
http://purl.obolibrary.org/obo/UBERON_0002108,small intestine,http://purl.org/ccf/latest/ccf.owl#VHMSmallIntestine,http://purl.obolibrary.org/obo/UBERON_0002115,https://purl.humanatlas.io/graph/ctpop#datasets_HBM749.SMWP.555,spatial,jejunum