"tool","sex","organ","as","cell_label2","asct_relation_in_asctb_table","indirect_asct_relation_in_asctb_table","count","median_percentage"
"Azimuth","Female","Lung","Lateral Bronchopulmonary Segment","ASCTB-TEMP:interstitial-m-perivascular: Interstitial Mφ perivascular","false","false",1,0.015379746835443
"Azimuth","Female","Lung","Lateral Bronchopulmonary Segment","ASCTB-TEMP:monocyte-derived-m: Monocyte-derived Mφ","false","false",1,0.0506329113924051
"Azimuth","Female","Lung","Lateral Bronchopulmonary Segment","ASCTB-TEMP:non-classical-monocytes: Non-classical monocytes","false","false",1,0.0714556962025317
"Azimuth","Female","Lung","Lateral Bronchopulmonary Segment","ASCTB-TEMP:transitional-club-at2: Transitional Club-AT2","false","false",1,0.00474683544303797
"Azimuth","Female","Lung","Lateral Bronchopulmonary Segment","CL:0000158: Club (nasal)","false","true",1,0.0000632911392405063
"Azimuth","Female","Lung","Lateral Bronchopulmonary Segment","CL:0000186: Myofibroblasts","false","true",1,0.0169620253164557
"Azimuth","Female","Lung","Lateral Bronchopulmonary Segment","CL:0000192: Smooth Muscle","false","true",1,0.00411392405063291
"Azimuth","Female","Lung","Lateral Bronchopulmonary Segment","CL:0000313: SM activated stress response","false","false",1,0.00145569620253165
"Azimuth","Female","Lung","Lateral Bronchopulmonary Segment","CL:0000492: Cd4 T Cells","false","true",1,0.0515822784810127
"Azimuth","Female","Lung","Lateral Bronchopulmonary Segment","CL:0000576: Classical Monocytes","false","true",1,0.0227848101265823
"Azimuth","Female","Lung","Lateral Bronchopulmonary Segment","CL:0000583: Alveolar Macrophages","false","true",1,0.0168354430379747
"Azimuth","Female","Lung","Lateral Bronchopulmonary Segment","CL:0000623: Nk Cells","false","true",1,0.000316455696202532
"Azimuth","Female","Lung","Lateral Bronchopulmonary Segment","CL:0000913: Cd8 T Cells","false","true",1,0.0679746835443038
"Azimuth","Female","Lung","Lateral Bronchopulmonary Segment","CL:0002062: At1","false","true",1,0.170189873417721
"Azimuth","Female","Lung","Lateral Bronchopulmonary Segment","CL:0002063: At2","false","true",1,0.127405063291139
"Azimuth","Female","Lung","Lateral Bronchopulmonary Segment","CL:0002075: Tuft","false","false",1,0.000316455696202532
"Azimuth","Female","Lung","Lateral Bronchopulmonary Segment","CL:0002144: Ec General Capillary","false","true",1,0.0662025316455696
"Azimuth","Female","Lung","Lateral Bronchopulmonary Segment","CL:0002241: Peribronchial Fibroblasts","false","false",1,0.0105063291139241
"Azimuth","Female","Lung","Lateral Bronchopulmonary Segment","CL:0002399: Dc2","false","true",1,0.02
"Azimuth","Female","Lung","Lateral Bronchopulmonary Segment","CL:0002480: Goblet (Nasal)","false","false",1,0.000506329113924051
"Azimuth","Female","Lung","Lateral Bronchopulmonary Segment","CL:0002633: Suprabasal","false","false",1,0.00151898734177215
"Azimuth","Female","Lung","Lateral Bronchopulmonary Segment","CL:0005006: Ionocyte","false","true",1,0.00341772151898734
"Azimuth","Female","Lung","Lateral Bronchopulmonary Segment","CL:0005012: Multiciliated (non-nasal)","false","false",1,0.0249367088607595
"Azimuth","Female","Lung","Lateral Bronchopulmonary Segment","CL:0009089: Pericytes","false","true",1,0.024620253164557
"Azimuth","Female","Lung","Lateral Bronchopulmonary Segment","CL:1000413: Ec Arterial","false","true",1,0.00556962025316456
"Azimuth","Female","Lung","Lateral Bronchopulmonary Segment","CL:1000414: Ec Venous Systemic","false","true",1,0.00329113924050633
"Azimuth","Female","Lung","Lateral Bronchopulmonary Segment","CL:4028003: Ec Aerocyte Capillary","false","true",1,0.0125316455696202
"Azimuth","Female","Lung","Lateral Bronchopulmonary Segment","CL:4028004: Alveolar Fibroblasts","false","true",1,0.122784810126582
"Azimuth","Female","Lung","Lateral Bronchopulmonary Segment","CL:4028006: Adventitial Fibroblasts","false","true",1,0.0322151898734177
"Azimuth","Female","Lung","Lateral Segmental Bronchus","ASCTB-TEMP:interstitial-m-perivascular: Interstitial Mφ perivascular","false","false",1,0.015379746835443
"Azimuth","Female","Lung","Lateral Segmental Bronchus","ASCTB-TEMP:monocyte-derived-m: Monocyte-derived Mφ","false","false",1,0.0506329113924051
"Azimuth","Female","Lung","Lateral Segmental Bronchus","ASCTB-TEMP:non-classical-monocytes: Non-classical monocytes","false","false",1,0.0714556962025316
"Azimuth","Female","Lung","Lateral Segmental Bronchus","ASCTB-TEMP:transitional-club-at2: Transitional Club-AT2","false","false",1,0.00474683544303797
"Azimuth","Female","Lung","Lateral Segmental Bronchus","CL:0000158: Club (nasal)","false","true",1,0.0000632911392405063
"Azimuth","Female","Lung","Lateral Segmental Bronchus","CL:0000186: Myofibroblasts","false","true",1,0.0169620253164557
"Azimuth","Female","Lung","Lateral Segmental Bronchus","CL:0000192: Smooth Muscle","false","true",1,0.00411392405063291
"Azimuth","Female","Lung","Lateral Segmental Bronchus","CL:0000313: SM activated stress response","false","false",1,0.00145569620253164
"Azimuth","Female","Lung","Lateral Segmental Bronchus","CL:0000492: Cd4 T Cells","false","true",1,0.0515822784810126
"Azimuth","Female","Lung","Lateral Segmental Bronchus","CL:0000576: Classical Monocytes","false","true",1,0.0227848101265823
"Azimuth","Female","Lung","Lateral Segmental Bronchus","CL:0000583: Alveolar Macrophages","false","true",1,0.0168354430379747
"Azimuth","Female","Lung","Lateral Segmental Bronchus","CL:0000623: Nk Cells","false","true",1,0.000316455696202532
"Azimuth","Female","Lung","Lateral Segmental Bronchus","CL:0000913: Cd8 T Cells","false","true",1,0.0679746835443038
"Azimuth","Female","Lung","Lateral Segmental Bronchus","CL:0002062: At1","false","true",1,0.170189873417721
"Azimuth","Female","Lung","Lateral Segmental Bronchus","CL:0002063: At2","false","true",1,0.127405063291139
"Azimuth","Female","Lung","Lateral Segmental Bronchus","CL:0002075: Tuft","false","false",1,0.000316455696202532
"Azimuth","Female","Lung","Lateral Segmental Bronchus","CL:0002144: Ec General Capillary","false","true",1,0.0662025316455696
"Azimuth","Female","Lung","Lateral Segmental Bronchus","CL:0002241: Peribronchial Fibroblasts","false","false",1,0.0105063291139241
"Azimuth","Female","Lung","Lateral Segmental Bronchus","CL:0002399: Dc2","false","true",1,0.02
"Azimuth","Female","Lung","Lateral Segmental Bronchus","CL:0002480: Goblet (Nasal)","false","false",1,0.000506329113924051
"Azimuth","Female","Lung","Lateral Segmental Bronchus","CL:0002633: Suprabasal","false","false",1,0.00151898734177215
"Azimuth","Female","Lung","Lateral Segmental Bronchus","CL:0005006: Ionocyte","false","true",1,0.00341772151898734
"Azimuth","Female","Lung","Lateral Segmental Bronchus","CL:0005012: Multiciliated (non-nasal)","false","false",1,0.0249367088607595
"Azimuth","Female","Lung","Lateral Segmental Bronchus","CL:0009089: Pericytes","false","true",1,0.024620253164557
"Azimuth","Female","Lung","Lateral Segmental Bronchus","CL:1000413: Ec Arterial","false","true",1,0.00556962025316456
"Azimuth","Female","Lung","Lateral Segmental Bronchus","CL:1000414: Ec Venous Systemic","false","true",1,0.00329113924050633
"Azimuth","Female","Lung","Lateral Segmental Bronchus","CL:4028003: Ec Aerocyte Capillary","false","true",1,0.0125316455696202
"Azimuth","Female","Lung","Lateral Segmental Bronchus","CL:4028004: Alveolar Fibroblasts","false","true",1,0.122784810126582
"Azimuth","Female","Lung","Lateral Segmental Bronchus","CL:4028006: Adventitial Fibroblasts","false","true",1,0.0322151898734177
"Azimuth","Female","Lung","Medial Bronchopulmonary Segment","ASCTB-TEMP:interstitial-m-perivascular: Interstitial Mφ perivascular","false","false",1,0.015379746835443
"Azimuth","Female","Lung","Medial Bronchopulmonary Segment","ASCTB-TEMP:monocyte-derived-m: Monocyte-derived Mφ","false","false",1,0.0506329113924051
"Azimuth","Female","Lung","Medial Bronchopulmonary Segment","ASCTB-TEMP:non-classical-monocytes: Non-classical monocytes","false","false",1,0.0714556962025316
"Azimuth","Female","Lung","Medial Bronchopulmonary Segment","ASCTB-TEMP:transitional-club-at2: Transitional Club-AT2","false","false",1,0.00474683544303797
"Azimuth","Female","Lung","Medial Bronchopulmonary Segment","CL:0000158: Club (nasal)","false","true",1,0.0000632911392405063
"Azimuth","Female","Lung","Medial Bronchopulmonary Segment","CL:0000186: Myofibroblasts","false","true",1,0.0169620253164557
"Azimuth","Female","Lung","Medial Bronchopulmonary Segment","CL:0000192: Smooth Muscle","false","true",1,0.00411392405063291
"Azimuth","Female","Lung","Medial Bronchopulmonary Segment","CL:0000313: SM activated stress response","false","false",1,0.00145569620253165
"Azimuth","Female","Lung","Medial Bronchopulmonary Segment","CL:0000492: Cd4 T Cells","false","true",1,0.0515822784810127
"Azimuth","Female","Lung","Medial Bronchopulmonary Segment","CL:0000576: Classical Monocytes","false","true",1,0.0227848101265823
"Azimuth","Female","Lung","Medial Bronchopulmonary Segment","CL:0000583: Alveolar Macrophages","false","true",1,0.0168354430379747
"Azimuth","Female","Lung","Medial Bronchopulmonary Segment","CL:0000623: Nk Cells","false","true",1,0.000316455696202532
"Azimuth","Female","Lung","Medial Bronchopulmonary Segment","CL:0000913: Cd8 T Cells","false","true",1,0.0679746835443038
"Azimuth","Female","Lung","Medial Bronchopulmonary Segment","CL:0002062: At1","false","true",1,0.170189873417721
"Azimuth","Female","Lung","Medial Bronchopulmonary Segment","CL:0002063: At2","false","true",1,0.127405063291139
"Azimuth","Female","Lung","Medial Bronchopulmonary Segment","CL:0002075: Tuft","false","false",1,0.000316455696202532
"Azimuth","Female","Lung","Medial Bronchopulmonary Segment","CL:0002144: Ec General Capillary","false","true",1,0.0662025316455696
"Azimuth","Female","Lung","Medial Bronchopulmonary Segment","CL:0002241: Peribronchial Fibroblasts","false","false",1,0.0105063291139241
"Azimuth","Female","Lung","Medial Bronchopulmonary Segment","CL:0002399: Dc2","false","true",1,0.02
"Azimuth","Female","Lung","Medial Bronchopulmonary Segment","CL:0002480: Goblet (Nasal)","false","false",1,0.000506329113924051
"Azimuth","Female","Lung","Medial Bronchopulmonary Segment","CL:0002633: Suprabasal","false","false",1,0.00151898734177215
"Azimuth","Female","Lung","Medial Bronchopulmonary Segment","CL:0005006: Ionocyte","false","true",1,0.00341772151898734
"Azimuth","Female","Lung","Medial Bronchopulmonary Segment","CL:0005012: Multiciliated (non-nasal)","false","false",1,0.0249367088607595
"Azimuth","Female","Lung","Medial Bronchopulmonary Segment","CL:0009089: Pericytes","false","true",1,0.024620253164557
"Azimuth","Female","Lung","Medial Bronchopulmonary Segment","CL:1000413: Ec Arterial","false","true",1,0.00556962025316456
"Azimuth","Female","Lung","Medial Bronchopulmonary Segment","CL:1000414: Ec Venous Systemic","false","true",1,0.00329113924050633
"Azimuth","Female","Lung","Medial Bronchopulmonary Segment","CL:4028003: Ec Aerocyte Capillary","false","true",1,0.0125316455696202
"Azimuth","Female","Lung","Medial Bronchopulmonary Segment","CL:4028004: Alveolar Fibroblasts","false","true",1,0.122784810126582
"Azimuth","Female","Lung","Medial Bronchopulmonary Segment","CL:4028006: Adventitial Fibroblasts","false","true",1,0.0322151898734177
"Azimuth","Male","Lung","Lateral Bronchopulmonary Segment","ASCTB-TEMP:alveolar-m-proliferating: Alveolar Mφ proliferating","false","false",1,0.00000352019713103934
"Azimuth","Male","Lung","Lateral Bronchopulmonary Segment","ASCTB-TEMP:interstitial-m-perivascular: Interstitial Mφ perivascular","false","false",1,0.000758602481738977
"Azimuth","Male","Lung","Lateral Bronchopulmonary Segment","ASCTB-TEMP:monocyte-derived-m: Monocyte-derived Mφ","false","false",1,0.00247469858312066
"Azimuth","Male","Lung","Lateral Bronchopulmonary Segment","ASCTB-TEMP:non-classical-monocytes: Non-classical monocytes","false","false",1,0.00676405878729209
"Azimuth","Male","Lung","Lateral Bronchopulmonary Segment","ASCTB-TEMP:transitional-club-at2: Transitional Club-AT2","false","false",1,0.00203643404030626
"Azimuth","Male","Lung","Lateral Bronchopulmonary Segment","CL:0000158: Club (non-nasal)","false","true",1,0.00131655372700871
"Azimuth","Male","Lung","Lateral Bronchopulmonary Segment","CL:0000186: Myofibroblasts","false","true",1,0.00425591833142656
"Azimuth","Male","Lung","Lateral Bronchopulmonary Segment","CL:0000192: Smooth Muscle","false","true",1,0.00892721992431576
"Azimuth","Male","Lung","Lateral Bronchopulmonary Segment","CL:0000313: SM activated stress response","false","false",1,0.000452345331338555
"Azimuth","Male","Lung","Lateral Bronchopulmonary Segment","CL:0000492: Cd4 T Cells","false","true",1,0.0532042594385286
"Azimuth","Male","Lung","Lateral Bronchopulmonary Segment","CL:0000576: Classical Monocytes","false","true",1,0.00710375781043738
"Azimuth","Male","Lung","Lateral Bronchopulmonary Segment","CL:0000583: Alveolar Macrophages","false","true",1,0.00452697351051659
"Azimuth","Male","Lung","Lateral Bronchopulmonary Segment","CL:0000623: Nk Cells","false","true",1,0.000980374900994456
"Azimuth","Male","Lung","Lateral Bronchopulmonary Segment","CL:0000913: Cd8 T Cells","false","true",1,0.0682707031593769
"Azimuth","Male","Lung","Lateral Bronchopulmonary Segment","CL:0001058: Plasmacytoid Dcs","false","true",1,0.000170729560855408
"Azimuth","Male","Lung","Lateral Bronchopulmonary Segment","CL:0002062: At1","false","true",1,0.173190178650004
"Azimuth","Male","Lung","Lateral Bronchopulmonary Segment","CL:0002063: At2","false","true",1,0.0933239461409839
"Azimuth","Male","Lung","Lateral Bronchopulmonary Segment","CL:0002075: Tuft","false","false",1,0.000561471442400774
"Azimuth","Male","Lung","Lateral Bronchopulmonary Segment","CL:0002144: Ec General Capillary","false","true",1,0.289638299744786
"Azimuth","Male","Lung","Lateral Bronchopulmonary Segment","CL:0002241: Peribronchial Fibroblasts","false","false",1,0.000973334506732377
"Azimuth","Male","Lung","Lateral Bronchopulmonary Segment","CL:0002399: Dc2","false","true",1,0.00550206811581449
"Azimuth","Male","Lung","Lateral Bronchopulmonary Segment","CL:0002480: Goblet (Nasal)","false","false",1,0.00281263750770043
"Azimuth","Male","Lung","Lateral Bronchopulmonary Segment","CL:0002633: Suprabasal","false","false",1,0.00970694358884098
"Azimuth","Male","Lung","Lateral Bronchopulmonary Segment","CL:0005006: Ionocyte","false","true",1,0.0388700167209364
"Azimuth","Male","Lung","Lateral Bronchopulmonary Segment","CL:0005012: Multiciliated (non-nasal)","false","false",1,0.0369022265246854
"Azimuth","Male","Lung","Lateral Bronchopulmonary Segment","CL:0009089: Pericytes","false","true",1,0.0203220980374901
"Azimuth","Male","Lung","Lateral Bronchopulmonary Segment","CL:0019003: Goblet (Bronchial)","false","true",1,0.000179530053683006
"Azimuth","Male","Lung","Lateral Bronchopulmonary Segment","CL:1000413: Ec Arterial","false","true",1,0.0196039778227581
"Azimuth","Male","Lung","Lateral Bronchopulmonary Segment","CL:1000414: Ec Venous Systemic","false","true",1,0.0316078500396022
"Azimuth","Male","Lung","Lateral Bronchopulmonary Segment","CL:4028003: Ec Aerocyte Capillary","false","true",1,0.0143817653788612
"Azimuth","Male","Lung","Lateral Bronchopulmonary Segment","CL:4028004: Alveolar Fibroblasts","false","true",1,0.0725829446449001
"Azimuth","Male","Lung","Lateral Bronchopulmonary Segment","CL:4028006: Adventitial Fibroblasts","false","true",1,0.0123611722256446
"Azimuth","Male","Lung","Lateral Bronchopulmonary Segment","CL:4033005: Smg Serous (Bronchial)","false","true",1,0.000432984247117839
"Azimuth","Male","Lung","Lateral Bronchopulmonary Segment","CL:4033022: Smg Mucous","false","true",1,0.0000140807885241574
"Azimuth","Male","Lung","Lateral Bronchopulmonary Segment","CL:4033023: Smg Duct","false","true",1,0.000026401478482795
"Azimuth","Male","Lung","Lateral Bronchopulmonary Segment","CL:4033044: Deuterosomal","false","true",1,0.000271055179090029
"Azimuth","Male","Lung","Lateral Segmental Bronchus","ASCTB-TEMP:alveolar-m-proliferating: Alveolar Mφ proliferating","false","false",1,0.0000651465798045603
"Azimuth","Male","Lung","Lateral Segmental Bronchus","ASCTB-TEMP:interstitial-m-perivascular: Interstitial Mφ perivascular","false","false",1,0.0127035830618892
"Azimuth","Male","Lung","Lateral Segmental Bronchus","ASCTB-TEMP:monocyte-derived-m: Monocyte-derived Mφ","false","false",1,0.0227361563517915
"Azimuth","Male","Lung","Lateral Segmental Bronchus","ASCTB-TEMP:non-classical-monocytes: Non-classical monocytes","false","false",1,0.044299674267101
"Azimuth","Male","Lung","Lateral Segmental Bronchus","ASCTB-TEMP:transitional-club-at2: Transitional Club-AT2","false","false",1,0.00905537459283388
"Azimuth","Male","Lung","Lateral Segmental Bronchus","CL:0000158: Club (non-nasal)","false","true",1,0.000390879478827362
"Azimuth","Male","Lung","Lateral Segmental Bronchus","CL:0000186: Myofibroblasts","false","true",1,0.0172638436482085
"Azimuth","Male","Lung","Lateral Segmental Bronchus","CL:0000192: Smooth Muscle","false","true",1,0.0054071661237785
"Azimuth","Male","Lung","Lateral Segmental Bronchus","CL:0000492: Cd4 T Cells","false","true",1,0.0481758957654723
"Azimuth","Male","Lung","Lateral Segmental Bronchus","CL:0000576: Classical Monocytes","false","true",1,0.00684039087947883
"Azimuth","Male","Lung","Lateral Segmental Bronchus","CL:0000583: Alveolar Macrophages","false","true",1,0.0726058631921824
"Azimuth","Male","Lung","Lateral Segmental Bronchus","CL:0000623: Nk Cells","false","true",1,0.00149837133550489
"Azimuth","Male","Lung","Lateral Segmental Bronchus","CL:0000913: Cd8 T Cells","false","true",1,0.0638110749185668
"Azimuth","Male","Lung","Lateral Segmental Bronchus","CL:0001058: Plasmacytoid Dcs","false","true",1,0.000651465798045603
"Azimuth","Male","Lung","Lateral Segmental Bronchus","CL:0002062: At1","false","true",1,0.155700325732899
"Azimuth","Male","Lung","Lateral Segmental Bronchus","CL:0002063: At2","false","true",1,0.174364820846906
"Azimuth","Male","Lung","Lateral Segmental Bronchus","CL:0002144: Ec General Capillary","false","true",1,0.0662540716612378
"Azimuth","Male","Lung","Lateral Segmental Bronchus","CL:0002241: Peribronchial Fibroblasts","false","false",1,0.0180130293159609
"Azimuth","Male","Lung","Lateral Segmental Bronchus","CL:0002399: Dc2","false","true",1,0.0221498371335505
"Azimuth","Male","Lung","Lateral Segmental Bronchus","CL:0002480: Goblet (Nasal)","false","false",1,0.0000325732899022801
"Azimuth","Male","Lung","Lateral Segmental Bronchus","CL:0002633: Suprabasal","false","false",1,0.00407166123778502
"Azimuth","Male","Lung","Lateral Segmental Bronchus","CL:0005006: Ionocyte","false","true",1,0.00149837133550489
"Azimuth","Male","Lung","Lateral Segmental Bronchus","CL:0005012: Multiciliated (non-nasal)","false","false",1,0.0124755700325733
"Azimuth","Male","Lung","Lateral Segmental Bronchus","CL:0009089: Pericytes","false","true",1,0.0157980456026059
"Azimuth","Male","Lung","Lateral Segmental Bronchus","CL:1000413: Ec Arterial","false","true",1,0.00798045602605863
"Azimuth","Male","Lung","Lateral Segmental Bronchus","CL:1000414: Ec Venous Systemic","false","true",1,0.00286644951140065
"Azimuth","Male","Lung","Lateral Segmental Bronchus","CL:4028003: Ec Aerocyte Capillary","false","true",1,0.0208794788273616
"Azimuth","Male","Lung","Lateral Segmental Bronchus","CL:4028004: Alveolar Fibroblasts","false","true",1,0.108697068403909
"Azimuth","Male","Lung","Lateral Segmental Bronchus","CL:4028006: Adventitial Fibroblasts","false","true",1,0.0436156351791531
"Azimuth","Male","Lung","Lateral Segmental Bronchus","CL:4033022: Smg Mucous","false","true",1,0.000195439739413681
"Azimuth","Male","Lung","Lateral Segmental Bronchus","CL:4033023: Smg Duct","false","true",1,0.0000325732899022801
"Azimuth","Male","Lung","Lateral Segmental Bronchus","CL:4033044: Deuterosomal","false","true",1,0.0000651465798045603
"Azimuth","Male","Lung","Left Apical Bronchopulmonary Segment","ASCTB-TEMP:alveolar-m-proliferating: Alveolar Mφ proliferating","false","false",1,0.0000850243736537807
"Azimuth","Male","Lung","Left Apical Bronchopulmonary Segment","ASCTB-TEMP:interstitial-m-perivascular: Interstitial Mφ perivascular","false","false",1,0.00223897517288289
"Azimuth","Male","Lung","Left Apical Bronchopulmonary Segment","ASCTB-TEMP:monocyte-derived-m: Monocyte-derived Mφ","false","false",1,0.00782224237614783
"Azimuth","Male","Lung","Left Apical Bronchopulmonary Segment","ASCTB-TEMP:non-classical-monocytes: Non-classical monocytes","false","false",1,0.0070853644711484
"Azimuth","Male","Lung","Left Apical Bronchopulmonary Segment","ASCTB-TEMP:transitional-club-at2: Transitional Club-AT2","false","false",1,0.00498809658768847
"Azimuth","Male","Lung","Left Apical Bronchopulmonary Segment","CL:0000158: Club (non-nasal)","false","true",1,0.0000850243736537807
"Azimuth","Male","Lung","Left Apical Bronchopulmonary Segment","CL:0000186: Myofibroblasts","false","true",1,0.000878585194422401
"Azimuth","Male","Lung","Left Apical Bronchopulmonary Segment","CL:0000192: Smooth Muscle","false","true",1,0.0017855118467294
"Azimuth","Male","Lung","Left Apical Bronchopulmonary Segment","CL:0000492: Cd4 T Cells","false","true",1,0.0201791180138306
"Azimuth","Male","Lung","Left Apical Bronchopulmonary Segment","CL:0000576: Classical Monocytes","false","true",1,0.00328760911461286
"Azimuth","Male","Lung","Left Apical Bronchopulmonary Segment","CL:0000583: Alveolar Macrophages","false","true",1,0.034378188414012
"Azimuth","Male","Lung","Left Apical Bronchopulmonary Segment","CL:0000623: Nk Cells","false","true",1,0.000425121868268904
"Azimuth","Male","Lung","Left Apical Bronchopulmonary Segment","CL:0000913: Cd8 T Cells","false","true",1,0.0132354608321052
"Azimuth","Male","Lung","Left Apical Bronchopulmonary Segment","CL:0001058: Plasmacytoid Dcs","false","true",1,0.0000566829157691872
"Azimuth","Male","Lung","Left Apical Bronchopulmonary Segment","CL:0002062: At1","false","true",1,0.248554585647886
"Azimuth","Male","Lung","Left Apical Bronchopulmonary Segment","CL:0002063: At2","false","true",1,0.401371726561614
"Azimuth","Male","Lung","Left Apical Bronchopulmonary Segment","CL:0002144: Ec General Capillary","false","true",1,0.071760571363791
"Azimuth","Male","Lung","Left Apical Bronchopulmonary Segment","CL:0002399: Dc2","false","true",1,0.00615009636095681
"Azimuth","Male","Lung","Left Apical Bronchopulmonary Segment","CL:0002480: Goblet (Nasal)","false","false",1,0.000141707289422968
"Azimuth","Male","Lung","Left Apical Bronchopulmonary Segment","CL:0002633: Suprabasal","false","false",1,0.00501643804557306
"Azimuth","Male","Lung","Left Apical Bronchopulmonary Segment","CL:0005006: Ionocyte","false","true",1,0.0414068699693912
"Azimuth","Male","Lung","Left Apical Bronchopulmonary Segment","CL:0005012: Multiciliated (non-nasal)","false","false",1,0.0419736991270831
"Azimuth","Male","Lung","Left Apical Bronchopulmonary Segment","CL:0009089: Pericytes","false","true",1,0.0026640970411518
"Azimuth","Male","Lung","Left Apical Bronchopulmonary Segment","CL:1000413: Ec Arterial","false","true",1,0.0130087291690284
"Azimuth","Male","Lung","Left Apical Bronchopulmonary Segment","CL:1000414: Ec Venous Systemic","false","true",1,0.00841741299172429
"Azimuth","Male","Lung","Left Apical Bronchopulmonary Segment","CL:4028003: Ec Aerocyte Capillary","false","true",1,0.0075104863394173
"Azimuth","Male","Lung","Left Apical Bronchopulmonary Segment","CL:4028004: Alveolar Fibroblasts","false","true",1,0.0399047727015078
"Azimuth","Male","Lung","Left Apical Bronchopulmonary Segment","CL:4028006: Adventitial Fibroblasts","false","true",1,0.00255073120961342
"Azimuth","Male","Lung","Medial Bronchopulmonary Segment","ASCTB-TEMP:alveolar-m-proliferating: Alveolar Mφ proliferating","false","false",1,0.00000287486355717879
"Azimuth","Male","Lung","Medial Bronchopulmonary Segment","ASCTB-TEMP:interstitial-m-perivascular: Interstitial Mφ perivascular","false","false",1,0.0000939792896841745
"Azimuth","Male","Lung","Medial Bronchopulmonary Segment","ASCTB-TEMP:monocyte-derived-m: Monocyte-derived Mφ","false","false",1,0.00102506853710656
"Azimuth","Male","Lung","Medial Bronchopulmonary Segment","ASCTB-TEMP:non-classical-monocytes: Non-classical monocytes","false","false",1,0.00286844183070794
"Azimuth","Male","Lung","Medial Bronchopulmonary Segment","ASCTB-TEMP:transitional-club-at2: Transitional Club-AT2","false","false",1,0.00255987553795705
"Azimuth","Male","Lung","Medial Bronchopulmonary Segment","CL:0000158: Club (non-nasal)","false","true",1,0.000682140437688489
"Azimuth","Male","Lung","Medial Bronchopulmonary Segment","CL:0000186: Myofibroblasts","false","true",1,0.00387813703494248
"Azimuth","Male","Lung","Medial Bronchopulmonary Segment","CL:0000192: Smooth Muscle","false","true",1,0.00742263177975659
"Azimuth","Male","Lung","Medial Bronchopulmonary Segment","CL:0000313: SM activated stress response","false","false",1,0.000527842916995257
"Azimuth","Male","Lung","Medial Bronchopulmonary Segment","CL:0000492: Cd4 T Cells","false","true",1,0.0554959025360307
"Azimuth","Male","Lung","Medial Bronchopulmonary Segment","CL:0000576: Classical Monocytes","false","true",1,0.00466360366245543
"Azimuth","Male","Lung","Medial Bronchopulmonary Segment","CL:0000583: Alveolar Macrophages","false","true",1,0.00149840044747826
"Azimuth","Male","Lung","Medial Bronchopulmonary Segment","CL:0000623: Nk Cells","false","true",1,0.00145256434163849
"Azimuth","Male","Lung","Medial Bronchopulmonary Segment","CL:0000913: Cd8 T Cells","false","true",1,0.0497340219359851
"Azimuth","Male","Lung","Medial Bronchopulmonary Segment","CL:0001058: Plasmacytoid Dcs","false","true",1,0.000280245293133235
"Azimuth","Male","Lung","Medial Bronchopulmonary Segment","CL:0002062: At1","false","true",1,0.191952066709944
"Azimuth","Male","Lung","Medial Bronchopulmonary Segment","CL:0002063: At2","false","true",1,0.0787638766609362
"Azimuth","Male","Lung","Medial Bronchopulmonary Segment","CL:0002075: Tuft","false","false",1,0.000173016476029912
"Azimuth","Male","Lung","Medial Bronchopulmonary Segment","CL:0002144: Ec General Capillary","false","true",1,0.30092724842971
"Azimuth","Male","Lung","Medial Bronchopulmonary Segment","CL:0002241: Peribronchial Fibroblasts","false","false",1,0.00000143383819914292
"Azimuth","Male","Lung","Medial Bronchopulmonary Segment","CL:0002399: Dc2","false","true",1,0.00463991478674427
"Azimuth","Male","Lung","Medial Bronchopulmonary Segment","CL:0002480: Goblet (Nasal)","false","false",1,0.000940745195395061
"Azimuth","Male","Lung","Medial Bronchopulmonary Segment","CL:0002633: Suprabasal","false","false",1,0.00784299432908727
"Azimuth","Male","Lung","Medial Bronchopulmonary Segment","CL:0005006: Ionocyte","false","true",1,0.0224149985139112
"Azimuth","Male","Lung","Medial Bronchopulmonary Segment","CL:0005012: Multiciliated (non-nasal)","false","false",1,0.0926023701898843
"Azimuth","Male","Lung","Medial Bronchopulmonary Segment","CL:0009089: Pericytes","false","true",1,0.0137276819131366
"Azimuth","Male","Lung","Medial Bronchopulmonary Segment","CL:0019003: Goblet (Bronchial)","false","true",1,0.0000461271857749336
"Azimuth","Male","Lung","Medial Bronchopulmonary Segment","CL:1000413: Ec Arterial","false","true",1,0.0228327664988815
"Azimuth","Male","Lung","Medial Bronchopulmonary Segment","CL:1000414: Ec Venous Systemic","false","true",1,0.0455339325248537
"Azimuth","Male","Lung","Medial Bronchopulmonary Segment","CL:4028003: Ec Aerocyte Capillary","false","true",1,0.00965173629756298
"Azimuth","Male","Lung","Medial Bronchopulmonary Segment","CL:4028004: Alveolar Fibroblasts","false","true",1,0.0491241160387502
"Azimuth","Male","Lung","Medial Bronchopulmonary Segment","CL:4028006: Adventitial Fibroblasts","false","true",1,0.0104133738997664
"Azimuth","Male","Lung","Medial Bronchopulmonary Segment","CL:4033005: Smg Serous (Bronchial)","false","true",1,0.000106341202980043
"Azimuth","Male","Lung","Medial Bronchopulmonary Segment","CL:4033022: Smg Mucous","false","true",1,0.0000324715838783344
"Azimuth","Male","Lung","Medial Bronchopulmonary Segment","CL:4033023: Smg Duct","false","true",1,0.000032529081149478
"Azimuth","Male","Lung","Medial Bronchopulmonary Segment","CL:4033044: Deuterosomal","false","true",1,0.0000645766226531285
"CellTypist","Female","Lung","Lateral Bronchopulmonary Segment","CL:0000037: Hematopoietic Stem Cells","false","true",1,0.000126582278481013
"CellTypist","Female","Lung","Lateral Bronchopulmonary Segment","CL:0000158: Club (nasal)","false","true",1,0.014746835443038
"CellTypist","Female","Lung","Lateral Bronchopulmonary Segment","CL:0000165: Neuroendocrine","false","true",1,0.00139240506329114
"CellTypist","Female","Lung","Lateral Bronchopulmonary Segment","CL:0000186: Myofibroblasts","false","true",1,0.0146835443037975
"CellTypist","Female","Lung","Lateral Bronchopulmonary Segment","CL:0000192: Smooth Muscle","false","true",1,0.0144303797468354
"CellTypist","Female","Lung","Lateral Bronchopulmonary Segment","CL:0000313: SMG serous (nasal)","false","false",1,0.000443037974683544
"CellTypist","Female","Lung","Lateral Bronchopulmonary Segment","CL:0000492: Cd4 T Cells","false","true",1,0.0709493670886076
"CellTypist","Female","Lung","Lateral Bronchopulmonary Segment","CL:0000576: Classical Monocytes","false","true",1,0.00120253164556962
"CellTypist","Female","Lung","Lateral Bronchopulmonary Segment","CL:0000583: Alveolar Macrophages","false","true",1,0.0338607594936709
"CellTypist","Female","Lung","Lateral Bronchopulmonary Segment","CL:0000623: Nk Cells","false","true",1,0.0177848101265823
"CellTypist","Female","Lung","Lateral Bronchopulmonary Segment","CL:0000669: Pericytes","false","true",1,0.0280379746835443
"CellTypist","Female","Lung","Lateral Bronchopulmonary Segment","CL:0000784: Plasmacytoid Dcs","false","true",1,0.00151898734177215
"CellTypist","Female","Lung","Lateral Bronchopulmonary Segment","CL:0000875: Non-Classical Monocytes","false","true",1,0.10620253164557
"CellTypist","Female","Lung","Lateral Bronchopulmonary Segment","CL:0000913: Cd8 T Cells","false","true",1,0.010253164556962
"CellTypist","Female","Lung","Lateral Bronchopulmonary Segment","CL:0001056: Migratory DCs","false","true",1,0.000949367088607595
"CellTypist","Female","Lung","Lateral Bronchopulmonary Segment","CL:0002062: At1","false","true",1,0.0779113924050633
"CellTypist","Female","Lung","Lateral Bronchopulmonary Segment","CL:0002063: At2","false","true",1,0.166582278481013
"CellTypist","Female","Lung","Lateral Bronchopulmonary Segment","CL:0002075: Tuft","false","false",1,0.000253164556962025
"CellTypist","Female","Lung","Lateral Bronchopulmonary Segment","CL:0002144: Ec General Capillary","false","true",1,0.0201898734177215
"CellTypist","Female","Lung","Lateral Bronchopulmonary Segment","CL:0002241: Peribronchial Fibroblasts","false","false",1,0.0172151898734177
"CellTypist","Female","Lung","Lateral Bronchopulmonary Segment","CL:0002394: Dc1","false","true",1,0.00132911392405063
"CellTypist","Female","Lung","Lateral Bronchopulmonary Segment","CL:0002399: Dc2","false","true",1,0.0142405063291139
"CellTypist","Female","Lung","Lateral Bronchopulmonary Segment","CL:0002480: Goblet (Nasal)","false","false",1,0.00246835443037975
"CellTypist","Female","Lung","Lateral Bronchopulmonary Segment","CL:0002633: Suprabasal","false","false",1,0.00873417721518987
"CellTypist","Female","Lung","Lateral Bronchopulmonary Segment","CL:0005006: Ionocyte","false","true",1,0.000189873417721519
"CellTypist","Female","Lung","Lateral Bronchopulmonary Segment","CL:0005012: Multiciliated (nasal)","false","false",1,0.0269620253164557
"CellTypist","Female","Lung","Lateral Bronchopulmonary Segment","CL:0010003: AT0","false","false",1,0.00487341772151899
"CellTypist","Female","Lung","Lateral Bronchopulmonary Segment","CL:0019001: pre-TB secretory","false","false",1,0.0338607594936709
"CellTypist","Female","Lung","Lateral Bronchopulmonary Segment","CL:0019003: Goblet (Bronchial)","false","true",1,0.000126582278481013
"CellTypist","Female","Lung","Lateral Bronchopulmonary Segment","CL:1000312: Goblet (subsegmental)","false","false",1,0.00417721518987342
"CellTypist","Female","Lung","Lateral Bronchopulmonary Segment","CL:1000413: Ec Arterial","false","true",1,0.00892405063291139
"CellTypist","Female","Lung","Lateral Bronchopulmonary Segment","CL:1000414: Ec Venous Systemic","false","true",1,0.00753164556962025
"CellTypist","Female","Lung","Lateral Bronchopulmonary Segment","CL:1000491: Mesothelium","false","false",1,0.000189873417721519
"CellTypist","Female","Lung","Lateral Bronchopulmonary Segment","CL:1001603: Monocyte-derived Mph","false","false",1,0.114873417721519
"CellTypist","Female","Lung","Lateral Bronchopulmonary Segment","CL:4023054: Subpleural Fibroblasts","false","false",1,0.000316455696202532
"CellTypist","Female","Lung","Lateral Bronchopulmonary Segment","CL:4028003: Ec Aerocyte Capillary","false","true",1,0.0117721518987342
"CellTypist","Female","Lung","Lateral Bronchopulmonary Segment","CL:4028004: Alveolar Fibroblasts","false","true",1,0.0777848101265823
"CellTypist","Female","Lung","Lateral Bronchopulmonary Segment","CL:4028006: Adventitial Fibroblasts","false","true",1,0.0156962025316456
"CellTypist","Female","Lung","Lateral Bronchopulmonary Segment","CL:4033005: Smg Serous (Bronchial)","false","true",1,0.000443037974683544
"CellTypist","Female","Lung","Lateral Bronchopulmonary Segment","CL:4033022: Smg Mucous","false","true",1,0.0000632911392405063
"CellTypist","Female","Lung","Lateral Bronchopulmonary Segment","CL:4033023: Smg Duct","false","true",1,0.000379746835443038
"CellTypist","Female","Lung","Lateral Bronchopulmonary Segment","CL:4033041: Alveolar Mph Ccl3+","false","true",1,0.000569620253164557
"CellTypist","Female","Lung","Lateral Bronchopulmonary Segment","CL:4033043: Interstitial Mph perivascular","false","true",1,0.0089873417721519
"CellTypist","Female","Lung","Lateral Bronchopulmonary Segment","CL:4033044: Deuterosomal","false","true",1,0.000949367088607595
"CellTypist","Female","Lung","Lateral Segmental Bronchus","CL:0000037: Hematopoietic Stem Cells","false","true",1,0.000126582278481013
"CellTypist","Female","Lung","Lateral Segmental Bronchus","CL:0000158: Club (nasal)","false","true",1,0.014746835443038
"CellTypist","Female","Lung","Lateral Segmental Bronchus","CL:0000165: Neuroendocrine","false","true",1,0.00139240506329114
"CellTypist","Female","Lung","Lateral Segmental Bronchus","CL:0000186: Myofibroblasts","false","true",1,0.0146835443037975
"CellTypist","Female","Lung","Lateral Segmental Bronchus","CL:0000192: Smooth Muscle","false","true",1,0.0144303797468354
"CellTypist","Female","Lung","Lateral Segmental Bronchus","CL:0000313: SMG serous (nasal)","false","false",1,0.000443037974683544
"CellTypist","Female","Lung","Lateral Segmental Bronchus","CL:0000492: Cd4 T Cells","false","true",1,0.0709493670886076
"CellTypist","Female","Lung","Lateral Segmental Bronchus","CL:0000576: Classical Monocytes","false","true",1,0.00120253164556962
"CellTypist","Female","Lung","Lateral Segmental Bronchus","CL:0000583: Alveolar Macrophages","false","true",1,0.0338607594936709
"CellTypist","Female","Lung","Lateral Segmental Bronchus","CL:0000623: Nk Cells","false","true",1,0.0177848101265823
"CellTypist","Female","Lung","Lateral Segmental Bronchus","CL:0000669: Pericytes","false","true",1,0.0280379746835443
"CellTypist","Female","Lung","Lateral Segmental Bronchus","CL:0000784: Plasmacytoid Dcs","false","true",1,0.00151898734177215
"CellTypist","Female","Lung","Lateral Segmental Bronchus","CL:0000875: Non-Classical Monocytes","false","true",1,0.10620253164557
"CellTypist","Female","Lung","Lateral Segmental Bronchus","CL:0000913: Cd8 T Cells","false","true",1,0.010253164556962
"CellTypist","Female","Lung","Lateral Segmental Bronchus","CL:0001056: Migratory DCs","false","true",1,0.000949367088607594
"CellTypist","Female","Lung","Lateral Segmental Bronchus","CL:0002062: At1","false","true",1,0.0779113924050632
"CellTypist","Female","Lung","Lateral Segmental Bronchus","CL:0002063: At2","false","true",1,0.166582278481013
"CellTypist","Female","Lung","Lateral Segmental Bronchus","CL:0002075: Tuft","false","false",1,0.000253164556962025
"CellTypist","Female","Lung","Lateral Segmental Bronchus","CL:0002144: Ec General Capillary","false","true",1,0.0201898734177215
"CellTypist","Female","Lung","Lateral Segmental Bronchus","CL:0002241: Peribronchial Fibroblasts","false","false",1,0.0172151898734177
"CellTypist","Female","Lung","Lateral Segmental Bronchus","CL:0002394: Dc1","false","true",1,0.00132911392405063
"CellTypist","Female","Lung","Lateral Segmental Bronchus","CL:0002399: Dc2","false","true",1,0.0142405063291139
"CellTypist","Female","Lung","Lateral Segmental Bronchus","CL:0002480: Goblet (Nasal)","false","false",1,0.00246835443037975
"CellTypist","Female","Lung","Lateral Segmental Bronchus","CL:0002633: Suprabasal","false","false",1,0.00873417721518987
"CellTypist","Female","Lung","Lateral Segmental Bronchus","CL:0005006: Ionocyte","false","true",1,0.000189873417721519
"CellTypist","Female","Lung","Lateral Segmental Bronchus","CL:0005012: Multiciliated (nasal)","false","false",1,0.0269620253164557
"CellTypist","Female","Lung","Lateral Segmental Bronchus","CL:0010003: AT0","false","false",1,0.00487341772151898
"CellTypist","Female","Lung","Lateral Segmental Bronchus","CL:0019001: pre-TB secretory","false","false",1,0.0338607594936709
"CellTypist","Female","Lung","Lateral Segmental Bronchus","CL:0019003: Goblet (Bronchial)","false","true",1,0.000126582278481013
"CellTypist","Female","Lung","Lateral Segmental Bronchus","CL:1000312: Goblet (subsegmental)","false","false",1,0.00417721518987342
"CellTypist","Female","Lung","Lateral Segmental Bronchus","CL:1000413: Ec Arterial","false","true",1,0.00892405063291139
"CellTypist","Female","Lung","Lateral Segmental Bronchus","CL:1000414: Ec Venous Systemic","false","true",1,0.00753164556962025
"CellTypist","Female","Lung","Lateral Segmental Bronchus","CL:1000491: Mesothelium","false","false",1,0.000189873417721519
"CellTypist","Female","Lung","Lateral Segmental Bronchus","CL:1001603: Monocyte-derived Mph","false","false",1,0.114873417721519
"CellTypist","Female","Lung","Lateral Segmental Bronchus","CL:4023054: Subpleural Fibroblasts","false","false",1,0.000316455696202531
"CellTypist","Female","Lung","Lateral Segmental Bronchus","CL:4028003: Ec Aerocyte Capillary","false","true",1,0.0117721518987342
"CellTypist","Female","Lung","Lateral Segmental Bronchus","CL:4028004: Alveolar Fibroblasts","false","true",1,0.0777848101265822
"CellTypist","Female","Lung","Lateral Segmental Bronchus","CL:4028006: Adventitial Fibroblasts","false","true",1,0.0156962025316456
"CellTypist","Female","Lung","Lateral Segmental Bronchus","CL:4033005: Smg Serous (Bronchial)","false","true",1,0.000443037974683544
"CellTypist","Female","Lung","Lateral Segmental Bronchus","CL:4033022: Smg Mucous","false","true",1,0.0000632911392405063
"CellTypist","Female","Lung","Lateral Segmental Bronchus","CL:4033023: Smg Duct","false","true",1,0.000379746835443038
"CellTypist","Female","Lung","Lateral Segmental Bronchus","CL:4033041: Alveolar Mph Ccl3+","false","true",1,0.000569620253164557
"CellTypist","Female","Lung","Lateral Segmental Bronchus","CL:4033043: Interstitial Mph perivascular","false","true",1,0.00898734177215189
"CellTypist","Female","Lung","Lateral Segmental Bronchus","CL:4033044: Deuterosomal","false","true",1,0.000949367088607594
"CellTypist","Female","Lung","Medial Bronchopulmonary Segment","CL:0000037: Hematopoietic Stem Cells","false","true",1,0.000126582278481013
"CellTypist","Female","Lung","Medial Bronchopulmonary Segment","CL:0000158: Club (nasal)","false","true",1,0.014746835443038
"CellTypist","Female","Lung","Medial Bronchopulmonary Segment","CL:0000165: Neuroendocrine","false","true",1,0.00139240506329114
"CellTypist","Female","Lung","Medial Bronchopulmonary Segment","CL:0000186: Myofibroblasts","false","true",1,0.0146835443037975
"CellTypist","Female","Lung","Medial Bronchopulmonary Segment","CL:0000192: Smooth Muscle","false","true",1,0.0144303797468354
"CellTypist","Female","Lung","Medial Bronchopulmonary Segment","CL:0000313: SMG serous (nasal)","false","false",1,0.000443037974683544
"CellTypist","Female","Lung","Medial Bronchopulmonary Segment","CL:0000492: Cd4 T Cells","false","true",1,0.0709493670886076
"CellTypist","Female","Lung","Medial Bronchopulmonary Segment","CL:0000576: Classical Monocytes","false","true",1,0.00120253164556962
"CellTypist","Female","Lung","Medial Bronchopulmonary Segment","CL:0000583: Alveolar Macrophages","false","true",1,0.0338607594936709
"CellTypist","Female","Lung","Medial Bronchopulmonary Segment","CL:0000623: Nk Cells","false","true",1,0.0177848101265823
"CellTypist","Female","Lung","Medial Bronchopulmonary Segment","CL:0000669: Pericytes","false","true",1,0.0280379746835443
"CellTypist","Female","Lung","Medial Bronchopulmonary Segment","CL:0000784: Plasmacytoid Dcs","false","true",1,0.00151898734177215
"CellTypist","Female","Lung","Medial Bronchopulmonary Segment","CL:0000875: Non-Classical Monocytes","false","true",1,0.10620253164557
"CellTypist","Female","Lung","Medial Bronchopulmonary Segment","CL:0000913: Cd8 T Cells","false","true",1,0.010253164556962
"CellTypist","Female","Lung","Medial Bronchopulmonary Segment","CL:0001056: Migratory DCs","false","true",1,0.000949367088607595
"CellTypist","Female","Lung","Medial Bronchopulmonary Segment","CL:0002062: At1","false","true",1,0.0779113924050633
"CellTypist","Female","Lung","Medial Bronchopulmonary Segment","CL:0002063: At2","false","true",1,0.166582278481013
"CellTypist","Female","Lung","Medial Bronchopulmonary Segment","CL:0002075: Tuft","false","false",1,0.000253164556962025
"CellTypist","Female","Lung","Medial Bronchopulmonary Segment","CL:0002144: Ec General Capillary","false","true",1,0.0201898734177215
"CellTypist","Female","Lung","Medial Bronchopulmonary Segment","CL:0002241: Peribronchial Fibroblasts","false","false",1,0.0172151898734177
"CellTypist","Female","Lung","Medial Bronchopulmonary Segment","CL:0002394: Dc1","false","true",1,0.00132911392405063
"CellTypist","Female","Lung","Medial Bronchopulmonary Segment","CL:0002399: Dc2","false","true",1,0.0142405063291139
"CellTypist","Female","Lung","Medial Bronchopulmonary Segment","CL:0002480: Goblet (Nasal)","false","false",1,0.00246835443037975
"CellTypist","Female","Lung","Medial Bronchopulmonary Segment","CL:0002633: Suprabasal","false","false",1,0.00873417721518987
"CellTypist","Female","Lung","Medial Bronchopulmonary Segment","CL:0005006: Ionocyte","false","true",1,0.000189873417721519
"CellTypist","Female","Lung","Medial Bronchopulmonary Segment","CL:0005012: Multiciliated (nasal)","false","false",1,0.0269620253164557
"CellTypist","Female","Lung","Medial Bronchopulmonary Segment","CL:0010003: AT0","false","false",1,0.00487341772151899
"CellTypist","Female","Lung","Medial Bronchopulmonary Segment","CL:0019001: pre-TB secretory","false","false",1,0.0338607594936709
"CellTypist","Female","Lung","Medial Bronchopulmonary Segment","CL:0019003: Goblet (Bronchial)","false","true",1,0.000126582278481013
"CellTypist","Female","Lung","Medial Bronchopulmonary Segment","CL:1000312: Goblet (subsegmental)","false","false",1,0.00417721518987342
"CellTypist","Female","Lung","Medial Bronchopulmonary Segment","CL:1000413: Ec Arterial","false","true",1,0.00892405063291139
"CellTypist","Female","Lung","Medial Bronchopulmonary Segment","CL:1000414: Ec Venous Systemic","false","true",1,0.00753164556962025
"CellTypist","Female","Lung","Medial Bronchopulmonary Segment","CL:1000491: Mesothelium","false","false",1,0.000189873417721519
"CellTypist","Female","Lung","Medial Bronchopulmonary Segment","CL:1001603: Monocyte-derived Mph","false","false",1,0.114873417721519
"CellTypist","Female","Lung","Medial Bronchopulmonary Segment","CL:4023054: Subpleural Fibroblasts","false","false",1,0.000316455696202532
"CellTypist","Female","Lung","Medial Bronchopulmonary Segment","CL:4028003: Ec Aerocyte Capillary","false","true",1,0.0117721518987342
"CellTypist","Female","Lung","Medial Bronchopulmonary Segment","CL:4028004: Alveolar Fibroblasts","false","true",1,0.0777848101265823
"CellTypist","Female","Lung","Medial Bronchopulmonary Segment","CL:4028006: Adventitial Fibroblasts","false","true",1,0.0156962025316456
"CellTypist","Female","Lung","Medial Bronchopulmonary Segment","CL:4033005: Smg Serous (Bronchial)","false","true",1,0.000443037974683544
"CellTypist","Female","Lung","Medial Bronchopulmonary Segment","CL:4033022: Smg Mucous","false","true",1,0.0000632911392405063
"CellTypist","Female","Lung","Medial Bronchopulmonary Segment","CL:4033023: Smg Duct","false","true",1,0.000379746835443038
"CellTypist","Female","Lung","Medial Bronchopulmonary Segment","CL:4033041: Alveolar Mph Ccl3+","false","true",1,0.000569620253164557
"CellTypist","Female","Lung","Medial Bronchopulmonary Segment","CL:4033043: Interstitial Mph perivascular","false","true",1,0.0089873417721519
"CellTypist","Female","Lung","Medial Bronchopulmonary Segment","CL:4033044: Deuterosomal","false","true",1,0.000949367088607595
"CellTypist","Male","Lung","Lateral Bronchopulmonary Segment","CL:0000037: Hematopoietic Stem Cells","false","true",1,0.000223532517820998
"CellTypist","Male","Lung","Lateral Bronchopulmonary Segment","CL:0000158: Club (non-nasal)","false","true",1,0.0410895010120567
"CellTypist","Male","Lung","Lateral Bronchopulmonary Segment","CL:0000165: Neuroendocrine","false","true",1,0.0119950717240165
"CellTypist","Male","Lung","Lateral Bronchopulmonary Segment","CL:0000186: Myofibroblasts","false","true",1,0.00225996655812725
"CellTypist","Male","Lung","Lateral Bronchopulmonary Segment","CL:0000192: Smooth Muscle","false","true",1,0.0119405086684854
"CellTypist","Male","Lung","Lateral Bronchopulmonary Segment","CL:0000313: SMG serous (nasal)","false","false",1,0.00153480594913315
"CellTypist","Male","Lung","Lateral Bronchopulmonary Segment","CL:0000492: Cd4 T Cells","false","true",1,0.0950435624394966
"CellTypist","Male","Lung","Lateral Bronchopulmonary Segment","CL:0000576: Classical Monocytes","false","true",1,0.000237613306345155
"CellTypist","Male","Lung","Lateral Bronchopulmonary Segment","CL:0000583: Alveolar Macrophages","false","true",1,0.00768811053418991
"CellTypist","Male","Lung","Lateral Bronchopulmonary Segment","CL:0000623: Nk Cells","false","true",1,0.00449705183490275
"CellTypist","Male","Lung","Lateral Bronchopulmonary Segment","CL:0000669: Pericytes","false","true",1,0.0155363900378421
"CellTypist","Male","Lung","Lateral Bronchopulmonary Segment","CL:0000784: Plasmacytoid Dcs","false","true",1,0.000758602481738977
"CellTypist","Male","Lung","Lateral Bronchopulmonary Segment","CL:0000875: Non-Classical Monocytes","false","true",1,0.054364164393206
"CellTypist","Male","Lung","Lateral Bronchopulmonary Segment","CL:0000913: Cd8 T Cells","false","true",1,0.0122995687758514
"CellTypist","Male","Lung","Lateral Bronchopulmonary Segment","CL:0001056: Migratory DCs","false","true",1,0.000269295080524509
"CellTypist","Male","Lung","Lateral Bronchopulmonary Segment","CL:0002062: At1","false","true",1,0.0827369532693831
"CellTypist","Male","Lung","Lateral Bronchopulmonary Segment","CL:0002063: At2","false","true",1,0.167855319897914
"CellTypist","Male","Lung","Lateral Bronchopulmonary Segment","CL:0002075: Tuft","false","false",1,0.000255214292000352
"CellTypist","Male","Lung","Lateral Bronchopulmonary Segment","CL:0002144: Ec General Capillary","false","true",1,0.0978385989615418
"CellTypist","Male","Lung","Lateral Bronchopulmonary Segment","CL:0002241: Peribronchial Fibroblasts","false","false",1,0.004877233125055
"CellTypist","Male","Lung","Lateral Bronchopulmonary Segment","CL:0002394: Dc1","false","true",1,0.00152424535774003
"CellTypist","Male","Lung","Lateral Bronchopulmonary Segment","CL:0002399: Dc2","false","true",1,0.00881809381325354
"CellTypist","Male","Lung","Lateral Bronchopulmonary Segment","CL:0002480: Goblet (Nasal)","false","false",1,0.000827246325794244
"CellTypist","Male","Lung","Lateral Bronchopulmonary Segment","CL:0002633: Suprabasal","false","false",1,0.0793874856991992
"CellTypist","Male","Lung","Lateral Bronchopulmonary Segment","CL:0005006: Ionocyte","false","true",1,0.000450585232773035
"CellTypist","Male","Lung","Lateral Bronchopulmonary Segment","CL:0005012: Multiciliated (non-nasal)","false","false",1,0.0807691630731321
"CellTypist","Male","Lung","Lateral Bronchopulmonary Segment","CL:0010003: AT0","false","false",1,0.00110182170201531
"CellTypist","Male","Lung","Lateral Bronchopulmonary Segment","CL:0019001: pre-TB secretory","false","false",1,0.0236821261990671
"CellTypist","Male","Lung","Lateral Bronchopulmonary Segment","CL:0019003: Goblet (Bronchial)","false","true",1,0.000366100501628091
"CellTypist","Male","Lung","Lateral Bronchopulmonary Segment","CL:1000312: Goblet (subsegmental)","false","false",1,0.0257220804365044
"CellTypist","Male","Lung","Lateral Bronchopulmonary Segment","CL:1000413: Ec Arterial","false","true",1,0.0113297544662501
"CellTypist","Male","Lung","Lateral Bronchopulmonary Segment","CL:1000414: Ec Venous Systemic","false","true",1,0.00875825046202587
"CellTypist","Male","Lung","Lateral Bronchopulmonary Segment","CL:1000491: Mesothelium","false","false",1,0.000927571944028866
"CellTypist","Male","Lung","Lateral Bronchopulmonary Segment","CL:1001603: Monocyte-derived Mph","false","false",1,0.0216333714688022
"CellTypist","Male","Lung","Lateral Bronchopulmonary Segment","CL:4023054: Subpleural Fibroblasts","false","false",1,0.00010560591393118
"CellTypist","Male","Lung","Lateral Bronchopulmonary Segment","CL:4028003: Ec Aerocyte Capillary","false","true",1,0.0234973158496876
"CellTypist","Male","Lung","Lateral Bronchopulmonary Segment","CL:4028004: Alveolar Fibroblasts","false","true",1,0.0450990055443105
"CellTypist","Male","Lung","Lateral Bronchopulmonary Segment","CL:4028006: Adventitial Fibroblasts","false","true",1,0.00361700255214292
"CellTypist","Male","Lung","Lateral Bronchopulmonary Segment","CL:4033005: Smg Serous (Bronchial)","false","true",1,0.00293760450585233
"CellTypist","Male","Lung","Lateral Bronchopulmonary Segment","CL:4033022: Smg Mucous","false","true",1,0.0033107454017425
"CellTypist","Male","Lung","Lateral Bronchopulmonary Segment","CL:4033023: Smg Duct","false","true",1,0.000329138431752178
"CellTypist","Male","Lung","Lateral Bronchopulmonary Segment","CL:4033041: Alveolar Mph Ccl3+","false","true",1,0.00107718032209804
"CellTypist","Male","Lung","Lateral Bronchopulmonary Segment","CL:4033042: Alveolar Mph Mt-Positive","false","true",1,0.00042594385285576
"CellTypist","Male","Lung","Lateral Bronchopulmonary Segment","CL:4033043: Interstitial Mph perivascular","false","true",1,0.00309249317961806
"CellTypist","Male","Lung","Lateral Bronchopulmonary Segment","CL:4033044: Deuterosomal","false","true",1,0.00122678870016721
"CellTypist","Male","Lung","Lateral Segmental Bronchus","CL:0000037: Hematopoietic Stem Cells","false","true",1,0.000390879478827362
"CellTypist","Male","Lung","Lateral Segmental Bronchus","CL:0000158: Hillock-like","false","true",1,0.0126384364820847
"CellTypist","Male","Lung","Lateral Segmental Bronchus","CL:0000165: Neuroendocrine","false","true",1,0.00172638436482085
"CellTypist","Male","Lung","Lateral Segmental Bronchus","CL:0000186: Myofibroblasts","false","true",1,0.00964169381107492
"CellTypist","Male","Lung","Lateral Segmental Bronchus","CL:0000192: Smooth Muscle","false","true",1,0.0115960912052117
"CellTypist","Male","Lung","Lateral Segmental Bronchus","CL:0000313: SMG serous (nasal)","false","false",1,0.000553745928338762
"CellTypist","Male","Lung","Lateral Segmental Bronchus","CL:0000492: Cd4 T Cells","false","true",1,0.0704234527687297
"CellTypist","Male","Lung","Lateral Segmental Bronchus","CL:0000576: Classical Monocytes","false","true",1,0.000846905537459284
"CellTypist","Male","Lung","Lateral Segmental Bronchus","CL:0000583: Alveolar Macrophages","false","true",1,0.0837785016286645
"CellTypist","Male","Lung","Lateral Segmental Bronchus","CL:0000623: Nk Cells","false","true",1,0.0107491856677524
"CellTypist","Male","Lung","Lateral Segmental Bronchus","CL:0000669: Pericytes","false","true",1,0.0162540716612378
"CellTypist","Male","Lung","Lateral Segmental Bronchus","CL:0000784: Plasmacytoid Dcs","false","true",1,0.00241042345276873
"CellTypist","Male","Lung","Lateral Segmental Bronchus","CL:0000875: Non-Classical Monocytes","false","true",1,0.049413680781759
"CellTypist","Male","Lung","Lateral Segmental Bronchus","CL:0000913: Cd8 T Cells","false","true",1,0.0141693811074919
"CellTypist","Male","Lung","Lateral Segmental Bronchus","CL:0001056: Migratory DCs","false","true",1,0.00133550488599349
"CellTypist","Male","Lung","Lateral Segmental Bronchus","CL:0002062: At1","false","true",1,0.100032573289902
"CellTypist","Male","Lung","Lateral Segmental Bronchus","CL:0002063: At2","false","true",1,0.185765472312704
"CellTypist","Male","Lung","Lateral Segmental Bronchus","CL:0002075: Tuft","false","false",1,0.000358306188925081
"CellTypist","Male","Lung","Lateral Segmental Bronchus","CL:0002144: Ec General Capillary","false","true",1,0.0153745928338762
"CellTypist","Male","Lung","Lateral Segmental Bronchus","CL:0002241: Peribronchial Fibroblasts","false","false",1,0.0238436482084691
"CellTypist","Male","Lung","Lateral Segmental Bronchus","CL:0002394: Dc1","false","true",1,0.00130293159609121
"CellTypist","Male","Lung","Lateral Segmental Bronchus","CL:0002399: Dc2","false","true",1,0.00947882736156352
"CellTypist","Male","Lung","Lateral Segmental Bronchus","CL:0002480: Goblet (Nasal)","false","false",1,0.00156351791530945
"CellTypist","Male","Lung","Lateral Segmental Bronchus","CL:0002633: Suprabasal","false","false",1,0.00667752442996743
"CellTypist","Male","Lung","Lateral Segmental Bronchus","CL:0005006: Ionocyte","false","true",1,0.000293159609120521
"CellTypist","Male","Lung","Lateral Segmental Bronchus","CL:0005012: Multiciliated (nasal)","false","false",1,0.0186970684039088
"CellTypist","Male","Lung","Lateral Segmental Bronchus","CL:0010003: AT0","false","false",1,0.00736156351791531
"CellTypist","Male","Lung","Lateral Segmental Bronchus","CL:0019001: pre-TB secretory","false","false",1,0.0333876221498371
"CellTypist","Male","Lung","Lateral Segmental Bronchus","CL:0019003: Goblet (Bronchial)","false","true",1,0.0000651465798045603
"CellTypist","Male","Lung","Lateral Segmental Bronchus","CL:1000312: Goblet (subsegmental)","false","false",1,0.00517915309446254
"CellTypist","Male","Lung","Lateral Segmental Bronchus","CL:1000413: Ec Arterial","false","true",1,0.0122475570032573
"CellTypist","Male","Lung","Lateral Segmental Bronchus","CL:1000414: Ec Venous Systemic","false","true",1,0.00570032573289902
"CellTypist","Male","Lung","Lateral Segmental Bronchus","CL:1000491: Mesothelium","false","false",1,0.000228013029315961
"CellTypist","Male","Lung","Lateral Segmental Bronchus","CL:1001603: Monocyte-derived Mph","false","false",1,0.0729967426710098
"CellTypist","Male","Lung","Lateral Segmental Bronchus","CL:4023054: Subpleural Fibroblasts","false","false",1,0.000130293159609121
"CellTypist","Male","Lung","Lateral Segmental Bronchus","CL:4028003: Ec Aerocyte Capillary","false","true",1,0.0211074918566775
"CellTypist","Male","Lung","Lateral Segmental Bronchus","CL:4028004: Alveolar Fibroblasts","false","true",1,0.085928338762215
"CellTypist","Male","Lung","Lateral Segmental Bronchus","CL:4028006: Adventitial Fibroblasts","false","true",1,0.0237459283387622
"CellTypist","Male","Lung","Lateral Segmental Bronchus","CL:4033005: Smg Serous (Bronchial)","false","true",1,0.000618892508143323
"CellTypist","Male","Lung","Lateral Segmental Bronchus","CL:4033022: Smg Mucous","false","true",1,0.000716612377850163
"CellTypist","Male","Lung","Lateral Segmental Bronchus","CL:4033023: Smg Duct","false","true",1,0.00104234527687296
"CellTypist","Male","Lung","Lateral Segmental Bronchus","CL:4033041: Alveolar Mph Ccl3+","false","true",1,0.00260586319218241
"CellTypist","Male","Lung","Lateral Segmental Bronchus","CL:4033042: Alveolar Mph Mt-Positive","false","true",1,0.000716612377850163
"CellTypist","Male","Lung","Lateral Segmental Bronchus","CL:4033043: Interstitial Mph perivascular","false","true",1,0.028957654723127
"CellTypist","Male","Lung","Lateral Segmental Bronchus","CL:4033044: Deuterosomal","false","true",1,0.000814332247557003
"CellTypist","Male","Lung","Left Apical Bronchopulmonary Segment","CL:0000037: Hematopoietic Stem Cells","false","true",1,0.000850243736537808
"CellTypist","Male","Lung","Left Apical Bronchopulmonary Segment","CL:0000158: Hillock-like","false","true",1,0.0254222877224804
"CellTypist","Male","Lung","Left Apical Bronchopulmonary Segment","CL:0000165: Neuroendocrine","false","true",1,0.0105713637909534
"CellTypist","Male","Lung","Left Apical Bronchopulmonary Segment","CL:0000186: Myofibroblasts","false","true",1,0.00161546309942183
"CellTypist","Male","Lung","Left Apical Bronchopulmonary Segment","CL:0000192: Smooth Muscle","false","true",1,0.0145108264369119
"CellTypist","Male","Lung","Left Apical Bronchopulmonary Segment","CL:0000313: SMG serous (nasal)","false","false",1,0.00580999886634168
"CellTypist","Male","Lung","Left Apical Bronchopulmonary Segment","CL:0000492: Cd4 T Cells","false","true",1,0.019527264482485
"CellTypist","Male","Lung","Left Apical Bronchopulmonary Segment","CL:0000576: Classical Monocytes","false","true",1,0.00039678041038431
"CellTypist","Male","Lung","Left Apical Bronchopulmonary Segment","CL:0000583: Alveolar Macrophages","false","true",1,0.0339814080036277
"CellTypist","Male","Lung","Left Apical Bronchopulmonary Segment","CL:0000623: Nk Cells","false","true",1,0.0177700940936402
"CellTypist","Male","Lung","Left Apical Bronchopulmonary Segment","CL:0000669: Pericytes","false","true",1,0.00249404829384423
"CellTypist","Male","Lung","Left Apical Bronchopulmonary Segment","CL:0000784: Plasmacytoid Dcs","false","true",1,0.00070853644711484
"CellTypist","Male","Lung","Left Apical Bronchopulmonary Segment","CL:0000875: Non-Classical Monocytes","false","true",1,0.0278879945584401
"CellTypist","Male","Lung","Left Apical Bronchopulmonary Segment","CL:0000913: Cd8 T Cells","false","true",1,0.00623512073461059
"CellTypist","Male","Lung","Left Apical Bronchopulmonary Segment","CL:0001056: Migratory DCs","false","true",1,0.0000283414578845936
"CellTypist","Male","Lung","Left Apical Bronchopulmonary Segment","CL:0002062: At1","false","true",1,0.187025280580433
"CellTypist","Male","Lung","Left Apical Bronchopulmonary Segment","CL:0002063: At2","false","true",1,0.377309828817594
"CellTypist","Male","Lung","Left Apical Bronchopulmonary Segment","CL:0002075: Tuft","false","false",1,0.000283414578845936
"CellTypist","Male","Lung","Left Apical Bronchopulmonary Segment","CL:0002144: Ec General Capillary","false","true",1,0.0137739485319125
"CellTypist","Male","Lung","Left Apical Bronchopulmonary Segment","CL:0002241: Peribronchial Fibroblasts","false","false",1,0.00291917016211314
"CellTypist","Male","Lung","Left Apical Bronchopulmonary Segment","CL:0002394: Dc1","false","true",1,0.00272077995692098
"CellTypist","Male","Lung","Left Apical Bronchopulmonary Segment","CL:0002399: Dc2","false","true",1,0.00410951139326607
"CellTypist","Male","Lung","Left Apical Bronchopulmonary Segment","CL:0002480: Goblet (Nasal)","false","false",1,0.000226731663076749
"CellTypist","Male","Lung","Left Apical Bronchopulmonary Segment","CL:0002633: Suprabasal","false","false",1,0.0413218455957374
"CellTypist","Male","Lung","Left Apical Bronchopulmonary Segment","CL:0005006: Ionocyte","false","true",1,0.0000850243736537807
"CellTypist","Male","Lung","Left Apical Bronchopulmonary Segment","CL:0005012: Multiciliated (nasal)","false","false",1,0.0323659449042059
"CellTypist","Male","Lung","Left Apical Bronchopulmonary Segment","CL:0010003: AT0","false","false",1,0.00668858406076409
"CellTypist","Male","Lung","Left Apical Bronchopulmonary Segment","CL:0019001: pre-TB secretory","false","false",1,0.0229849223444054
"CellTypist","Male","Lung","Left Apical Bronchopulmonary Segment","CL:0019003: Goblet (Bronchial)","false","true",1,0.0000566829157691872
"CellTypist","Male","Lung","Left Apical Bronchopulmonary Segment","CL:1000312: Goblet (subsegmental)","false","false",1,0.00416619430903526
"CellTypist","Male","Lung","Left Apical Bronchopulmonary Segment","CL:1000413: Ec Arterial","false","true",1,0.0189320938669085
"CellTypist","Male","Lung","Left Apical Bronchopulmonary Segment","CL:1000414: Ec Venous Systemic","false","true",1,0.0154177530892189
"CellTypist","Male","Lung","Left Apical Bronchopulmonary Segment","CL:1000491: Mesothelium","false","false",1,0.000765219362884027
"CellTypist","Male","Lung","Left Apical Bronchopulmonary Segment","CL:1001603: Monocyte-derived Mph","false","false",1,0.0201224350980614
"CellTypist","Male","Lung","Left Apical Bronchopulmonary Segment","CL:4023054: Subpleural Fibroblasts","false","false",1,0.000538487699807278
"CellTypist","Male","Lung","Left Apical Bronchopulmonary Segment","CL:4028003: Ec Aerocyte Capillary","false","true",1,0.00609341344518762
"CellTypist","Male","Lung","Left Apical Bronchopulmonary Segment","CL:4028004: Alveolar Fibroblasts","false","true",1,0.0308071647205532
"CellTypist","Male","Lung","Left Apical Bronchopulmonary Segment","CL:4028006: Adventitial Fibroblasts","false","true",1,0.00340097494615123
"CellTypist","Male","Lung","Left Apical Bronchopulmonary Segment","CL:4033005: Smg Serous (Bronchial)","false","true",1,0.000170048747307561
"CellTypist","Male","Lung","Left Apical Bronchopulmonary Segment","CL:4033022: Smg Mucous","false","true",1,0.00393946264595851
"CellTypist","Male","Lung","Left Apical Bronchopulmonary Segment","CL:4033023: Smg Duct","false","true",1,0.00161546309942183
"CellTypist","Male","Lung","Left Apical Bronchopulmonary Segment","CL:4033041: Alveolar Mph Ccl3+","false","true",1,0.00257907266749802
"CellTypist","Male","Lung","Left Apical Bronchopulmonary Segment","CL:4033042: Alveolar Mph Mt-Positive","false","true",1,0.000651853531345652
"CellTypist","Male","Lung","Left Apical Bronchopulmonary Segment","CL:4033043: Interstitial Mph perivascular","false","true",1,0.00385443827230473
"CellTypist","Male","Lung","Left Apical Bronchopulmonary Segment","CL:4033044: Deuterosomal","false","true",1,0.00107697539961456
"CellTypist","Male","Lung","Medial Bronchopulmonary Segment","CL:0000037: Hematopoietic Stem Cells","false","true",1,0.000137767055239454
"CellTypist","Male","Lung","Medial Bronchopulmonary Segment","CL:0000158: Club (non-nasal)","false","true",1,0.0616811391370859
"CellTypist","Male","Lung","Medial Bronchopulmonary Segment","CL:0000165: Neuroendocrine","false","true",1,0.00648959840585366
"CellTypist","Male","Lung","Medial Bronchopulmonary Segment","CL:0000186: Myofibroblasts","false","true",1,0.00137983748080076
"CellTypist","Male","Lung","Medial Bronchopulmonary Segment","CL:0000192: Smooth Muscle","false","true",1,0.00649029196668683
"CellTypist","Male","Lung","Medial Bronchopulmonary Segment","CL:0000313: SMG serous (nasal)","false","false",1,0.00078475509878254
"CellTypist","Male","Lung","Medial Bronchopulmonary Segment","CL:0000492: Cd4 T Cells","false","true",1,0.114624687496941
"CellTypist","Male","Lung","Medial Bronchopulmonary Segment","CL:0000576: Classical Monocytes","false","true",1,0.000246426116962473
"CellTypist","Male","Lung","Medial Bronchopulmonary Segment","CL:0000583: Alveolar Macrophages","false","true",1,0.00415429642824508
"CellTypist","Male","Lung","Medial Bronchopulmonary Segment","CL:0000623: Nk Cells","false","true",1,0.0025219668683762
"CellTypist","Male","Lung","Medial Bronchopulmonary Segment","CL:0000669: Pericytes","false","true",1,0.00956630613338197
"CellTypist","Male","Lung","Medial Bronchopulmonary Segment","CL:0000784: Plasmacytoid Dcs","false","true",1,0.000411622964116859
"CellTypist","Male","Lung","Medial Bronchopulmonary Segment","CL:0000875: Non-Classical Monocytes","false","true",1,0.0315074157321072
"CellTypist","Male","Lung","Medial Bronchopulmonary Segment","CL:0000913: Cd8 T Cells","false","true",1,0.0131349461384969
"CellTypist","Male","Lung","Medial Bronchopulmonary Segment","CL:0001056: Migratory DCs","false","true",1,0.000153808793888512
"CellTypist","Male","Lung","Medial Bronchopulmonary Segment","CL:0002062: At1","false","true",1,0.0857637777225069
"CellTypist","Male","Lung","Medial Bronchopulmonary Segment","CL:0002063: At2","false","true",1,0.166791702867787
"CellTypist","Male","Lung","Medial Bronchopulmonary Segment","CL:0002075: Tuft","false","false",1,0.000163137726131557
"CellTypist","Male","Lung","Medial Bronchopulmonary Segment","CL:0002144: Ec General Capillary","false","true",1,0.090343349123186
"CellTypist","Male","Lung","Medial Bronchopulmonary Segment","CL:0002241: Peribronchial Fibroblasts","false","false",1,0.00209297254121509
"CellTypist","Male","Lung","Medial Bronchopulmonary Segment","CL:0002394: Dc1","false","true",1,0.000746404418929775
"CellTypist","Male","Lung","Medial Bronchopulmonary Segment","CL:0002399: Dc2","false","true",1,0.00582731968176583
"CellTypist","Male","Lung","Medial Bronchopulmonary Segment","CL:0002480: Goblet (Nasal)","false","false",1,0.000439480391985921
"CellTypist","Male","Lung","Medial Bronchopulmonary Segment","CL:0002633: Suprabasal","false","false",1,0.172830921555194
"CellTypist","Male","Lung","Medial Bronchopulmonary Segment","CL:0005006: Ionocyte","false","true",1,0.000219801286843551
"CellTypist","Male","Lung","Medial Bronchopulmonary Segment","CL:0005012: Multiciliated (non-nasal)","false","false",1,0.0795005784153606
"CellTypist","Male","Lung","Medial Bronchopulmonary Segment","CL:0010003: AT0","false","false",1,0.000562693450467157
"CellTypist","Male","Lung","Medial Bronchopulmonary Segment","CL:0019001: pre-TB secretory","false","false",1,0.0178340615530424
"CellTypist","Male","Lung","Medial Bronchopulmonary Segment","CL:0019003: Goblet (Bronchial)","false","true",1,0.000122307476460725
"CellTypist","Male","Lung","Medial Bronchopulmonary Segment","CL:1000312: Goblet (subsegmental)","false","false",1,0.0182491235726895
"CellTypist","Male","Lung","Medial Bronchopulmonary Segment","CL:1000413: Ec Arterial","false","true",1,0.00879334516234275
"CellTypist","Male","Lung","Medial Bronchopulmonary Segment","CL:1000414: Ec Venous Systemic","false","true",1,0.00670089369014741
"CellTypist","Male","Lung","Medial Bronchopulmonary Segment","CL:1000491: Mesothelium","false","false",1,0.000595463301439549
"CellTypist","Male","Lung","Medial Bronchopulmonary Segment","CL:1001603: Monocyte-derived Mph","false","false",1,0.00961909222187122
"CellTypist","Male","Lung","Medial Bronchopulmonary Segment","CL:4023054: Subpleural Fibroblasts","false","false",1,0.0000672933687146624
"CellTypist","Male","Lung","Medial Bronchopulmonary Segment","CL:4028003: Ec Aerocyte Capillary","false","true",1,0.0150558868444504
"CellTypist","Male","Lung","Medial Bronchopulmonary Segment","CL:4028004: Alveolar Fibroblasts","false","true",1,0.0307682954987154
"CellTypist","Male","Lung","Medial Bronchopulmonary Segment","CL:4028006: Adventitial Fibroblasts","false","true",1,0.00222016728572302
"CellTypist","Male","Lung","Medial Bronchopulmonary Segment","CL:4033005: Smg Serous (Bronchial)","false","true",1,0.00126642770704951
"CellTypist","Male","Lung","Medial Bronchopulmonary Segment","CL:4033022: Smg Mucous","false","true",1,0.00203173076028828
"CellTypist","Male","Lung","Medial Bronchopulmonary Segment","CL:4033023: Smg Duct","false","true",1,0.000129250271951312
"CellTypist","Male","Lung","Medial Bronchopulmonary Segment","CL:4033041: Alveolar Mph Ccl3+","false","true",1,0.000581207571775389
"CellTypist","Male","Lung","Medial Bronchopulmonary Segment","CL:4033042: Alveolar Mph Mt-Positive","false","true",1,0.000192134318685151
"CellTypist","Male","Lung","Medial Bronchopulmonary Segment","CL:4033043: Interstitial Mph perivascular","false","true",1,0.00155865758763673
"CellTypist","Male","Lung","Medial Bronchopulmonary Segment","CL:4033044: Deuterosomal","false","true",1,0.000608051610240546
"popV","Female","Lung","Lateral Bronchopulmonary Segment","CL:0000071: Blood Vessel Endothelial Cell","false","true",1,0.000189873417721519
"popV","Female","Lung","Lateral Bronchopulmonary Segment","CL:0000158: Club Cell","false","true",1,0.0380379746835443
"popV","Female","Lung","Lateral Bronchopulmonary Segment","CL:0000192: Smooth Muscle Cell","false","true",1,0.000506329113924051
"popV","Female","Lung","Lateral Bronchopulmonary Segment","CL:0000235: Macrophage","false","true",1,0.142278481012658
"popV","Female","Lung","Lateral Bronchopulmonary Segment","CL:0000359: Vascular Associated Smooth Muscle Cell","false","true",1,0.00164556962025316
"popV","Female","Lung","Lateral Bronchopulmonary Segment","CL:0000451: Dendritic Cell","false","true",1,0.00613924050632911
"popV","Female","Lung","Lateral Bronchopulmonary Segment","CL:0000646: Basal Cell","false","true",1,0.00430379746835443
"popV","Female","Lung","Lateral Bronchopulmonary Segment","CL:0000669: Pericyte","false","true",1,0.0151898734177215
"popV","Female","Lung","Lateral Bronchopulmonary Segment","CL:0000767: Basophil","false","true",1,0.0089873417721519
"popV","Female","Lung","Lateral Bronchopulmonary Segment","CL:0000814: Mature Nk T Cell","false","true",1,0.0113924050632911
"popV","Female","Lung","Lateral Bronchopulmonary Segment","CL:0000860: Classical Monocyte","false","true",1,0.0425316455696203
"popV","Female","Lung","Lateral Bronchopulmonary Segment","CL:0000875: Non-Classical Monocyte","false","true",1,0.0223417721518987
"popV","Female","Lung","Lateral Bronchopulmonary Segment","CL:0001044: Effector Cd4-Positive, Alpha-Beta T Cell","false","false",1,0.000759493670886076
"popV","Female","Lung","Lateral Bronchopulmonary Segment","CL:0001050: Effector Cd8-Positive, Alpha-Beta T Cell","false","true",1,0.00848101265822785
"popV","Female","Lung","Lateral Bronchopulmonary Segment","CL:0002062: Type I Pneumocyte","false","true",1,0.0846835443037975
"popV","Female","Lung","Lateral Bronchopulmonary Segment","CL:0002063: Type Ii Pneumocyte","false","true",1,0.153481012658228
"popV","Female","Lung","Lateral Bronchopulmonary Segment","CL:0002144: Capillary Endothelial Cell","false","true",1,0.0304430379746835
"popV","Female","Lung","Lateral Bronchopulmonary Segment","CL:0002370: Respiratory Goblet Cell","false","false",1,0.00316455696202532
"popV","Female","Lung","Lateral Bronchopulmonary Segment","CL:0002393: Intermediate Monocyte","false","false",1,0.00139240506329114
"popV","Female","Lung","Lateral Bronchopulmonary Segment","CL:0002543: Vein Endothelial Cell","false","true",1,0.0193670886075949
"popV","Female","Lung","Lateral Bronchopulmonary Segment","CL:0002598: Bronchial Smooth Muscle Cell","false","true",1,0.00069620253164557
"popV","Female","Lung","Lateral Bronchopulmonary Segment","CL:1000271: Lung Ciliated Cell","false","true",1,0.0200632911392405
"popV","Female","Lung","Lateral Bronchopulmonary Segment","CL:1000413: Endothelial Cell Of Artery","false","true",1,0.00335443037974683
"popV","Female","Lung","Lateral Bronchopulmonary Segment","CL:2000016: Lung Microvascular Endothelial Cell","false","false",1,0.0000632911392405063
"popV","Female","Lung","Lateral Bronchopulmonary Segment","CL:4028006: Adventitial Cell","false","true",1,0.000189873417721519
"popV","Female","Lung","Lateral Segmental Bronchus","CL:0000071: Blood Vessel Endothelial Cell","false","true",1,0.000189873417721519
"popV","Female","Lung","Lateral Segmental Bronchus","CL:0000158: Club Cell","false","true",1,0.0380379746835443
"popV","Female","Lung","Lateral Segmental Bronchus","CL:0000192: Smooth Muscle Cell","false","true",1,0.000506329113924051
"popV","Female","Lung","Lateral Segmental Bronchus","CL:0000235: Macrophage","false","true",1,0.142278481012658
"popV","Female","Lung","Lateral Segmental Bronchus","CL:0000359: Vascular Associated Smooth Muscle Cell","false","true",1,0.00164556962025316
"popV","Female","Lung","Lateral Segmental Bronchus","CL:0000451: Dendritic Cell","false","true",1,0.00613924050632911
"popV","Female","Lung","Lateral Segmental Bronchus","CL:0000646: Basal Cell","false","true",1,0.00430379746835443
"popV","Female","Lung","Lateral Segmental Bronchus","CL:0000669: Pericyte","false","true",1,0.0151898734177215
"popV","Female","Lung","Lateral Segmental Bronchus","CL:0000767: Basophil","false","true",1,0.0089873417721519
"popV","Female","Lung","Lateral Segmental Bronchus","CL:0000814: Mature Nk T Cell","false","true",1,0.0113924050632911
"popV","Female","Lung","Lateral Segmental Bronchus","CL:0000860: Classical Monocyte","false","true",1,0.0425316455696202
"popV","Female","Lung","Lateral Segmental Bronchus","CL:0000875: Non-Classical Monocyte","false","true",1,0.0223417721518987
"popV","Female","Lung","Lateral Segmental Bronchus","CL:0001044: Effector Cd4-Positive, Alpha-Beta T Cell","false","false",1,0.000759493670886076
"popV","Female","Lung","Lateral Segmental Bronchus","CL:0001050: Effector Cd8-Positive, Alpha-Beta T Cell","false","true",1,0.00848101265822785
"popV","Female","Lung","Lateral Segmental Bronchus","CL:0002062: Type I Pneumocyte","false","true",1,0.0846835443037975
"popV","Female","Lung","Lateral Segmental Bronchus","CL:0002063: Type Ii Pneumocyte","false","true",1,0.153481012658228
"popV","Female","Lung","Lateral Segmental Bronchus","CL:0002144: Capillary Endothelial Cell","false","true",1,0.0304430379746835
"popV","Female","Lung","Lateral Segmental Bronchus","CL:0002370: Respiratory Goblet Cell","false","false",1,0.00316455696202532
"popV","Female","Lung","Lateral Segmental Bronchus","CL:0002393: Intermediate Monocyte","false","false",1,0.00139240506329114
"popV","Female","Lung","Lateral Segmental Bronchus","CL:0002543: Vein Endothelial Cell","false","true",1,0.0193670886075949
"popV","Female","Lung","Lateral Segmental Bronchus","CL:0002598: Bronchial Smooth Muscle Cell","false","true",1,0.00069620253164557
"popV","Female","Lung","Lateral Segmental Bronchus","CL:1000271: Lung Ciliated Cell","false","true",1,0.0200632911392405
"popV","Female","Lung","Lateral Segmental Bronchus","CL:1000413: Endothelial Cell Of Artery","false","true",1,0.00335443037974683
"popV","Female","Lung","Lateral Segmental Bronchus","CL:2000016: Lung Microvascular Endothelial Cell","false","false",1,0.0000632911392405063
"popV","Female","Lung","Lateral Segmental Bronchus","CL:4028006: Adventitial Cell","false","true",1,0.000189873417721519
"popV","Female","Lung","Medial Bronchopulmonary Segment","CL:0000071: Blood Vessel Endothelial Cell","false","true",1,0.000189873417721519
"popV","Female","Lung","Medial Bronchopulmonary Segment","CL:0000158: Club Cell","false","true",1,0.0380379746835443
"popV","Female","Lung","Medial Bronchopulmonary Segment","CL:0000192: Smooth Muscle Cell","false","true",1,0.000506329113924051
"popV","Female","Lung","Medial Bronchopulmonary Segment","CL:0000235: Macrophage","false","true",1,0.142278481012658
"popV","Female","Lung","Medial Bronchopulmonary Segment","CL:0000359: Vascular Associated Smooth Muscle Cell","false","true",1,0.00164556962025316
"popV","Female","Lung","Medial Bronchopulmonary Segment","CL:0000451: Dendritic Cell","false","true",1,0.00613924050632911
"popV","Female","Lung","Medial Bronchopulmonary Segment","CL:0000646: Basal Cell","false","true",1,0.00430379746835443
"popV","Female","Lung","Medial Bronchopulmonary Segment","CL:0000669: Pericyte","false","true",1,0.0151898734177215
"popV","Female","Lung","Medial Bronchopulmonary Segment","CL:0000767: Basophil","false","true",1,0.0089873417721519
"popV","Female","Lung","Medial Bronchopulmonary Segment","CL:0000814: Mature Nk T Cell","false","true",1,0.0113924050632911
"popV","Female","Lung","Medial Bronchopulmonary Segment","CL:0000860: Classical Monocyte","false","true",1,0.0425316455696202
"popV","Female","Lung","Medial Bronchopulmonary Segment","CL:0000875: Non-Classical Monocyte","false","true",1,0.0223417721518987
"popV","Female","Lung","Medial Bronchopulmonary Segment","CL:0001044: Effector Cd4-Positive, Alpha-Beta T Cell","false","false",1,0.000759493670886076
"popV","Female","Lung","Medial Bronchopulmonary Segment","CL:0001050: Effector Cd8-Positive, Alpha-Beta T Cell","false","true",1,0.00848101265822785
"popV","Female","Lung","Medial Bronchopulmonary Segment","CL:0002062: Type I Pneumocyte","false","true",1,0.0846835443037975
"popV","Female","Lung","Medial Bronchopulmonary Segment","CL:0002063: Type Ii Pneumocyte","false","true",1,0.153481012658228
"popV","Female","Lung","Medial Bronchopulmonary Segment","CL:0002144: Capillary Endothelial Cell","false","true",1,0.0304430379746835
"popV","Female","Lung","Medial Bronchopulmonary Segment","CL:0002370: Respiratory Goblet Cell","false","false",1,0.00316455696202532
"popV","Female","Lung","Medial Bronchopulmonary Segment","CL:0002393: Intermediate Monocyte","false","false",1,0.00139240506329114
"popV","Female","Lung","Medial Bronchopulmonary Segment","CL:0002543: Vein Endothelial Cell","false","true",1,0.0193670886075949
"popV","Female","Lung","Medial Bronchopulmonary Segment","CL:0002598: Bronchial Smooth Muscle Cell","false","true",1,0.00069620253164557
"popV","Female","Lung","Medial Bronchopulmonary Segment","CL:1000271: Lung Ciliated Cell","false","true",1,0.0200632911392405
"popV","Female","Lung","Medial Bronchopulmonary Segment","CL:1000413: Endothelial Cell Of Artery","false","true",1,0.00335443037974683
"popV","Female","Lung","Medial Bronchopulmonary Segment","CL:2000016: Lung Microvascular Endothelial Cell","false","false",1,0.0000632911392405063
"popV","Female","Lung","Medial Bronchopulmonary Segment","CL:4028006: Adventitial Cell","false","true",1,0.000189873417721519
"popV","Male","Lung","Lateral Bronchopulmonary Segment","CL:0000071: Blood Vessel Endothelial Cell","false","true",1,0.00000496861080126302
"popV","Male","Lung","Lateral Bronchopulmonary Segment","CL:0000158: Club Cell","false","true",1,0.0349988944840967
"popV","Male","Lung","Lateral Bronchopulmonary Segment","CL:0000192: Smooth Muscle Cell","false","true",1,0.00000248430540063151
"popV","Male","Lung","Lateral Bronchopulmonary Segment","CL:0000235: Macrophage","false","true",1,0.0355802219478445
"popV","Male","Lung","Lateral Bronchopulmonary Segment","CL:0000359: Vascular Associated Smooth Muscle Cell","false","true",1,0.000494376774725671
"popV","Male","Lung","Lateral Bronchopulmonary Segment","CL:0000451: Dendritic Cell","false","true",1,0.000514251217930723
"popV","Male","Lung","Lateral Bronchopulmonary Segment","CL:0000646: Basal Cell","false","true",1,0.0134276706904133
"popV","Male","Lung","Lateral Bronchopulmonary Segment","CL:0000669: Pericyte","false","true",1,0.0105881096174915
"popV","Male","Lung","Lateral Bronchopulmonary Segment","CL:0000767: Basophil","false","true",1,0.00946271927100542
"popV","Male","Lung","Lateral Bronchopulmonary Segment","CL:0000784: Plasmacytoid Dendritic Cell","false","true",1,0.0000347802756088411
"popV","Male","Lung","Lateral Bronchopulmonary Segment","CL:0000814: Mature Nk T Cell","false","true",1,0.00341343562046769
"popV","Male","Lung","Lateral Bronchopulmonary Segment","CL:0000860: Classical Monocyte","false","true",1,0.00719703274562949
"popV","Male","Lung","Lateral Bronchopulmonary Segment","CL:0000875: Non-Classical Monocyte","false","true",1,0.00472763317740176
"popV","Male","Lung","Lateral Bronchopulmonary Segment","CL:0001044: Effector Cd4-Positive, Alpha-Beta T Cell","false","false",1,0.000387551642498516
"popV","Male","Lung","Lateral Bronchopulmonary Segment","CL:0001050: Effector Cd8-Positive, Alpha-Beta T Cell","false","true",1,0.0112663249918639
"popV","Male","Lung","Lateral Bronchopulmonary Segment","CL:0002062: Type I Pneumocyte","false","true",1,0.0652080481557759
"popV","Male","Lung","Lateral Bronchopulmonary Segment","CL:0002063: Type Ii Pneumocyte","false","true",1,0.21966973644004
"popV","Male","Lung","Lateral Bronchopulmonary Segment","CL:0002144: Capillary Endothelial Cell","false","true",1,0.16396415644168
"popV","Male","Lung","Lateral Bronchopulmonary Segment","CL:0002370: Respiratory Goblet Cell","false","false",1,0.00689394748675244
"popV","Male","Lung","Lateral Bronchopulmonary Segment","CL:0002393: Intermediate Monocyte","false","false",1,0.0000621076350157878
"popV","Male","Lung","Lateral Bronchopulmonary Segment","CL:0002543: Vein Endothelial Cell","false","true",1,0.0197775552944274
"popV","Male","Lung","Lateral Bronchopulmonary Segment","CL:0002598: Bronchial Smooth Muscle Cell","false","true",1,0.00211165959053678
"popV","Male","Lung","Lateral Bronchopulmonary Segment","CL:0017000: Pulmonary Ionocyte","false","true",1,0.0000422331918107357
"popV","Male","Lung","Lateral Bronchopulmonary Segment","CL:1000271: Lung Ciliated Cell","false","true",1,0.0336275579029481
"popV","Male","Lung","Lateral Bronchopulmonary Segment","CL:1000331: Serous Cell Of Epithelium Of Bronchus","false","true",1,0.000712995649981244
"popV","Male","Lung","Lateral Bronchopulmonary Segment","CL:1000413: Endothelial Cell Of Artery","false","true",1,0.00441212639152156
"popV","Male","Lung","Lateral Bronchopulmonary Segment","CL:2000016: Lung Microvascular Endothelial Cell","false","false",1,0.0000919192998233659
"popV","Male","Lung","Lateral Bronchopulmonary Segment","CL:4028006: Adventitial Cell","false","true",1,0.0000968879106246289
"popV","Male","Lung","Lateral Segmental Bronchus","CL:0000071: Blood Vessel Endothelial Cell","false","true",1,0.0000651465798045603
"popV","Male","Lung","Lateral Segmental Bronchus","CL:0000158: Club Cell","false","true",1,0.0506840390879479
"popV","Male","Lung","Lateral Segmental Bronchus","CL:0000192: Smooth Muscle Cell","false","true",1,0.0000325732899022801
"popV","Male","Lung","Lateral Segmental Bronchus","CL:0000235: Macrophage","false","true",1,0.146254071661238
"popV","Male","Lung","Lateral Segmental Bronchus","CL:0000359: Vascular Associated Smooth Muscle Cell","false","true",1,0.00133550488599349
"popV","Male","Lung","Lateral Segmental Bronchus","CL:0000451: Dendritic Cell","false","true",1,0.00612377850162867
"popV","Male","Lung","Lateral Segmental Bronchus","CL:0000646: Basal Cell","false","true",1,0.00420195439739414
"popV","Male","Lung","Lateral Segmental Bronchus","CL:0000669: Pericyte","false","true",1,0.0110097719869707
"popV","Male","Lung","Lateral Segmental Bronchus","CL:0000767: Basophil","false","true",1,0.00765472312703583
"popV","Male","Lung","Lateral Segmental Bronchus","CL:0000784: Plasmacytoid Dendritic Cell","false","true",1,0.000456026058631922
"popV","Male","Lung","Lateral Segmental Bronchus","CL:0000814: Mature Nk T Cell","false","true",1,0.00726384364820847
"popV","Male","Lung","Lateral Segmental Bronchus","CL:0000860: Classical Monocyte","false","true",1,0.0220846905537459
"popV","Male","Lung","Lateral Segmental Bronchus","CL:0000875: Non-Classical Monocyte","false","true",1,0.0304560260586319
"popV","Male","Lung","Lateral Segmental Bronchus","CL:0001044: Effector Cd4-Positive, Alpha-Beta T Cell","false","false",1,0.000488599348534202
"popV","Male","Lung","Lateral Segmental Bronchus","CL:0001050: Effector Cd8-Positive, Alpha-Beta T Cell","false","true",1,0.00498371335504886
"popV","Male","Lung","Lateral Segmental Bronchus","CL:0002062: Type I Pneumocyte","false","true",1,0.101107491856678
"popV","Male","Lung","Lateral Segmental Bronchus","CL:0002063: Type Ii Pneumocyte","false","true",1,0.167068403908795
"popV","Male","Lung","Lateral Segmental Bronchus","CL:0002144: Capillary Endothelial Cell","false","true",1,0.0444625407166124
"popV","Male","Lung","Lateral Segmental Bronchus","CL:0002370: Respiratory Goblet Cell","false","false",1,0.00254071661237785
"popV","Male","Lung","Lateral Segmental Bronchus","CL:0002393: Intermediate Monocyte","false","false",1,0.000749185667752443
"popV","Male","Lung","Lateral Segmental Bronchus","CL:0002543: Vein Endothelial Cell","false","true",1,0.0122149837133551
"popV","Male","Lung","Lateral Segmental Bronchus","CL:0002598: Bronchial Smooth Muscle Cell","false","true",1,0.00179153094462541
"popV","Male","Lung","Lateral Segmental Bronchus","CL:1000271: Lung Ciliated Cell","false","true",1,0.0124104234527687
"popV","Male","Lung","Lateral Segmental Bronchus","CL:1000413: Endothelial Cell Of Artery","false","true",1,0.00263843648208469
"popV","Male","Lung","Lateral Segmental Bronchus","CL:2000016: Lung Microvascular Endothelial Cell","false","false",1,0.0000325732899022801
"popV","Male","Lung","Lateral Segmental Bronchus","CL:4028006: Adventitial Cell","false","true",1,0.000651465798045603
"popV","Male","Lung","Left Apical Bronchopulmonary Segment","CL:0000158: Club Cell","false","true",1,0.0223047273551751
"popV","Male","Lung","Left Apical Bronchopulmonary Segment","CL:0000235: Macrophage","false","true",1,0.0949722253712731
"popV","Male","Lung","Left Apical Bronchopulmonary Segment","CL:0000359: Vascular Associated Smooth Muscle Cell","false","true",1,0.00104863394172996
"popV","Male","Lung","Left Apical Bronchopulmonary Segment","CL:0000451: Dendritic Cell","false","true",1,0.00181385330461399
"popV","Male","Lung","Left Apical Bronchopulmonary Segment","CL:0000646: Basal Cell","false","true",1,0.0198673619771001
"popV","Male","Lung","Left Apical Bronchopulmonary Segment","CL:0000669: Pericyte","false","true",1,0.00136038997846049
"popV","Male","Lung","Left Apical Bronchopulmonary Segment","CL:0000767: Basophil","false","true",1,0.00311756036730529
"popV","Male","Lung","Left Apical Bronchopulmonary Segment","CL:0000814: Mature Nk T Cell","false","true",1,0.00589502323999546
"popV","Male","Lung","Left Apical Bronchopulmonary Segment","CL:0000860: Classical Monocyte","false","true",1,0.00498809658768847
"popV","Male","Lung","Left Apical Bronchopulmonary Segment","CL:0000875: Non-Classical Monocyte","false","true",1,0.00855912028114726
"popV","Male","Lung","Left Apical Bronchopulmonary Segment","CL:0001044: Effector Cd4-Positive, Alpha-Beta T Cell","false","false",1,0.000680194989230246
"popV","Male","Lung","Left Apical Bronchopulmonary Segment","CL:0001050: Effector Cd8-Positive, Alpha-Beta T Cell","false","true",1,0.0022106337149983
"popV","Male","Lung","Left Apical Bronchopulmonary Segment","CL:0002062: Type I Pneumocyte","false","true",1,0.18793220723274
"popV","Male","Lung","Left Apical Bronchopulmonary Segment","CL:0002063: Type Ii Pneumocyte","false","true",1,0.426992404489287
"popV","Male","Lung","Left Apical Bronchopulmonary Segment","CL:0002144: Capillary Endothelial Cell","false","true",1,0.0324793107357442
"popV","Male","Lung","Left Apical Bronchopulmonary Segment","CL:0002370: Respiratory Goblet Cell","false","false",1,0.00079356082076862
"popV","Male","Lung","Left Apical Bronchopulmonary Segment","CL:0002393: Intermediate Monocyte","false","false",1,0.000113365831538374
"popV","Male","Lung","Left Apical Bronchopulmonary Segment","CL:0002543: Vein Endothelial Cell","false","true",1,0.0247704341911348
"popV","Male","Lung","Left Apical Bronchopulmonary Segment","CL:0002598: Bronchial Smooth Muscle Cell","false","true",1,0.00150209726788346
"popV","Male","Lung","Left Apical Bronchopulmonary Segment","CL:0017000: Pulmonary Ionocyte","false","true",1,0.0000283414578845936
"popV","Male","Lung","Left Apical Bronchopulmonary Segment","CL:1000271: Lung Ciliated Cell","false","true",1,0.0261875070853645
"popV","Male","Lung","Left Apical Bronchopulmonary Segment","CL:1000413: Endothelial Cell Of Artery","false","true",1,0.00904092506518535
"popV","Male","Lung","Left Apical Bronchopulmonary Segment","CL:2000016: Lung Microvascular Endothelial Cell","false","false",1,0.000510146241922685
"popV","Male","Lung","Left Apical Bronchopulmonary Segment","CL:4028006: Adventitial Cell","false","true",1,0.0000566829157691872
"popV","Male","Lung","Medial Bronchopulmonary Segment","CL:0000071: Blood Vessel Endothelial Cell","false","true",1,0.00000629294160778695
"popV","Male","Lung","Medial Bronchopulmonary Segment","CL:0000158: Club Cell","false","true",1,0.0425568514374223
"popV","Male","Lung","Medial Bronchopulmonary Segment","CL:0000235: Macrophage","false","true",1,0.0236504084665803
"popV","Male","Lung","Medial Bronchopulmonary Segment","CL:0000359: Vascular Associated Smooth Muscle Cell","false","true",1,0.000444761514307353
"popV","Male","Lung","Medial Bronchopulmonary Segment","CL:0000451: Dendritic Cell","false","true",1,0.000104486429220293
"popV","Male","Lung","Medial Bronchopulmonary Segment","CL:0000646: Basal Cell","false","true",1,0.0102687277214626
"popV","Male","Lung","Medial Bronchopulmonary Segment","CL:0000669: Pericyte","false","true",1,0.00915984848075449
"popV","Male","Lung","Medial Bronchopulmonary Segment","CL:0000767: Basophil","false","true",1,0.0139687885985931
"popV","Male","Lung","Medial Bronchopulmonary Segment","CL:0000814: Mature Nk T Cell","false","true",1,0.00339667816221909
"popV","Male","Lung","Medial Bronchopulmonary Segment","CL:0000860: Classical Monocyte","false","true",1,0.00541638203888429
"popV","Male","Lung","Medial Bronchopulmonary Segment","CL:0000875: Non-Classical Monocyte","false","true",1,0.0030931538561215
"popV","Male","Lung","Medial Bronchopulmonary Segment","CL:0001044: Effector Cd4-Positive, Alpha-Beta T Cell","false","false",1,0.00045487741794187
"popV","Male","Lung","Medial Bronchopulmonary Segment","CL:0001050: Effector Cd8-Positive, Alpha-Beta T Cell","false","true",1,0.00905562950155253
"popV","Male","Lung","Medial Bronchopulmonary Segment","CL:0002062: Type I Pneumocyte","false","true",1,0.0900592312902803
"popV","Male","Lung","Medial Bronchopulmonary Segment","CL:0002063: Type Ii Pneumocyte","false","true",1,0.259268415489299
"popV","Male","Lung","Medial Bronchopulmonary Segment","CL:0002144: Capillary Endothelial Cell","false","true",1,0.154172042903671
"popV","Male","Lung","Medial Bronchopulmonary Segment","CL:0002370: Respiratory Goblet Cell","false","false",1,0.00319362853506683
"popV","Male","Lung","Medial Bronchopulmonary Segment","CL:0002393: Intermediate Monocyte","false","false",1,0.000024369416376155
"popV","Male","Lung","Medial Bronchopulmonary Segment","CL:0002543: Vein Endothelial Cell","false","true",1,0.0233393090320223
"popV","Male","Lung","Medial Bronchopulmonary Segment","CL:0002598: Bronchial Smooth Muscle Cell","false","true",1,0.00192462539514855
"popV","Male","Lung","Medial Bronchopulmonary Segment","CL:0017000: Pulmonary Ionocyte","false","true",1,0.0000283497019430802
"popV","Male","Lung","Medial Bronchopulmonary Segment","CL:1000271: Lung Ciliated Cell","false","true",1,0.0253573374129844
"popV","Male","Lung","Medial Bronchopulmonary Segment","CL:1000331: Serous Cell Of Epithelium Of Bronchus","false","true",1,0.000275835363023322
"popV","Male","Lung","Medial Bronchopulmonary Segment","CL:1000413: Endothelial Cell Of Artery","false","true",1,0.00540424452775827
"popV","Male","Lung","Medial Bronchopulmonary Segment","CL:2000016: Lung Microvascular Endothelial Cell","false","false",1,0.000127172483716365
"popV","Male","Lung","Medial Bronchopulmonary Segment","CL:4028006: Adventitial Cell","false","true",1,0.0000596098893797619
