,sex,rui_location,dataset,tool,predicted_rui,similarity,as_percentage_cosine_sim
0,Female,http://purl.org/ccf/1.5/21f2dbfa-f964-4526-bb4b-6b13302b4963,https://entity.api.hubmapconsortium.org/entities/ad693f99fb9006e68a53e97598da1509,azimuth,http://purl.org/ccf/1.5/c5e652ed-7e40-41de-bfc0-a73f05a0c66a,0.6630202567107129,0.0
1,Female,http://purl.org/ccf/1.5/314450f7-0477-4152-b4d6-cb474cbc0cd7,https://entity.api.hubmapconsortium.org/entities/72b0dc83701c045d954b457baed40697,sc_proteomics,http://purl.org/ccf/1.5/9e77a7b5-e7e8-48e1-a30e-01eeaa300ed8,0.967061177766502,1.0
2,Female,http://purl.org/ccf/1.5/43e195fb-0f50-4b67-bff1-b74f68290fc6,https://entity.api.hubmapconsortium.org/entities/2eca1430db3b9a4129bff717925fe932,popv,http://purl.org/ccf/1.5/6acd66b8-2659-4626-bef9-a80f135489ad,0.592259420793858,0.0
3,Female,http://purl.org/ccf/1.5/502166ab-e841-4b65-9045-7c386166a9e8,https://api.cellxgene.cziscience.com/dp/v1/collections/b52eb423-5d0d-4645-b217-e1c6d38b2e72#H7$left%20cardiac%20atrium,popv,http://purl.org/ccf/1.5/1fe61622-ba53-47c9-967e-e764c21b8189,0.9427647364498964,0.0
4,Female,http://purl.org/ccf/1.5/1fe61622-ba53-47c9-967e-e764c21b8189,https://api.cellxgene.cziscience.com/dp/v1/collections/b52eb423-5d0d-4645-b217-e1c6d38b2e72#H5$heart%20right%20ventricle,popv,http://purl.org/ccf/1.5/05c11830-1526-4472-bd12-ea24dbcfd3cc,0.8556154369852909,0.13264086536625314
5,Female,http://purl.org/ccf/1.5/3425fa0c-c5cb-4493-b6ba-41520334b13e,https://entity.api.hubmapconsortium.org/entities/baf7cfd920bea2bbc0b6cd7d00ec1789,celltypist,http://purl.org/ccf/1.5/48f6aab3-8d58-4675-806c-3fd7d5b7336f,0.8417142560075761,1.0
6,Female,http://purl.org/ccf/1.5/7af72c8f-7fa1-4083-be74-613f92ef020a,https://entity.api.hubmapconsortium.org/entities/56060793c38c82d8c312e5e05d5d189b,popv,http://purl.org/ccf/1.5/cef949fe-5100-4175-b87b-0172df815a6a,0.5207145231542822,1.0
7,Female,http://purl.org/ccf/1.5/8d126897-60f6-433e-a56b-cbe730475742,https://entity.api.hubmapconsortium.org/entities/5039cf8619f6f8b5b4a14af1037e1d1f,azimuth,http://purl.org/ccf/1.5/007eb4d9-1694-4380-99e1-4aba832d9227,0.8942228855324722,0.7988150142302881
8,Female,http://purl.org/ccf/1.5/8f99a469-7d51-46dc-919d-2e002eeae868,https://entity.api.hubmapconsortium.org/entities/51bfd85763954248725ebf69f0dde5eb,azimuth,http://purl.org/ccf/1.5/70ad7ae6-c9af-4975-98e2-98c249e36ddd,0.8495500991989724,0.9864422873504152
9,Female,http://purl.org/ccf/1.5/1d965182-bf13-4738-af05-72b817121959,https://entity.api.hubmapconsortium.org/entities/1197c73d127193dd493ff542890a3d3d,azimuth,http://purl.org/ccf/1.5/4ae53bc8-b6da-4ba9-9030-a93ae44389b9,0.7520186567617364,0.0
10,Female,http://purl.org/ccf/1.5/502166ab-e841-4b65-9045-7c386166a9e8,https://api.cellxgene.cziscience.com/dp/v1/collections/b52eb423-5d0d-4645-b217-e1c6d38b2e72#D5$left%20cardiac%20atrium,popv,http://purl.org/ccf/1.5/1fe61622-ba53-47c9-967e-e764c21b8189,0.958815857553762,0.0
11,Female,http://purl.org/ccf/1.5/9abfed4e-2fde-4d80-a8aa-7439a106d895,https://api.cellxgene.cziscience.com/dp/v1/collections/b52eb423-5d0d-4645-b217-e1c6d38b2e72#H6$apex%20of%20heart,popv,http://purl.org/ccf/1.5/1fe61622-ba53-47c9-967e-e764c21b8189,0.9303825236781073,0.0
12,Female,http://purl.org/ccf/1.5/16e98d8c-8983-48c2-bb41-7b1cfbbf2e4a,https://entity.api.hubmapconsortium.org/entities/22684b9011fc5aea5cb3f89670a461e8,popv,http://purl.org/ccf/1.5/f6512db4-2809-4ffe-864d-ace61789dff6,0.9751254487759472,0.0
13,Female,http://purl.org/ccf/1.5/2156f837-2ab2-4305-8e7f-8084249e91cd,https://api.cellxgene.cziscience.com/dp/v1/collections/b52eb423-5d0d-4645-b217-e1c6d38b2e72#H5$heart%20left%20ventricle,celltypist,http://purl.org/ccf/1.5/1fe61622-ba53-47c9-967e-e764c21b8189,0.901589179330678,0.0
14,Female,http://purl.org/ccf/1.5/48f6aab3-8d58-4675-806c-3fd7d5b7336f,https://entity.api.hubmapconsortium.org/entities/d1d10cfa18d059a96365998fe6406ca9,popv,http://purl.org/ccf/1.5/f9e28182-3ed3-4a3f-bd45-66ebce1efafb,0.9939217334149144,0.0
15,Female,http://purl.org/ccf/1.5/4ae53bc8-b6da-4ba9-9030-a93ae44389b9,https://entity.api.hubmapconsortium.org/entities/173de2e80adf6a73ac8cff5ccce20dfc,azimuth,http://purl.org/ccf/1.5/d77fd4d3-c410-42ea-ad28-7383b3338323,0.8060222987247253,0.0
16,Female,http://purl.org/ccf/1.5/d77fd4d3-c410-42ea-ad28-7383b3338323,https://entity.api.hubmapconsortium.org/entities/56cbda4789f04d79c0c3dffe21816d48,azimuth,http://purl.org/ccf/1.5/5764d42e-95e4-4e5a-b36e-ca498354906d,0.9627287930856072,0.0
17,Female,http://purl.org/ccf/1.5/05c11830-1526-4472-bd12-ea24dbcfd3cc,https://api.cellxgene.cziscience.com/dp/v1/collections/b52eb423-5d0d-4645-b217-e1c6d38b2e72#D5$interventricular%20septum,popv,http://purl.org/ccf/1.5/f6512db4-2809-4ffe-864d-ace61789dff6,0.9518452919336368,0.0
18,Female,http://purl.org/ccf/1.5/32214c14-bf21-4bf6-aea9-58ab721128ab,https://entity.api.hubmapconsortium.org/entities/9e28cdbdb5bc5b3cf7299f13635eebc9,sc_proteomics,http://purl.org/ccf/1.5/aab5a316-7fbc-4a57-8b3a-3fc1958c5292,0.8894191445259026,1.0
19,Female,http://purl.org/ccf/1.5/6acd66b8-2659-4626-bef9-a80f135489ad,https://api.cellxgene.cziscience.com/dp/v1/collections/625f6bf4-2f33-4942-962e-35243d284837#D231$lung,celltypist,http://purl.org/ccf/1.5/ab2e49b2-1959-44af-8e83-ac16878f6c12,0.8776963126907608,0.0
20,Female,http://purl.org/ccf/1.5/8b652088-8c73-466d-b59c-3fbb8c01e399,https://entity.api.hubmapconsortium.org/entities/846e56ed969922f1cb7a81619b175620,popv,http://purl.org/ccf/1.5/32214c14-bf21-4bf6-aea9-58ab721128ab,0.9768887127993168,0.0
21,Female,http://purl.org/ccf/1.5/d194f593-af76-4ee7-84a6-00f7531d47cf,https://entity.api.hubmapconsortium.org/entities/e45724a72ab0e7d7b283451836dd983e,sc_proteomics,http://purl.org/ccf/1.5/aab5a316-7fbc-4a57-8b3a-3fc1958c5292,0.8932075875257236,0.0
22,Female,http://purl.org/ccf/1.5/f66f91f9-c6c5-414d-b784-2faec33e0505,https://entity.api.hubmapconsortium.org/entities/c14b104f9e44511ddf82697bce0d1901,azimuth,http://purl.org/ccf/1.5/72ea5aad-4be7-4478-afc0-7736bc0d90e3,0.7961414218289753,0.442682047421472
23,Female,http://purl.org/ccf/1.5/fd380a0c-2915-4d73-b3f4-d161badbaccb,https://entity.api.hubmapconsortium.org/entities/434fbc55d458dc4e06da9ba4961f3840,azimuth,http://purl.org/ccf/1.5/70ad7ae6-c9af-4975-98e2-98c249e36ddd,0.7436753817160993,0.8601900315825118
24,Female,http://purl.org/ccf/1.5/1fe61622-ba53-47c9-967e-e764c21b8189,https://api.cellxgene.cziscience.com/dp/v1/collections/b52eb423-5d0d-4645-b217-e1c6d38b2e72#D5$heart%20right%20ventricle,azimuth,http://purl.org/ccf/1.5/05c11830-1526-4472-bd12-ea24dbcfd3cc,0.8724342953620249,0.13264086536625314
25,Female,http://purl.org/ccf/1.5/1fe61622-ba53-47c9-967e-e764c21b8189,https://api.cellxgene.cziscience.com/dp/v1/collections/b52eb423-5d0d-4645-b217-e1c6d38b2e72#H6$heart%20right%20ventricle,celltypist,http://purl.org/ccf/1.5/05c11830-1526-4472-bd12-ea24dbcfd3cc,0.4922213853729416,0.13264086536625314
26,Female,http://purl.org/ccf/1.5/ee7b09db-e6f5-4114-a8f8-5a19bb3a07c2,https://entity.api.hubmapconsortium.org/entities/fa238ec2a83302fb4af92442c3683a23,sc_proteomics,http://purl.org/ccf/1.5/9e77a7b5-e7e8-48e1-a30e-01eeaa300ed8,0.972768895006927,1.0
27,Female,http://purl.org/ccf/1.5/f6512db4-2809-4ffe-864d-ace61789dff6,https://doi.org/10.1126/science.abl4290#GTEX-1ICG6-5003-SM-GHS9A,azimuth,http://purl.org/ccf/1.5/05c11830-1526-4472-bd12-ea24dbcfd3cc,0.965713786191219,0.0
28,Female,http://purl.org/ccf/1.5/502166ab-e841-4b65-9045-7c386166a9e8,https://api.cellxgene.cziscience.com/dp/v1/collections/b52eb423-5d0d-4645-b217-e1c6d38b2e72#D1$left%20cardiac%20atrium,popv,http://purl.org/ccf/1.5/e13cd910-c2df-4b83-ad68-2e7409089fa4,0.9236706062052232,0.0
29,Female,http://purl.org/ccf/1.5/6f74a57b-41ce-4581-a206-2e84b58c1c98,https://entity.api.hubmapconsortium.org/entities/ec7ebe15feec075a0299979b0350dd3a,azimuth,http://purl.org/ccf/1.5/d77fd4d3-c410-42ea-ad28-7383b3338323,0.7161066963701204,0.0
30,Female,http://purl.org/ccf/1.5/9abfed4e-2fde-4d80-a8aa-7439a106d895,https://api.cellxgene.cziscience.com/dp/v1/collections/b52eb423-5d0d-4645-b217-e1c6d38b2e72#H5$apex%20of%20heart,azimuth,http://purl.org/ccf/1.5/1fe61622-ba53-47c9-967e-e764c21b8189,0.9433758461091364,0.0
31,Female,http://purl.org/ccf/1.5/32214c14-bf21-4bf6-aea9-58ab721128ab,https://entity.api.hubmapconsortium.org/entities/9b03c4c79ef7bcd1e8992cd50ed3f482,popv,http://purl.org/ccf/1.5/cd304e60-3de4-4dd9-b289-ce1a0efae4d7,0.9390332940989444,0.0
32,Female,http://purl.org/ccf/1.5/1fe61622-ba53-47c9-967e-e764c21b8189,https://api.cellxgene.cziscience.com/dp/v1/collections/b52eb423-5d0d-4645-b217-e1c6d38b2e72#H6$heart%20right%20ventricle,popv,http://purl.org/ccf/1.5/05c11830-1526-4472-bd12-ea24dbcfd3cc,0.921876359978445,0.13264086536625314
33,Female,http://purl.org/ccf/1.5/05c11830-1526-4472-bd12-ea24dbcfd3cc,https://api.cellxgene.cziscience.com/dp/v1/collections/b52eb423-5d0d-4645-b217-e1c6d38b2e72#H5$interventricular%20septum,popv,http://purl.org/ccf/1.5/1fe61622-ba53-47c9-967e-e764c21b8189,0.9375027812975046,0.13264086536625314
34,Female,http://purl.org/ccf/1.5/8f99a469-7d51-46dc-919d-2e002eeae868,https://entity.api.hubmapconsortium.org/entities/a19973065eec1489f4d6a308e73da275,azimuth,http://purl.org/ccf/1.5/bd004aeb-6e60-4d5b-8d40-cfdd55b8b6fe,0.6821519180445795,0.29210227564968877
35,Female,http://purl.org/ccf/1.5/f66f91f9-c6c5-414d-b784-2faec33e0505,https://entity.api.hubmapconsortium.org/entities/dd3e6da115fd13eee62d9a4fba2324ae,azimuth,http://purl.org/ccf/1.5/72ea5aad-4be7-4478-afc0-7736bc0d90e3,0.8821171291340151,0.442682047421472
36,Female,http://purl.org/ccf/1.5/05c11830-1526-4472-bd12-ea24dbcfd3cc,https://api.cellxgene.cziscience.com/dp/v1/collections/b52eb423-5d0d-4645-b217-e1c6d38b2e72#D4$interventricular%20septum,popv,http://purl.org/ccf/1.5/9abfed4e-2fde-4d80-a8aa-7439a106d895,0.9460159555656644,0.5327927197064621
37,Female,http://purl.org/ccf/1.5/461a8adc-10d3-4518-8dd2-d2daccaa128b,https://api.cellxgene.cziscience.com/dp/v1/collections/bcb61471-2a44-4d00-a0af-ff085512674c#29-10006$cortex%20of%20kidney,azimuth,http://purl.org/ccf/1.5/8d126897-60f6-433e-a56b-cbe730475742,0.6448421829855837,0.0
38,Female,http://purl.org/ccf/1.5/8f99a469-7d51-46dc-919d-2e002eeae868,https://entity.api.hubmapconsortium.org/entities/79f8c7ec1b200dfe5b46d0bcfec02bd7,azimuth,http://purl.org/ccf/1.5/1d965182-bf13-4738-af05-72b817121959,0.7748246745720265,0.9992202476027295
39,Female,http://purl.org/ccf/1.5/1fe61622-ba53-47c9-967e-e764c21b8189,https://api.cellxgene.cziscience.com/dp/v1/collections/b52eb423-5d0d-4645-b217-e1c6d38b2e72#H5$heart%20right%20ventricle,azimuth,http://purl.org/ccf/1.5/05c11830-1526-4472-bd12-ea24dbcfd3cc,0.8665980571057968,0.13264086536625314
40,Female,http://purl.org/ccf/1.5/5fa952b1-a5a7-4089-bdc2-7208f71f45be,https://entity.api.hubmapconsortium.org/entities/ec9405ca3fa9c22273927f0d57c8cc97,celltypist,http://purl.org/ccf/1.5/d1085194-4902-4252-95fd-faf03afd9288,0.9240547069064798,1.0000000000000004
41,Female,http://purl.org/ccf/1.5/4e2e6f98-ec16-4627-a06a-d3cdc282ee1c,https://entity.api.hubmapconsortium.org/entities/4b62d9d2c248323ce029859f953fdc57,azimuth,http://purl.org/ccf/1.5/d77fd4d3-c410-42ea-ad28-7383b3338323,0.7137210614390685,0.0
42,Female,http://purl.org/ccf/1.5/aab5a316-7fbc-4a57-8b3a-3fc1958c5292,https://entity.api.hubmapconsortium.org/entities/a5729f859fc944c76f77fc74a1710e3b,celltypist,http://purl.org/ccf/1.5/43e195fb-0f50-4b67-bff1-b74f68290fc6,0.8711215012288148,0.0
43,Female,http://purl.org/ccf/1.5/ad4b166a-7f04-4324-b2e2-429d66087131,https://entity.api.hubmapconsortium.org/entities/43b15fb53db3518a5b1b0dcd4a63ddda,popv,http://purl.org/ccf/1.5/7af72c8f-7fa1-4083-be74-613f92ef020a,0.9878190899501126,0.0
44,Female,http://purl.org/ccf/1.5/fd380a0c-2915-4d73-b3f4-d161badbaccb,https://entity.api.hubmapconsortium.org/entities/ac1d4544ab4886b851f74b2c21952378,azimuth,http://purl.org/ccf/1.5/70ad7ae6-c9af-4975-98e2-98c249e36ddd,0.7346268147828093,0.8601900315825118
45,Female,http://purl.org/ccf/1.5/04baf323-eda0-4f72-bea1-aa943aa70894,https://entity.api.hubmapconsortium.org/entities/35e9bf0f58152ceb6f4d01052ac8867d,popv,http://purl.org/ccf/1.5/f6512db4-2809-4ffe-864d-ace61789dff6,0.9259933866269352,0.0
46,Female,http://purl.org/ccf/1.5/461a8adc-10d3-4518-8dd2-d2daccaa128b,https://api.cellxgene.cziscience.com/dp/v1/collections/bcb61471-2a44-4d00-a0af-ff085512674c#31-10042$kidney,azimuth,http://purl.org/ccf/1.5/4ae53bc8-b6da-4ba9-9030-a93ae44389b9,0.5311144715533781,0.0
47,Female,http://purl.org/ccf/1.5/f6512db4-2809-4ffe-864d-ace61789dff6,https://doi.org/10.1126/science.abl4290#GTEX-1ICG6-5003-SM-GHS9A,popv,http://purl.org/ccf/1.5/16e98d8c-8983-48c2-bb41-7b1cfbbf2e4a,0.9732118212355666,0.0
48,Female,http://purl.org/ccf/1.5/1fe61622-ba53-47c9-967e-e764c21b8189,https://api.cellxgene.cziscience.com/dp/v1/collections/b52eb423-5d0d-4645-b217-e1c6d38b2e72#D11$heart%20right%20ventricle,azimuth,http://purl.org/ccf/1.5/502166ab-e841-4b65-9045-7c386166a9e8,0.6785259435056981,0.0
49,Female,http://purl.org/ccf/1.5/ca476545-5b98-476c-b2fd-1b8e1708faed,https://api.cellxgene.cziscience.com/dp/v1/collections/b52eb423-5d0d-4645-b217-e1c6d38b2e72#D11$right%20cardiac%20atrium,celltypist,http://purl.org/ccf/1.5/f6512db4-2809-4ffe-864d-ace61789dff6,0.8729597851068477,1.0
50,Female,http://purl.org/ccf/1.5/05c11830-1526-4472-bd12-ea24dbcfd3cc,https://api.cellxgene.cziscience.com/dp/v1/collections/b52eb423-5d0d-4645-b217-e1c6d38b2e72#D11$interventricular%20septum,popv,http://purl.org/ccf/1.5/502166ab-e841-4b65-9045-7c386166a9e8,0.8206188020823261,0.0
51,Female,http://purl.org/ccf/1.5/e4853294-071d-4bef-bff3-2fd52a5c6af0,https://entity.api.hubmapconsortium.org/entities/8c5e705001d5cc1c40dbd963ad848486,azimuth,http://purl.org/ccf/1.5/72ea5aad-4be7-4478-afc0-7736bc0d90e3,0.7322524539075026,0.0
52,Female,http://purl.org/ccf/1.5/16e98d8c-8983-48c2-bb41-7b1cfbbf2e4a,https://entity.api.hubmapconsortium.org/entities/22684b9011fc5aea5cb3f89670a461e8,celltypist,http://purl.org/ccf/1.5/2156f837-2ab2-4305-8e7f-8084249e91cd,0.9903837274304772,1.0
53,Female,http://purl.org/ccf/1.5/2156f837-2ab2-4305-8e7f-8084249e91cd,https://api.cellxgene.cziscience.com/dp/v1/collections/b52eb423-5d0d-4645-b217-e1c6d38b2e72#D5$heart%20left%20ventricle,celltypist,http://purl.org/ccf/1.5/1fe61622-ba53-47c9-967e-e764c21b8189,0.9155233842656856,0.0
54,Female,http://purl.org/ccf/1.5/48f6aab3-8d58-4675-806c-3fd7d5b7336f,https://entity.api.hubmapconsortium.org/entities/d1d10cfa18d059a96365998fe6406ca9,celltypist,http://purl.org/ccf/1.5/43e195fb-0f50-4b67-bff1-b74f68290fc6,0.8630672196207955,0.0
55,Female,http://purl.org/ccf/1.5/cd304e60-3de4-4dd9-b289-ce1a0efae4d7,https://entity.api.hubmapconsortium.org/entities/67d7b5a3fb4f64a1f714d4369fdedc16,celltypist,http://purl.org/ccf/1.5/43e195fb-0f50-4b67-bff1-b74f68290fc6,0.7472043222143815,0.0
56,Female,http://purl.org/ccf/1.5/cef949fe-5100-4175-b87b-0172df815a6a,https://entity.api.hubmapconsortium.org/entities/cae2beaf3926759549dbf4128d6b5ebd,popv,http://purl.org/ccf/1.5/7af72c8f-7fa1-4083-be74-613f92ef020a,0.9638836066096812,1.0
57,Female,http://purl.org/ccf/1.5/fd380a0c-2915-4d73-b3f4-d161badbaccb,https://entity.api.hubmapconsortium.org/entities/e7bdf34c4da9f1d880f2615226e9713d,azimuth,http://purl.org/ccf/1.5/70ad7ae6-c9af-4975-98e2-98c249e36ddd,0.7491788322887574,0.8601900315825118
58,Female,http://purl.org/ccf/1.5/8f99a469-7d51-46dc-919d-2e002eeae868,https://entity.api.hubmapconsortium.org/entities/6fdfde6f88e34294b3cd58e070ebcba2,azimuth,http://purl.org/ccf/1.5/bd004aeb-6e60-4d5b-8d40-cfdd55b8b6fe,0.6821519180445795,0.29210227564968877
59,Female,http://purl.org/ccf/1.5/f66f91f9-c6c5-414d-b784-2faec33e0505,https://entity.api.hubmapconsortium.org/entities/a95f2c79bb637141f7e6874eddc8e274,azimuth,http://purl.org/ccf/1.5/72ea5aad-4be7-4478-afc0-7736bc0d90e3,0.9063472877378028,0.442682047421472
60,Female,http://purl.org/ccf/1.5/9abfed4e-2fde-4d80-a8aa-7439a106d895,https://api.cellxgene.cziscience.com/dp/v1/collections/b52eb423-5d0d-4645-b217-e1c6d38b2e72#D1$apex%20of%20heart,popv,http://purl.org/ccf/1.5/04baf323-eda0-4f72-bea1-aa943aa70894,0.9598258766779074,1.0
61,Female,http://purl.org/ccf/1.5/e13cd910-c2df-4b83-ad68-2e7409089fa4,https://entity.api.hubmapconsortium.org/entities/33b9c54d7c295897826e1e5271d4fc24,popv,http://purl.org/ccf/1.5/1fe61622-ba53-47c9-967e-e764c21b8189,0.8378289363589593,0.0
62,Female,http://purl.org/ccf/1.5/2156f837-2ab2-4305-8e7f-8084249e91cd,https://api.cellxgene.cziscience.com/dp/v1/collections/b52eb423-5d0d-4645-b217-e1c6d38b2e72#D4$heart%20left%20ventricle,azimuth,http://purl.org/ccf/1.5/1fe61622-ba53-47c9-967e-e764c21b8189,0.955188509848696,0.0
63,Female,http://purl.org/ccf/1.5/43e195fb-0f50-4b67-bff1-b74f68290fc6,https://entity.api.hubmapconsortium.org/entities/f2647d9533956fdb12da6b1fc6254441,celltypist,http://purl.org/ccf/1.5/cd304e60-3de4-4dd9-b289-ce1a0efae4d7,0.5981421027613696,0.0
64,Female,http://purl.org/ccf/1.5/502166ab-e841-4b65-9045-7c386166a9e8,https://api.cellxgene.cziscience.com/dp/v1/collections/b52eb423-5d0d-4645-b217-e1c6d38b2e72#H5$left%20cardiac%20atrium,celltypist,http://purl.org/ccf/1.5/f6512db4-2809-4ffe-864d-ace61789dff6,0.7754666946501098,0.0
65,Female,http://purl.org/ccf/1.5/8f99a469-7d51-46dc-919d-2e002eeae868,https://entity.api.hubmapconsortium.org/entities/206d669d243f6dab04cc126a52cdab8d,azimuth,http://purl.org/ccf/1.5/f66f91f9-c6c5-414d-b784-2faec33e0505,0.8479094887223507,1.0
66,Female,http://purl.org/ccf/1.5/fd380a0c-2915-4d73-b3f4-d161badbaccb,https://entity.api.hubmapconsortium.org/entities/9b99c75de2347b9567e33065108488e8,azimuth,http://purl.org/ccf/1.5/72ea5aad-4be7-4478-afc0-7736bc0d90e3,0.9094778871954874,0.3853919178625828
67,Female,http://purl.org/ccf/1.5/32214c14-bf21-4bf6-aea9-58ab721128ab,https://entity.api.hubmapconsortium.org/entities/9b03c4c79ef7bcd1e8992cd50ed3f482,celltypist,http://purl.org/ccf/1.5/43e195fb-0f50-4b67-bff1-b74f68290fc6,0.7463012820571275,0.0
68,Female,http://purl.org/ccf/1.5/85ad9566-c363-4b61-a522-6576b253d9af,https://entity.api.hubmapconsortium.org/entities/c81b0dc9d16eb825a7d6bce6e1b3678f,azimuth,http://purl.org/ccf/1.5/4ae53bc8-b6da-4ba9-9030-a93ae44389b9,0.7860149818741347,0.0
69,Female,http://purl.org/ccf/1.5/ca476545-5b98-476c-b2fd-1b8e1708faed,https://api.cellxgene.cziscience.com/dp/v1/collections/b52eb423-5d0d-4645-b217-e1c6d38b2e72#D5$right%20cardiac%20atrium,celltypist,http://purl.org/ccf/1.5/f6512db4-2809-4ffe-864d-ace61789dff6,0.935292450642861,1.0
70,Female,http://purl.org/ccf/1.5/eb92e0e2-838b-4689-b13c-07c3ce31eaf0,https://entity.api.hubmapconsortium.org/entities/65e850415322baad58626e3a228478dc,sc_proteomics,http://purl.org/ccf/1.5/ee7b09db-e6f5-4114-a8f8-5a19bb3a07c2,0.9722743130243524,1.0
71,Female,http://purl.org/ccf/1.5/2156f837-2ab2-4305-8e7f-8084249e91cd,https://api.cellxgene.cziscience.com/dp/v1/collections/b52eb423-5d0d-4645-b217-e1c6d38b2e72#D4$heart%20left%20ventricle,celltypist,http://purl.org/ccf/1.5/1fe61622-ba53-47c9-967e-e764c21b8189,0.9259468830889038,0.0
72,Female,http://purl.org/ccf/1.5/9abfed4e-2fde-4d80-a8aa-7439a106d895,https://api.cellxgene.cziscience.com/dp/v1/collections/b52eb423-5d0d-4645-b217-e1c6d38b2e72#H7$apex%20of%20heart,azimuth,http://purl.org/ccf/1.5/1fe61622-ba53-47c9-967e-e764c21b8189,0.7627239718741481,0.0
73,Female,http://purl.org/ccf/1.5/ca476545-5b98-476c-b2fd-1b8e1708faed,https://api.cellxgene.cziscience.com/dp/v1/collections/b52eb423-5d0d-4645-b217-e1c6d38b2e72#D5$right%20cardiac%20atrium,azimuth,http://purl.org/ccf/1.5/f6512db4-2809-4ffe-864d-ace61789dff6,0.9385843178480272,1.0
74,Female,http://purl.org/ccf/1.5/2816c343-c908-45bf-8964-974b1c54a5b9,https://entity.api.hubmapconsortium.org/entities/2d0deacd8be70eefbdc33ac107d97e58,celltypist,http://purl.org/ccf/1.5/9abfed4e-2fde-4d80-a8aa-7439a106d895,0.984240234269053,1.0
75,Female,http://purl.org/ccf/1.5/3425fa0c-c5cb-4493-b6ba-41520334b13e,https://entity.api.hubmapconsortium.org/entities/52ef1c33a11494b43d8979e0e6057caa,sc_proteomics,http://purl.org/ccf/1.5/32214c14-bf21-4bf6-aea9-58ab721128ab,0.9500545380564722,0.0
76,Female,http://purl.org/ccf/1.5/ca476545-5b98-476c-b2fd-1b8e1708faed,https://api.cellxgene.cziscience.com/dp/v1/collections/b52eb423-5d0d-4645-b217-e1c6d38b2e72#H7$right%20cardiac%20atrium,popv,http://purl.org/ccf/1.5/f6512db4-2809-4ffe-864d-ace61789dff6,0.982337891665859,1.0
77,Female,http://purl.org/ccf/1.5/2156f837-2ab2-4305-8e7f-8084249e91cd,https://api.cellxgene.cziscience.com/dp/v1/collections/b52eb423-5d0d-4645-b217-e1c6d38b2e72#H7$heart%20left%20ventricle,azimuth,http://purl.org/ccf/1.5/1fe61622-ba53-47c9-967e-e764c21b8189,0.9265188979554712,0.0
78,Female,http://purl.org/ccf/1.5/65f3b03b-1eb1-487d-8c02-c4d107cc9400,https://entity.api.hubmapconsortium.org/entities/11678046b4e78f95762acc47d3074dc5,popv,http://purl.org/ccf/1.5/9d795171-ba1f-4ae2-9b98-9a285280ebf6,0.9981490184467064,0.0
79,Female,http://purl.org/ccf/1.5/d1085194-4902-4252-95fd-faf03afd9288,https://entity.api.hubmapconsortium.org/entities/a24771788dc2d572e267badeb701161d,celltypist,http://purl.org/ccf/1.5/5fa952b1-a5a7-4089-bdc2-7208f71f45be,0.3509226482098531,1.0000000000000004
80,Female,http://purl.org/ccf/1.5/8f99a469-7d51-46dc-919d-2e002eeae868,https://entity.api.hubmapconsortium.org/entities/b921c30d5077581c016d87d4f4c9ff19,azimuth,http://purl.org/ccf/1.5/fd380a0c-2915-4d73-b3f4-d161badbaccb,0.6998053648884263,0.8705840232451442
81,Female,http://purl.org/ccf/1.5/b195f78a-28c0-48d3-8b23-a92d38131d55,https://entity.api.hubmapconsortium.org/entities/2ae126ab16c264352b2d3d2607236b97,celltypist,http://purl.org/ccf/1.5/4ecffbfc-dc50-4140-95e8-4f97d5804f4f,0.9804193056416214,0.0
82,Female,http://purl.org/ccf/1.5/04baf323-eda0-4f72-bea1-aa943aa70894,https://entity.api.hubmapconsortium.org/entities/26e1f2991c6f67fa10e9670f1bc0da6a,popv,http://purl.org/ccf/1.5/ca476545-5b98-476c-b2fd-1b8e1708faed,0.9292222287520372,0.0
83,Female,http://purl.org/ccf/1.5/04baf323-eda0-4f72-bea1-aa943aa70894,https://entity.api.hubmapconsortium.org/entities/35e9bf0f58152ceb6f4d01052ac8867d,celltypist,http://purl.org/ccf/1.5/e13cd910-c2df-4b83-ad68-2e7409089fa4,0.9828488980675828,1.0
84,Female,http://purl.org/ccf/1.5/461a8adc-10d3-4518-8dd2-d2daccaa128b,https://api.cellxgene.cziscience.com/dp/v1/collections/bcb61471-2a44-4d00-a0af-ff085512674c#34-10184$kidney,azimuth,http://purl.org/ccf/1.5/8f99a469-7d51-46dc-919d-2e002eeae868,0.67094361670801,0.0
85,Female,http://purl.org/ccf/1.5/bd004aeb-6e60-4d5b-8d40-cfdd55b8b6fe,https://entity.api.hubmapconsortium.org/entities/898138b7f45a67c574e9955fb400e9be,azimuth,http://purl.org/ccf/1.5/e4853294-071d-4bef-bff3-2fd52a5c6af0,0.7295323807147199,0.8251476713268044
86,Female,http://purl.org/ccf/1.5/e88dfa31-cb6b-4eaa-b16c-e5c97de2701e,https://entity.api.hubmapconsortium.org/entities/2cd4eabca0b653af7f3b79534b2d641f,azimuth,http://purl.org/ccf/1.5/fd380a0c-2915-4d73-b3f4-d161badbaccb,0.810243638805023,0.49194451395895306
87,Female,http://purl.org/ccf/1.5/3425fa0c-c5cb-4493-b6ba-41520334b13e,https://entity.api.hubmapconsortium.org/entities/71477f504b0069828a368009fa3ab1ad,celltypist,http://purl.org/ccf/1.5/cd304e60-3de4-4dd9-b289-ce1a0efae4d7,0.5619644150674535,0.0
88,Female,http://purl.org/ccf/1.5/461a8adc-10d3-4518-8dd2-d2daccaa128b,https://api.cellxgene.cziscience.com/dp/v1/collections/bcb61471-2a44-4d00-a0af-ff085512674c#29-10011$kidney,azimuth,http://purl.org/ccf/1.5/70ad7ae6-c9af-4975-98e2-98c249e36ddd,0.4968319910418703,0.0
89,Female,http://purl.org/ccf/1.5/5fa952b1-a5a7-4089-bdc2-7208f71f45be,https://entity.api.hubmapconsortium.org/entities/7b8380782bc3f9ba8dca693909477b66,sc_proteomics,http://purl.org/ccf/1.5/d1085194-4902-4252-95fd-faf03afd9288,0.9435183761951276,1.0000000000000004
90,Female,http://purl.org/ccf/1.5/61d9f366-c050-4c28-995f-32ab920a7ca8,https://entity.api.hubmapconsortium.org/entities/b2ab05f290c0740c3198f020cd70e78d,azimuth,http://purl.org/ccf/1.5/72ea5aad-4be7-4478-afc0-7736bc0d90e3,0.6663204388816578,0.5934702185295593
91,Female,http://purl.org/ccf/1.5/9d795171-ba1f-4ae2-9b98-9a285280ebf6,https://entity.api.hubmapconsortium.org/entities/7034950e109586361e73c1b9ddb81346,sc_proteomics,http://purl.org/ccf/1.5/93286ce3-669a-4f3f-a85a-7eaaedc15c59,0.9222783035389688,0.0
92,Female,http://purl.org/ccf/1.5/1fe61622-ba53-47c9-967e-e764c21b8189,https://api.cellxgene.cziscience.com/dp/v1/collections/b52eb423-5d0d-4645-b217-e1c6d38b2e72#H5$heart%20right%20ventricle,celltypist,http://purl.org/ccf/1.5/05c11830-1526-4472-bd12-ea24dbcfd3cc,0.525310021913569,0.13264086536625314
93,Female,http://purl.org/ccf/1.5/502166ab-e841-4b65-9045-7c386166a9e8,https://api.cellxgene.cziscience.com/dp/v1/collections/b52eb423-5d0d-4645-b217-e1c6d38b2e72#D4$left%20cardiac%20atrium,celltypist,http://purl.org/ccf/1.5/f6512db4-2809-4ffe-864d-ace61789dff6,0.7418259007091926,0.0
94,Female,http://purl.org/ccf/1.5/6acd66b8-2659-4626-bef9-a80f135489ad,https://api.cellxgene.cziscience.com/dp/v1/collections/625f6bf4-2f33-4942-962e-35243d284837#D139$lung,azimuth,http://purl.org/ccf/1.5/ab2e49b2-1959-44af-8e83-ac16878f6c12,0.7467428583398912,0.0
95,Female,http://purl.org/ccf/1.5/ab2e49b2-1959-44af-8e83-ac16878f6c12,https://doi.org/10.1126/science.abl4290#GTEX-13N11-5030-SM-H5JDW,celltypist,http://purl.org/ccf/1.5/6acd66b8-2659-4626-bef9-a80f135489ad,0.7840008845895866,0.0
96,Female,http://purl.org/ccf/1.5/05c11830-1526-4472-bd12-ea24dbcfd3cc,https://api.cellxgene.cziscience.com/dp/v1/collections/b52eb423-5d0d-4645-b217-e1c6d38b2e72#H5$interventricular%20septum,celltypist,http://purl.org/ccf/1.5/1fe61622-ba53-47c9-967e-e764c21b8189,0.9157882799653034,0.13264086536625314
97,Female,http://purl.org/ccf/1.5/16e98d8c-8983-48c2-bb41-7b1cfbbf2e4a,https://entity.api.hubmapconsortium.org/entities/8b65acdfecc504e9a96c84643c3ab02c,popv,http://purl.org/ccf/1.5/f6512db4-2809-4ffe-864d-ace61789dff6,0.9746091491667828,0.0
98,Female,http://purl.org/ccf/1.5/8f99a469-7d51-46dc-919d-2e002eeae868,https://entity.api.hubmapconsortium.org/entities/81c50251d7f1aa85eeb6c03be44443a6,azimuth,http://purl.org/ccf/1.5/70ad7ae6-c9af-4975-98e2-98c249e36ddd,0.8149710210436489,0.9864422873504152
99,Female,http://purl.org/ccf/1.5/f66f91f9-c6c5-414d-b784-2faec33e0505,https://entity.api.hubmapconsortium.org/entities/e010f7505632d7b6eeda25b349383149,azimuth,http://purl.org/ccf/1.5/4ae53bc8-b6da-4ba9-9030-a93ae44389b9,0.7070977110920804,0.0
100,Female,http://purl.org/ccf/1.5/8f99a469-7d51-46dc-919d-2e002eeae868,https://entity.api.hubmapconsortium.org/entities/29596bee3f70b2bfc89d184fe38a3daa,azimuth,http://purl.org/ccf/1.5/70ad7ae6-c9af-4975-98e2-98c249e36ddd,0.8431178933672996,0.9864422873504152
101,Female,http://purl.org/ccf/1.5/05c11830-1526-4472-bd12-ea24dbcfd3cc,https://api.cellxgene.cziscience.com/dp/v1/collections/b52eb423-5d0d-4645-b217-e1c6d38b2e72#D5$interventricular%20septum,azimuth,http://purl.org/ccf/1.5/2156f837-2ab2-4305-8e7f-8084249e91cd,0.922818375105798,0.5327927197064621
102,Female,http://purl.org/ccf/1.5/2156f837-2ab2-4305-8e7f-8084249e91cd,https://api.cellxgene.cziscience.com/dp/v1/collections/b52eb423-5d0d-4645-b217-e1c6d38b2e72#H5$heart%20left%20ventricle,azimuth,http://purl.org/ccf/1.5/1fe61622-ba53-47c9-967e-e764c21b8189,0.9183028384512976,0.0
103,Female,http://purl.org/ccf/1.5/3425fa0c-c5cb-4493-b6ba-41520334b13e,https://entity.api.hubmapconsortium.org/entities/71477f504b0069828a368009fa3ab1ad,popv,http://purl.org/ccf/1.5/6acd66b8-2659-4626-bef9-a80f135489ad,0.5800233280072351,0.0
104,Female,http://purl.org/ccf/1.5/502166ab-e841-4b65-9045-7c386166a9e8,https://api.cellxgene.cziscience.com/dp/v1/collections/b52eb423-5d0d-4645-b217-e1c6d38b2e72#D5$left%20cardiac%20atrium,celltypist,http://purl.org/ccf/1.5/ca476545-5b98-476c-b2fd-1b8e1708faed,0.7542774329807876,0.0
105,Female,http://purl.org/ccf/1.5/e240c0a4-5e53-4464-8320-ad775f2c4bf7,https://entity.api.hubmapconsortium.org/entities/3de525fe3e5718f297e8d62e037a042d,celltypist,http://purl.org/ccf/1.5/9d795171-ba1f-4ae2-9b98-9a285280ebf6,0.9794507330548564,0.0
106,Female,http://purl.org/ccf/1.5/4af4b1bd-c71d-4ade-a9f6-47b2ccc9f5bb,https://entity.api.hubmapconsortium.org/entities/3a4fb23a49fba2647dba2b8f57976d25,sc_proteomics,http://purl.org/ccf/1.5/5fa952b1-a5a7-4089-bdc2-7208f71f45be,0.9494608369965736,0.0
107,Female,http://purl.org/ccf/1.5/f66f91f9-c6c5-414d-b784-2faec33e0505,https://entity.api.hubmapconsortium.org/entities/33c0ce043ae331ea23fc80023428e534,azimuth,http://purl.org/ccf/1.5/d77fd4d3-c410-42ea-ad28-7383b3338323,0.7012012175725265,0.0
108,Female,http://purl.org/ccf/1.5/4af4b1bd-c71d-4ade-a9f6-47b2ccc9f5bb,https://entity.api.hubmapconsortium.org/entities/8a5592389339a77ce7697f516aa721fe,popv,http://purl.org/ccf/1.5/9d795171-ba1f-4ae2-9b98-9a285280ebf6,0.99944117586497,0.0
109,Female,http://purl.org/ccf/1.5/8f99a469-7d51-46dc-919d-2e002eeae868,https://entity.api.hubmapconsortium.org/entities/97c65df1d8fdc8d67c34a55e386fd430,azimuth,http://purl.org/ccf/1.5/70ad7ae6-c9af-4975-98e2-98c249e36ddd,0.8296832097131067,0.9864422873504152
110,Female,http://purl.org/ccf/1.5/8f99a469-7d51-46dc-919d-2e002eeae868,https://entity.api.hubmapconsortium.org/entities/fd0b0c1d050010de3520492147aacef4,azimuth,http://purl.org/ccf/1.5/1d965182-bf13-4738-af05-72b817121959,0.7801182658461233,0.9992202476027295
111,Female,http://purl.org/ccf/1.5/f6512db4-2809-4ffe-864d-ace61789dff6,https://doi.org/10.1126/science.abl4290#GTEX-13N11-5002-SM-H5JDV,popv,http://purl.org/ccf/1.5/ca476545-5b98-476c-b2fd-1b8e1708faed,0.9912526470249272,1.0
112,Female,http://purl.org/ccf/1.5/52c4948d-bdc2-4201-a991-61a2c0a565c0,https://entity.api.hubmapconsortium.org/entities/dc4f4778dd04263c0660addcc93b3807,azimuth,http://purl.org/ccf/1.5/d77fd4d3-c410-42ea-ad28-7383b3338323,0.7879744275615261,0.0
113,Female,http://purl.org/ccf/1.5/d194f593-af76-4ee7-84a6-00f7531d47cf,https://entity.api.hubmapconsortium.org/entities/69ede86e15f4c129ca8eff2bb9940b36,celltypist,http://purl.org/ccf/1.5/43e195fb-0f50-4b67-bff1-b74f68290fc6,0.2462164029541237,0.0
114,Female,http://purl.org/ccf/1.5/1fe61622-ba53-47c9-967e-e764c21b8189,https://api.cellxgene.cziscience.com/dp/v1/collections/b52eb423-5d0d-4645-b217-e1c6d38b2e72#D5$heart%20right%20ventricle,celltypist,http://purl.org/ccf/1.5/05c11830-1526-4472-bd12-ea24dbcfd3cc,0.5853051439159982,0.13264086536625314
115,Female,http://purl.org/ccf/1.5/461a8adc-10d3-4518-8dd2-d2daccaa128b,https://api.cellxgene.cziscience.com/dp/v1/collections/bcb61471-2a44-4d00-a0af-ff085512674c#29-10012$cortex%20of%20kidney,azimuth,http://purl.org/ccf/1.5/8d126897-60f6-433e-a56b-cbe730475742,0.6501945785951885,0.0
116,Female,http://purl.org/ccf/1.5/502166ab-e841-4b65-9045-7c386166a9e8,https://api.cellxgene.cziscience.com/dp/v1/collections/b52eb423-5d0d-4645-b217-e1c6d38b2e72#D1$left%20cardiac%20atrium,celltypist,http://purl.org/ccf/1.5/f6512db4-2809-4ffe-864d-ace61789dff6,0.8709907473733413,0.0
117,Female,http://purl.org/ccf/1.5/502166ab-e841-4b65-9045-7c386166a9e8,https://api.cellxgene.cziscience.com/dp/v1/collections/b52eb423-5d0d-4645-b217-e1c6d38b2e72#H5$left%20cardiac%20atrium,azimuth,http://purl.org/ccf/1.5/ca476545-5b98-476c-b2fd-1b8e1708faed,0.7768061286219469,0.0
118,Female,http://purl.org/ccf/1.5/9abfed4e-2fde-4d80-a8aa-7439a106d895,https://api.cellxgene.cziscience.com/dp/v1/collections/b52eb423-5d0d-4645-b217-e1c6d38b2e72#D11$apex%20of%20heart,celltypist,http://purl.org/ccf/1.5/1fe61622-ba53-47c9-967e-e764c21b8189,0.6716583079971181,0.0
119,Female,http://purl.org/ccf/1.5/aab5a316-7fbc-4a57-8b3a-3fc1958c5292,https://entity.api.hubmapconsortium.org/entities/277152f17b5a2f308820ab4d85c5a426,celltypist,http://purl.org/ccf/1.5/db4f3eca-e9f8-4f9c-88a1-795a20dd0f84,0.6460114331784536,0.0
120,Female,http://purl.org/ccf/1.5/16e98d8c-8983-48c2-bb41-7b1cfbbf2e4a,https://entity.api.hubmapconsortium.org/entities/8b65acdfecc504e9a96c84643c3ab02c,azimuth,http://purl.org/ccf/1.5/05c11830-1526-4472-bd12-ea24dbcfd3cc,0.9296612230860866,0.5327927197064621
121,Female,http://purl.org/ccf/1.5/6f74a57b-41ce-4581-a206-2e84b58c1c98,https://entity.api.hubmapconsortium.org/entities/59249f23ecdcc975c90de9a1956a5285,azimuth,http://purl.org/ccf/1.5/d77fd4d3-c410-42ea-ad28-7383b3338323,0.7138065722012826,0.0
122,Female,http://purl.org/ccf/1.5/74c8746d-be53-493d-9a2a-1edbe24f0d16,https://entity.api.hubmapconsortium.org/entities/8c1ad4c380ae5477d0b7875fa47e867e,celltypist,http://purl.org/ccf/1.5/4ecffbfc-dc50-4140-95e8-4f97d5804f4f,0.9798234010867142,0.9999999999999999
123,Female,http://purl.org/ccf/1.5/8b652088-8c73-466d-b59c-3fbb8c01e399,https://entity.api.hubmapconsortium.org/entities/be9a0e3119ea00dc156eff7ca346f46e,celltypist,http://purl.org/ccf/1.5/48f6aab3-8d58-4675-806c-3fd7d5b7336f,0.8111773471277539,0.0
124,Female,http://purl.org/ccf/1.5/e88dfa31-cb6b-4eaa-b16c-e5c97de2701e,https://entity.api.hubmapconsortium.org/entities/d1af36911148fdd7001fd4eebe7222f1,azimuth,http://purl.org/ccf/1.5/fd380a0c-2915-4d73-b3f4-d161badbaccb,0.810243638805023,0.49194451395895306
125,Female,http://purl.org/ccf/1.5/ab2e49b2-1959-44af-8e83-ac16878f6c12,https://doi.org/10.1126/science.abl4290#GTEX-13N11-5030-SM-H5JDW,azimuth,http://purl.org/ccf/1.5/6acd66b8-2659-4626-bef9-a80f135489ad,0.7522341176293152,0.0
126,Female,http://purl.org/ccf/1.5/e13cd910-c2df-4b83-ad68-2e7409089fa4,https://entity.api.hubmapconsortium.org/entities/3d0bf870aaa607cd0bd0146a461ea0ac,azimuth,http://purl.org/ccf/1.5/05c11830-1526-4472-bd12-ea24dbcfd3cc,0.8688993538635968,0.5327927197064621
127,Female,http://purl.org/ccf/1.5/44bacb5a-0cd8-4a88-9c93-490255a6b6f2,https://entity.api.hubmapconsortium.org/entities/0f35f3bd23a8f773c7213d558338e74d,popv,http://purl.org/ccf/1.5/1ac64de5-0f15-4d54-add8-e8817a3aa538,0.984439131261123,0.0
128,Female,http://purl.org/ccf/1.5/ca476545-5b98-476c-b2fd-1b8e1708faed,https://api.cellxgene.cziscience.com/dp/v1/collections/b52eb423-5d0d-4645-b217-e1c6d38b2e72#H5$right%20cardiac%20atrium,azimuth,http://purl.org/ccf/1.5/f6512db4-2809-4ffe-864d-ace61789dff6,0.8580303844186973,1.0
129,Female,http://purl.org/ccf/1.5/d1085194-4902-4252-95fd-faf03afd9288,https://entity.api.hubmapconsortium.org/entities/4839e7564bc7676e781b8f3f9bfbf35b,sc_proteomics,http://purl.org/ccf/1.5/65f3b03b-1eb1-487d-8c02-c4d107cc9400,0.9139536842901814,1.0000000000000004
130,Female,http://purl.org/ccf/1.5/fa9ecb7f-16d5-4733-bc89-46496a9e886e,https://entity.api.hubmapconsortium.org/entities/d9780d3f4eb9edfe275abaa32ff8633b,popv,http://purl.org/ccf/1.5/6febbcea-502d-466e-bb26-6e3eb8240902,0.5806709240388346,0.6218821436015863
131,Female,http://purl.org/ccf/1.5/7f4ad752-8a2d-4088-b91e-4e0d1a724d98,https://entity.api.hubmapconsortium.org/entities/4fd71a24a7a81141700b26e9a9890172,popv,http://purl.org/ccf/1.5/e240c0a4-5e53-4464-8320-ad775f2c4bf7,0.9974186776292884,0.0
132,Female,http://purl.org/ccf/1.5/aab5a316-7fbc-4a57-8b3a-3fc1958c5292,https://entity.api.hubmapconsortium.org/entities/a5729f859fc944c76f77fc74a1710e3b,popv,http://purl.org/ccf/1.5/32214c14-bf21-4bf6-aea9-58ab721128ab,0.9843666766448702,1.0
133,Female,http://purl.org/ccf/1.5/1fe61622-ba53-47c9-967e-e764c21b8189,https://api.cellxgene.cziscience.com/dp/v1/collections/b52eb423-5d0d-4645-b217-e1c6d38b2e72#D1$heart%20right%20ventricle,azimuth,http://purl.org/ccf/1.5/05c11830-1526-4472-bd12-ea24dbcfd3cc,0.9710573764143224,0.13264086536625314
134,Female,http://purl.org/ccf/1.5/2156f837-2ab2-4305-8e7f-8084249e91cd,https://api.cellxgene.cziscience.com/dp/v1/collections/b52eb423-5d0d-4645-b217-e1c6d38b2e72#D5$heart%20left%20ventricle,popv,http://purl.org/ccf/1.5/1fe61622-ba53-47c9-967e-e764c21b8189,0.9791087098997238,0.0
135,Female,http://purl.org/ccf/1.5/5764d42e-95e4-4e5a-b36e-ca498354906d,https://entity.api.hubmapconsortium.org/entities/92248f72d47b916a2027085ec1b8e996,azimuth,http://purl.org/ccf/1.5/c5e652ed-7e40-41de-bfc0-a73f05a0c66a,0.963999449514833,1.0
136,Female,http://purl.org/ccf/1.5/8b652088-8c73-466d-b59c-3fbb8c01e399,https://entity.api.hubmapconsortium.org/entities/846e56ed969922f1cb7a81619b175620,celltypist,http://purl.org/ccf/1.5/43e195fb-0f50-4b67-bff1-b74f68290fc6,0.6687306325571232,0.0
137,Female,http://purl.org/ccf/1.5/9abfed4e-2fde-4d80-a8aa-7439a106d895,https://api.cellxgene.cziscience.com/dp/v1/collections/b52eb423-5d0d-4645-b217-e1c6d38b2e72#D5$apex%20of%20heart,celltypist,http://purl.org/ccf/1.5/1fe61622-ba53-47c9-967e-e764c21b8189,0.9507473909628192,0.0
138,Female,http://purl.org/ccf/1.5/461a8adc-10d3-4518-8dd2-d2daccaa128b,https://api.cellxgene.cziscience.com/dp/v1/collections/bcb61471-2a44-4d00-a0af-ff085512674c#18-162$cortex%20of%20kidney,azimuth,http://purl.org/ccf/1.5/bd004aeb-6e60-4d5b-8d40-cfdd55b8b6fe,0.706598977216186,0.0
139,Female,http://purl.org/ccf/1.5/8f99a469-7d51-46dc-919d-2e002eeae868,https://entity.api.hubmapconsortium.org/entities/55452bd302046918eaeeffa62c5b5f03,azimuth,http://purl.org/ccf/1.5/f66f91f9-c6c5-414d-b784-2faec33e0505,0.8696599658430251,1.0
140,Female,http://purl.org/ccf/1.5/ca476545-5b98-476c-b2fd-1b8e1708faed,https://api.cellxgene.cziscience.com/dp/v1/collections/b52eb423-5d0d-4645-b217-e1c6d38b2e72#H7$right%20cardiac%20atrium,celltypist,http://purl.org/ccf/1.5/f6512db4-2809-4ffe-864d-ace61789dff6,0.9120656914901084,1.0
141,Female,http://purl.org/ccf/1.5/2156f837-2ab2-4305-8e7f-8084249e91cd,https://api.cellxgene.cziscience.com/dp/v1/collections/b52eb423-5d0d-4645-b217-e1c6d38b2e72#H5$heart%20left%20ventricle,popv,http://purl.org/ccf/1.5/1fe61622-ba53-47c9-967e-e764c21b8189,0.9189457654036536,0.0
142,Female,http://purl.org/ccf/1.5/6130c1eb-9a5a-44b2-8a3e-ebae47cc419d,https://entity.api.hubmapconsortium.org/entities/018a905cdbdff684760859f594d3fd77,azimuth,http://purl.org/ccf/1.5/d77fd4d3-c410-42ea-ad28-7383b3338323,0.9435444627962004,0.0
143,Female,http://purl.org/ccf/1.5/8eea8795-2c2f-4811-bf19-ceff62be1128,https://entity.api.sennetconsortium.org/entities/55b89760a86cf5097aeac1d22e72c406,celltypist,http://purl.org/ccf/1.5/f6512db4-2809-4ffe-864d-ace61789dff6,0.2666864876302242,0.0
144,Female,http://purl.org/ccf/1.5/8f99a469-7d51-46dc-919d-2e002eeae868,https://entity.api.hubmapconsortium.org/entities/a6bfa5ab516fcc24137cdd3ce3971e2c,azimuth,http://purl.org/ccf/1.5/70ad7ae6-c9af-4975-98e2-98c249e36ddd,0.8296832097131067,0.9864422873504152
145,Female,http://purl.org/ccf/1.5/e88dfa31-cb6b-4eaa-b16c-e5c97de2701e,https://entity.api.hubmapconsortium.org/entities/0a21f3fa27109790483f2a0729be53de,azimuth,http://purl.org/ccf/1.5/8d126897-60f6-433e-a56b-cbe730475742,0.9150886402105864,1.0
146,Female,http://purl.org/ccf/1.5/f66f91f9-c6c5-414d-b784-2faec33e0505,https://entity.api.hubmapconsortium.org/entities/739184f7ec84d93a35360cde81cc026c,azimuth,http://purl.org/ccf/1.5/4ae53bc8-b6da-4ba9-9030-a93ae44389b9,0.7172998979683903,0.0
147,Female,http://purl.org/ccf/1.5/8f99a469-7d51-46dc-919d-2e002eeae868,https://entity.api.hubmapconsortium.org/entities/1b5c7d45cb0e475b73f9280d092d34a5,azimuth,http://purl.org/ccf/1.5/f66f91f9-c6c5-414d-b784-2faec33e0505,0.8479094887223507,1.0
148,Female,http://purl.org/ccf/1.5/05c11830-1526-4472-bd12-ea24dbcfd3cc,https://api.cellxgene.cziscience.com/dp/v1/collections/b52eb423-5d0d-4645-b217-e1c6d38b2e72#D4$interventricular%20septum,celltypist,http://purl.org/ccf/1.5/1fe61622-ba53-47c9-967e-e764c21b8189,0.9325291515267916,0.13264086536625314
149,Female,http://purl.org/ccf/1.5/2156f837-2ab2-4305-8e7f-8084249e91cd,https://api.cellxgene.cziscience.com/dp/v1/collections/b52eb423-5d0d-4645-b217-e1c6d38b2e72#H6$heart%20left%20ventricle,celltypist,http://purl.org/ccf/1.5/1fe61622-ba53-47c9-967e-e764c21b8189,0.8714214101459087,0.0
150,Female,http://purl.org/ccf/1.5/e4853294-071d-4bef-bff3-2fd52a5c6af0,https://entity.api.hubmapconsortium.org/entities/ccbad4ffd323265937b842ea36ada4ad,azimuth,http://purl.org/ccf/1.5/72ea5aad-4be7-4478-afc0-7736bc0d90e3,0.6855923360653043,0.0
151,Female,http://purl.org/ccf/1.5/461a8adc-10d3-4518-8dd2-d2daccaa128b,https://api.cellxgene.cziscience.com/dp/v1/collections/bcb61471-2a44-4d00-a0af-ff085512674c#27-10039$kidney,azimuth,http://purl.org/ccf/1.5/85ad9566-c363-4b61-a522-6576b253d9af,0.7613547203836393,0.0
152,Female,http://purl.org/ccf/1.5/502166ab-e841-4b65-9045-7c386166a9e8,https://api.cellxgene.cziscience.com/dp/v1/collections/b52eb423-5d0d-4645-b217-e1c6d38b2e72#D1$left%20cardiac%20atrium,azimuth,http://purl.org/ccf/1.5/f6512db4-2809-4ffe-864d-ace61789dff6,0.8601145886797709,0.0
153,Female,http://purl.org/ccf/1.5/5764d42e-95e4-4e5a-b36e-ca498354906d,https://entity.api.hubmapconsortium.org/entities/47015df8ab7615a9ce26098d88196dde,azimuth,http://purl.org/ccf/1.5/c5e652ed-7e40-41de-bfc0-a73f05a0c66a,0.963999449514833,1.0
154,Female,http://purl.org/ccf/1.5/aed760ae-295a-43fc-b6cd-abdf6f012975,https://entity.api.hubmapconsortium.org/entities/bff180755a5da7c036e5250c94f1ebd7#D115-RLL-10A3-40,sc_proteomics,http://purl.org/ccf/1.5/ee7b09db-e6f5-4114-a8f8-5a19bb3a07c2,0.1300533325313536,0.0
155,Female,http://purl.org/ccf/1.5/ca476545-5b98-476c-b2fd-1b8e1708faed,https://api.cellxgene.cziscience.com/dp/v1/collections/b52eb423-5d0d-4645-b217-e1c6d38b2e72#H6$right%20cardiac%20atrium,celltypist,http://purl.org/ccf/1.5/f6512db4-2809-4ffe-864d-ace61789dff6,0.8558859882334301,1.0
156,Female,http://purl.org/ccf/1.5/d8c8faa2-7e2a-4b74-9531-cd08be659c10,https://entity.api.hubmapconsortium.org/entities/a7ecf4fd858a58dcaa3bab5df455065b,sc_proteomics,http://purl.org/ccf/1.5/cd304e60-3de4-4dd9-b289-ce1a0efae4d7,0.9295914756823273,0.0
157,Female,http://purl.org/ccf/1.5/cce37703-e4e8-454c-a0c4-4ff58652ab8f,https://doi.org/10.1126/science.abl4290#GTEX-15EOM-5003-SM-G64IH,celltypist,http://purl.org/ccf/1.5/eb92e0e2-838b-4689-b13c-07c3ce31eaf0,0.8371058839153436,1.0
158,Female,http://purl.org/ccf/1.5/502166ab-e841-4b65-9045-7c386166a9e8,https://api.cellxgene.cziscience.com/dp/v1/collections/b52eb423-5d0d-4645-b217-e1c6d38b2e72#D11$left%20cardiac%20atrium,azimuth,http://purl.org/ccf/1.5/1fe61622-ba53-47c9-967e-e764c21b8189,0.5318994814526264,0.0
159,Female,http://purl.org/ccf/1.5/f6512db4-2809-4ffe-864d-ace61789dff6,https://doi.org/10.1126/science.abl4290#GTEX-13N11-5002-SM-H5JDV,celltypist,http://purl.org/ccf/1.5/ca476545-5b98-476c-b2fd-1b8e1708faed,0.8227785126403083,1.0
160,Female,http://purl.org/ccf/1.5/05c11830-1526-4472-bd12-ea24dbcfd3cc,https://api.cellxgene.cziscience.com/dp/v1/collections/b52eb423-5d0d-4645-b217-e1c6d38b2e72#D11$interventricular%20septum,celltypist,http://purl.org/ccf/1.5/1fe61622-ba53-47c9-967e-e764c21b8189,0.7305617501043057,0.13264086536625314
161,Female,http://purl.org/ccf/1.5/461a8adc-10d3-4518-8dd2-d2daccaa128b,https://api.cellxgene.cziscience.com/dp/v1/collections/bcb61471-2a44-4d00-a0af-ff085512674c#18-142$cortex%20of%20kidney,azimuth,http://purl.org/ccf/1.5/e88dfa31-cb6b-4eaa-b16c-e5c97de2701e,0.4906917845406756,0.0
162,Female,http://purl.org/ccf/1.5/f66f91f9-c6c5-414d-b784-2faec33e0505,https://entity.api.hubmapconsortium.org/entities/0804a7a9e430e6adfbc56f339d787211,azimuth,http://purl.org/ccf/1.5/8f99a469-7d51-46dc-919d-2e002eeae868,0.7420443149537165,1.0
163,Female,http://purl.org/ccf/1.5/8f99a469-7d51-46dc-919d-2e002eeae868,https://entity.api.hubmapconsortium.org/entities/ccf899abde825d51b03ad91028483ac1,azimuth,http://purl.org/ccf/1.5/1d965182-bf13-4738-af05-72b817121959,0.7801182658461233,0.9992202476027295
164,Female,http://purl.org/ccf/1.5/c5e652ed-7e40-41de-bfc0-a73f05a0c66a,https://entity.api.hubmapconsortium.org/entities/57054da2dbe87b93f1adb78444086963,azimuth,http://purl.org/ccf/1.5/d77fd4d3-c410-42ea-ad28-7383b3338323,0.8335796075359139,0.0
165,Female,http://purl.org/ccf/1.5/f66f91f9-c6c5-414d-b784-2faec33e0505,https://entity.api.hubmapconsortium.org/entities/615462a0e4aa133d8b19644c404e3eeb,azimuth,http://purl.org/ccf/1.5/731ade72-cdb7-4262-8be1-859396820dfd,0.7224354242253586,1.0
166,Female,http://purl.org/ccf/1.5/461a8adc-10d3-4518-8dd2-d2daccaa128b,https://api.cellxgene.cziscience.com/dp/v1/collections/bcb61471-2a44-4d00-a0af-ff085512674c#31-10035$cortex%20of%20kidney,azimuth,http://purl.org/ccf/1.5/e88dfa31-cb6b-4eaa-b16c-e5c97de2701e,0.569582184867253,0.0
167,Female,http://purl.org/ccf/1.5/502166ab-e841-4b65-9045-7c386166a9e8,https://api.cellxgene.cziscience.com/dp/v1/collections/b52eb423-5d0d-4645-b217-e1c6d38b2e72#H7$left%20cardiac%20atrium,azimuth,http://purl.org/ccf/1.5/f6512db4-2809-4ffe-864d-ace61789dff6,0.659888044411449,0.0
168,Female,http://purl.org/ccf/1.5/9abfed4e-2fde-4d80-a8aa-7439a106d895,https://api.cellxgene.cziscience.com/dp/v1/collections/b52eb423-5d0d-4645-b217-e1c6d38b2e72#H6$apex%20of%20heart,celltypist,http://purl.org/ccf/1.5/1fe61622-ba53-47c9-967e-e764c21b8189,0.9264584472746686,0.0
169,Female,http://purl.org/ccf/1.5/ab2e49b2-1959-44af-8e83-ac16878f6c12,https://doi.org/10.1126/science.abl4290#GTEX-13N11-5030-SM-H5JDW,popv,http://purl.org/ccf/1.5/6acd66b8-2659-4626-bef9-a80f135489ad,0.6979861429218753,0.0
170,Female,http://purl.org/ccf/1.5/1fe61622-ba53-47c9-967e-e764c21b8189,https://api.cellxgene.cziscience.com/dp/v1/collections/b52eb423-5d0d-4645-b217-e1c6d38b2e72#D1$heart%20right%20ventricle,popv,http://purl.org/ccf/1.5/9abfed4e-2fde-4d80-a8aa-7439a106d895,0.9188054483600856,0.0
171,Female,http://purl.org/ccf/1.5/2156f837-2ab2-4305-8e7f-8084249e91cd,https://api.cellxgene.cziscience.com/dp/v1/collections/b52eb423-5d0d-4645-b217-e1c6d38b2e72#D5$heart%20left%20ventricle,azimuth,http://purl.org/ccf/1.5/05c11830-1526-4472-bd12-ea24dbcfd3cc,0.9770005189277322,0.5327927197064621
172,Female,http://purl.org/ccf/1.5/c5e652ed-7e40-41de-bfc0-a73f05a0c66a,https://entity.api.hubmapconsortium.org/entities/853ab5348f619043ab2f997ac8ae14f0,azimuth,http://purl.org/ccf/1.5/d77fd4d3-c410-42ea-ad28-7383b3338323,0.8335796075359139,0.0
173,Female,http://purl.org/ccf/1.5/731ade72-cdb7-4262-8be1-859396820dfd,https://entity.api.hubmapconsortium.org/entities/7f1e932a91a86ef58ed61ee19c175c18,azimuth,http://purl.org/ccf/1.5/1d965182-bf13-4738-af05-72b817121959,0.4197121313132148,0.9992202476027295
174,Female,http://purl.org/ccf/1.5/8f99a469-7d51-46dc-919d-2e002eeae868,https://entity.api.hubmapconsortium.org/entities/41dab04d801d21bfc99328c9e249cc68,azimuth,http://purl.org/ccf/1.5/70ad7ae6-c9af-4975-98e2-98c249e36ddd,0.8856133195301182,0.9864422873504152
175,Female,http://purl.org/ccf/1.5/1fe61622-ba53-47c9-967e-e764c21b8189,https://api.cellxgene.cziscience.com/dp/v1/collections/b52eb423-5d0d-4645-b217-e1c6d38b2e72#H7$heart%20right%20ventricle,celltypist,http://purl.org/ccf/1.5/05c11830-1526-4472-bd12-ea24dbcfd3cc,0.5999224444974619,0.13264086536625314
176,Female,http://purl.org/ccf/1.5/502166ab-e841-4b65-9045-7c386166a9e8,https://api.cellxgene.cziscience.com/dp/v1/collections/b52eb423-5d0d-4645-b217-e1c6d38b2e72#D5$left%20cardiac%20atrium,azimuth,http://purl.org/ccf/1.5/f6512db4-2809-4ffe-864d-ace61789dff6,0.7563649790956892,0.0
177,Female,http://purl.org/ccf/1.5/9abfed4e-2fde-4d80-a8aa-7439a106d895,https://api.cellxgene.cziscience.com/dp/v1/collections/b52eb423-5d0d-4645-b217-e1c6d38b2e72#D4$apex%20of%20heart,azimuth,http://purl.org/ccf/1.5/05c11830-1526-4472-bd12-ea24dbcfd3cc,0.9636097042519622,0.5327927197064621
178,Female,http://purl.org/ccf/1.5/05c11830-1526-4472-bd12-ea24dbcfd3cc,https://api.cellxgene.cziscience.com/dp/v1/collections/b52eb423-5d0d-4645-b217-e1c6d38b2e72#D4$interventricular%20septum,azimuth,http://purl.org/ccf/1.5/2156f837-2ab2-4305-8e7f-8084249e91cd,0.9278626349486984,0.5327927197064621
179,Female,http://purl.org/ccf/1.5/1fe61622-ba53-47c9-967e-e764c21b8189,https://api.cellxgene.cziscience.com/dp/v1/collections/b52eb423-5d0d-4645-b217-e1c6d38b2e72#D4$heart%20right%20ventricle,popv,http://purl.org/ccf/1.5/f6512db4-2809-4ffe-864d-ace61789dff6,0.9235107953062676,0.0
180,Female,http://purl.org/ccf/1.5/2156f837-2ab2-4305-8e7f-8084249e91cd,https://api.cellxgene.cziscience.com/dp/v1/collections/b52eb423-5d0d-4645-b217-e1c6d38b2e72#H6$heart%20left%20ventricle,azimuth,http://purl.org/ccf/1.5/1fe61622-ba53-47c9-967e-e764c21b8189,0.919745934616014,0.0
181,Female,http://purl.org/ccf/1.5/2156f837-2ab2-4305-8e7f-8084249e91cd,https://api.cellxgene.cziscience.com/dp/v1/collections/b52eb423-5d0d-4645-b217-e1c6d38b2e72#H7$heart%20left%20ventricle,popv,http://purl.org/ccf/1.5/1fe61622-ba53-47c9-967e-e764c21b8189,0.9295720205456623,0.0
182,Female,http://purl.org/ccf/1.5/2a9e525a-4ad9-4085-bca9-31a2d0512008,https://entity.api.hubmapconsortium.org/entities/367fee3b40cba682063289505b922be1,azimuth,http://purl.org/ccf/1.5/e4853294-071d-4bef-bff3-2fd52a5c6af0,0.4913303989408814,1.0
183,Female,http://purl.org/ccf/1.5/9abfed4e-2fde-4d80-a8aa-7439a106d895,https://api.cellxgene.cziscience.com/dp/v1/collections/b52eb423-5d0d-4645-b217-e1c6d38b2e72#D5$apex%20of%20heart,popv,http://purl.org/ccf/1.5/1fe61622-ba53-47c9-967e-e764c21b8189,0.9851115525002117,0.0
184,Female,http://purl.org/ccf/1.5/2156f837-2ab2-4305-8e7f-8084249e91cd,https://api.cellxgene.cziscience.com/dp/v1/collections/b52eb423-5d0d-4645-b217-e1c6d38b2e72#D1$heart%20left%20ventricle,azimuth,http://purl.org/ccf/1.5/1fe61622-ba53-47c9-967e-e764c21b8189,0.9180743112763118,0.0
185,Female,http://purl.org/ccf/1.5/9abfed4e-2fde-4d80-a8aa-7439a106d895,https://api.cellxgene.cziscience.com/dp/v1/collections/b52eb423-5d0d-4645-b217-e1c6d38b2e72#D4$apex%20of%20heart,celltypist,http://purl.org/ccf/1.5/1fe61622-ba53-47c9-967e-e764c21b8189,0.9488113711027588,0.0
186,Female,http://purl.org/ccf/1.5/9abfed4e-2fde-4d80-a8aa-7439a106d895,https://api.cellxgene.cziscience.com/dp/v1/collections/b52eb423-5d0d-4645-b217-e1c6d38b2e72#D5$apex%20of%20heart,azimuth,http://purl.org/ccf/1.5/1fe61622-ba53-47c9-967e-e764c21b8189,0.9807447703476204,0.0
187,Female,http://purl.org/ccf/1.5/05c11830-1526-4472-bd12-ea24dbcfd3cc,https://api.cellxgene.cziscience.com/dp/v1/collections/b52eb423-5d0d-4645-b217-e1c6d38b2e72#H5$interventricular%20septum,azimuth,http://purl.org/ccf/1.5/1fe61622-ba53-47c9-967e-e764c21b8189,0.9457743648625532,0.13264086536625314
188,Female,http://purl.org/ccf/1.5/8b652088-8c73-466d-b59c-3fbb8c01e399,https://entity.api.hubmapconsortium.org/entities/be9a0e3119ea00dc156eff7ca346f46e,popv,http://purl.org/ccf/1.5/f9e28182-3ed3-4a3f-bd45-66ebce1efafb,0.9804131438988938,0.0
189,Female,http://purl.org/ccf/1.5/ca476545-5b98-476c-b2fd-1b8e1708faed,https://api.cellxgene.cziscience.com/dp/v1/collections/b52eb423-5d0d-4645-b217-e1c6d38b2e72#H7$right%20cardiac%20atrium,azimuth,http://purl.org/ccf/1.5/f6512db4-2809-4ffe-864d-ace61789dff6,0.9180558387264652,1.0
190,Female,http://purl.org/ccf/1.5/461a8adc-10d3-4518-8dd2-d2daccaa128b,https://api.cellxgene.cziscience.com/dp/v1/collections/bcb61471-2a44-4d00-a0af-ff085512674c#29-10016$kidney,azimuth,http://purl.org/ccf/1.5/e4853294-071d-4bef-bff3-2fd52a5c6af0,0.7046832528812192,0.0
191,Female,http://purl.org/ccf/1.5/9abfed4e-2fde-4d80-a8aa-7439a106d895,https://api.cellxgene.cziscience.com/dp/v1/collections/b52eb423-5d0d-4645-b217-e1c6d38b2e72#D11$apex%20of%20heart,azimuth,http://purl.org/ccf/1.5/502166ab-e841-4b65-9045-7c386166a9e8,0.7091715896052717,0.0
192,Female,http://purl.org/ccf/1.5/9abfed4e-2fde-4d80-a8aa-7439a106d895,https://api.cellxgene.cziscience.com/dp/v1/collections/b52eb423-5d0d-4645-b217-e1c6d38b2e72#H5$apex%20of%20heart,popv,http://purl.org/ccf/1.5/1fe61622-ba53-47c9-967e-e764c21b8189,0.9418586123008112,0.0
193,Female,http://purl.org/ccf/1.5/9abfed4e-2fde-4d80-a8aa-7439a106d895,https://api.cellxgene.cziscience.com/dp/v1/collections/b52eb423-5d0d-4645-b217-e1c6d38b2e72#H6$apex%20of%20heart,azimuth,http://purl.org/ccf/1.5/1fe61622-ba53-47c9-967e-e764c21b8189,0.9217717948883176,0.0
194,Female,http://purl.org/ccf/1.5/f9e28182-3ed3-4a3f-bd45-66ebce1efafb,https://entity.api.hubmapconsortium.org/entities/7edbff53248f2a2c8e74f5f955681734,celltypist,http://purl.org/ccf/1.5/3425fa0c-c5cb-4493-b6ba-41520334b13e,0.9599313568802686,0.0
195,Female,http://purl.org/ccf/1.5/9abfed4e-2fde-4d80-a8aa-7439a106d895,https://api.cellxgene.cziscience.com/dp/v1/collections/b52eb423-5d0d-4645-b217-e1c6d38b2e72#D11$apex%20of%20heart,popv,http://purl.org/ccf/1.5/502166ab-e841-4b65-9045-7c386166a9e8,0.7761521736918822,0.0
196,Female,http://purl.org/ccf/1.5/aab5a316-7fbc-4a57-8b3a-3fc1958c5292,https://entity.api.hubmapconsortium.org/entities/277152f17b5a2f308820ab4d85c5a426,popv,http://purl.org/ccf/1.5/32214c14-bf21-4bf6-aea9-58ab721128ab,0.9590515887670322,1.0
197,Female,http://purl.org/ccf/1.5/1d965182-bf13-4738-af05-72b817121959,https://entity.api.hubmapconsortium.org/entities/08c1aa2e74700e1170fc9218ae255992,azimuth,http://purl.org/ccf/1.5/4ae53bc8-b6da-4ba9-9030-a93ae44389b9,0.7520186567617364,0.0
198,Female,http://purl.org/ccf/1.5/2156f837-2ab2-4305-8e7f-8084249e91cd,https://api.cellxgene.cziscience.com/dp/v1/collections/b52eb423-5d0d-4645-b217-e1c6d38b2e72#D11$heart%20left%20ventricle,azimuth,http://purl.org/ccf/1.5/502166ab-e841-4b65-9045-7c386166a9e8,0.5990705629868732,0.0
199,Female,http://purl.org/ccf/1.5/461a8adc-10d3-4518-8dd2-d2daccaa128b,https://api.cellxgene.cziscience.com/dp/v1/collections/bcb61471-2a44-4d00-a0af-ff085512674c#30-10034$cortex%20of%20kidney,azimuth,http://purl.org/ccf/1.5/4ae53bc8-b6da-4ba9-9030-a93ae44389b9,0.4736274062520588,0.0
200,Female,http://purl.org/ccf/1.5/cce37703-e4e8-454c-a0c4-4ff58652ab8f,https://doi.org/10.1126/science.abl4290#GTEX-15EOM-5003-SM-G64IH,popv,http://purl.org/ccf/1.5/eb92e0e2-838b-4689-b13c-07c3ce31eaf0,0.8162064671082642,1.0
201,Female,http://purl.org/ccf/1.5/d194f593-af76-4ee7-84a6-00f7531d47cf,https://entity.api.hubmapconsortium.org/entities/69ede86e15f4c129ca8eff2bb9940b36,popv,http://purl.org/ccf/1.5/d8c8faa2-7e2a-4b74-9531-cd08be659c10,0.9634238961466624,0.0
202,Female,http://purl.org/ccf/1.5/2156f837-2ab2-4305-8e7f-8084249e91cd,https://api.cellxgene.cziscience.com/dp/v1/collections/b52eb423-5d0d-4645-b217-e1c6d38b2e72#D11$heart%20left%20ventricle,popv,http://purl.org/ccf/1.5/502166ab-e841-4b65-9045-7c386166a9e8,0.590896637421603,0.0
203,Female,http://purl.org/ccf/1.5/4af4b1bd-c71d-4ade-a9f6-47b2ccc9f5bb,https://entity.api.hubmapconsortium.org/entities/8a5592389339a77ce7697f516aa721fe,celltypist,http://purl.org/ccf/1.5/9d795171-ba1f-4ae2-9b98-9a285280ebf6,0.9729448072519552,0.0
204,Female,http://purl.org/ccf/1.5/502166ab-e841-4b65-9045-7c386166a9e8,https://api.cellxgene.cziscience.com/dp/v1/collections/b52eb423-5d0d-4645-b217-e1c6d38b2e72#H5$left%20cardiac%20atrium,popv,http://purl.org/ccf/1.5/e13cd910-c2df-4b83-ad68-2e7409089fa4,0.9309491736159592,0.0
205,Female,http://purl.org/ccf/1.5/9abfed4e-2fde-4d80-a8aa-7439a106d895,https://api.cellxgene.cziscience.com/dp/v1/collections/b52eb423-5d0d-4645-b217-e1c6d38b2e72#H7$apex%20of%20heart,popv,http://purl.org/ccf/1.5/502166ab-e841-4b65-9045-7c386166a9e8,0.8613948318930281,0.0
206,Female,http://purl.org/ccf/1.5/05c11830-1526-4472-bd12-ea24dbcfd3cc,https://api.cellxgene.cziscience.com/dp/v1/collections/b52eb423-5d0d-4645-b217-e1c6d38b2e72#H7$interventricular%20septum,celltypist,http://purl.org/ccf/1.5/1fe61622-ba53-47c9-967e-e764c21b8189,0.9504620419151032,0.13264086536625314
207,Female,http://purl.org/ccf/1.5/16e98d8c-8983-48c2-bb41-7b1cfbbf2e4a,https://entity.api.hubmapconsortium.org/entities/8b65acdfecc504e9a96c84643c3ab02c,celltypist,http://purl.org/ccf/1.5/2156f837-2ab2-4305-8e7f-8084249e91cd,0.9903837274304772,1.0
208,Female,http://purl.org/ccf/1.5/05c11830-1526-4472-bd12-ea24dbcfd3cc,https://api.cellxgene.cziscience.com/dp/v1/collections/b52eb423-5d0d-4645-b217-e1c6d38b2e72#H7$interventricular%20septum,azimuth,http://purl.org/ccf/1.5/1fe61622-ba53-47c9-967e-e764c21b8189,0.9335413121345936,0.13264086536625314
209,Female,http://purl.org/ccf/1.5/2156f837-2ab2-4305-8e7f-8084249e91cd,https://api.cellxgene.cziscience.com/dp/v1/collections/b52eb423-5d0d-4645-b217-e1c6d38b2e72#H6$heart%20left%20ventricle,popv,http://purl.org/ccf/1.5/1fe61622-ba53-47c9-967e-e764c21b8189,0.90942212387149,0.0
210,Female,http://purl.org/ccf/1.5/8f99a469-7d51-46dc-919d-2e002eeae868,https://entity.api.hubmapconsortium.org/entities/c6c0cca1d093fcdb8d72bd18053a7940,azimuth,http://purl.org/ccf/1.5/fd380a0c-2915-4d73-b3f4-d161badbaccb,0.6998053648884263,0.8705840232451442
211,Female,http://purl.org/ccf/1.5/e13cd910-c2df-4b83-ad68-2e7409089fa4,https://entity.api.hubmapconsortium.org/entities/33b9c54d7c295897826e1e5271d4fc24,celltypist,http://purl.org/ccf/1.5/1fe61622-ba53-47c9-967e-e764c21b8189,0.7546735039600035,0.0
212,Female,http://purl.org/ccf/1.5/04baf323-eda0-4f72-bea1-aa943aa70894,https://entity.api.hubmapconsortium.org/entities/26e1f2991c6f67fa10e9670f1bc0da6a,azimuth,http://purl.org/ccf/1.5/ca476545-5b98-476c-b2fd-1b8e1708faed,0.8214837481647078,0.0
213,Female,http://purl.org/ccf/1.5/05c11830-1526-4472-bd12-ea24dbcfd3cc,https://api.cellxgene.cziscience.com/dp/v1/collections/b52eb423-5d0d-4645-b217-e1c6d38b2e72#H6$interventricular%20septum,popv,http://purl.org/ccf/1.5/1fe61622-ba53-47c9-967e-e764c21b8189,0.9062531692152382,0.13264086536625314
214,Female,http://purl.org/ccf/1.5/64c5c92d-dc07-40c4-a702-cbef17753fa6,https://entity.api.hubmapconsortium.org/entities/e375a44f5cf5457c8f9b1132574c2436,azimuth,http://purl.org/ccf/1.5/007eb4d9-1694-4380-99e1-4aba832d9227,0.7141961788477975,0.8177953342750107
215,Female,http://purl.org/ccf/1.5/05c11830-1526-4472-bd12-ea24dbcfd3cc,https://api.cellxgene.cziscience.com/dp/v1/collections/b52eb423-5d0d-4645-b217-e1c6d38b2e72#H6$interventricular%20septum,azimuth,http://purl.org/ccf/1.5/1fe61622-ba53-47c9-967e-e764c21b8189,0.9276425510214008,0.13264086536625314
216,Female,http://purl.org/ccf/1.5/48f6aab3-8d58-4675-806c-3fd7d5b7336f,https://entity.api.hubmapconsortium.org/entities/9d85dec83a12ae900c5b7603cb74d6ca,sc_proteomics,http://purl.org/ccf/1.5/43e195fb-0f50-4b67-bff1-b74f68290fc6,0.9410482340717335,0.0
217,Female,http://purl.org/ccf/1.5/502166ab-e841-4b65-9045-7c386166a9e8,https://api.cellxgene.cziscience.com/dp/v1/collections/b52eb423-5d0d-4645-b217-e1c6d38b2e72#H6$left%20cardiac%20atrium,popv,http://purl.org/ccf/1.5/f6512db4-2809-4ffe-864d-ace61789dff6,0.9512416649644864,0.0
218,Female,http://purl.org/ccf/1.5/1fe61622-ba53-47c9-967e-e764c21b8189,https://api.cellxgene.cziscience.com/dp/v1/collections/b52eb423-5d0d-4645-b217-e1c6d38b2e72#D11$heart%20right%20ventricle,popv,http://purl.org/ccf/1.5/502166ab-e841-4b65-9045-7c386166a9e8,0.8526621236659278,0.0
219,Female,http://purl.org/ccf/1.5/5fa952b1-a5a7-4089-bdc2-7208f71f45be,https://entity.api.hubmapconsortium.org/entities/c3e09a5698adbd3308d75c91eb7ff802,celltypist,http://purl.org/ccf/1.5/d1085194-4902-4252-95fd-faf03afd9288,0.8571073795317722,1.0000000000000004
220,Female,http://purl.org/ccf/1.5/93286ce3-669a-4f3f-a85a-7eaaedc15c59,https://entity.api.hubmapconsortium.org/entities/061b6c8f8e76f9be125f0f93e7734642,popv,http://purl.org/ccf/1.5/aab5a316-7fbc-4a57-8b3a-3fc1958c5292,0.9757314037674,0.0
221,Female,http://purl.org/ccf/1.5/9abfed4e-2fde-4d80-a8aa-7439a106d895,https://api.cellxgene.cziscience.com/dp/v1/collections/b52eb423-5d0d-4645-b217-e1c6d38b2e72#D4$apex%20of%20heart,popv,http://purl.org/ccf/1.5/04baf323-eda0-4f72-bea1-aa943aa70894,0.9619749214594264,1.0
222,Female,http://purl.org/ccf/1.5/04baf323-eda0-4f72-bea1-aa943aa70894,https://entity.api.hubmapconsortium.org/entities/26e1f2991c6f67fa10e9670f1bc0da6a,celltypist,http://purl.org/ccf/1.5/9abfed4e-2fde-4d80-a8aa-7439a106d895,0.9828488980675828,1.0
223,Female,http://purl.org/ccf/1.5/3425fa0c-c5cb-4493-b6ba-41520334b13e,https://entity.api.hubmapconsortium.org/entities/baf7cfd920bea2bbc0b6cd7d00ec1789,popv,http://purl.org/ccf/1.5/48f6aab3-8d58-4675-806c-3fd7d5b7336f,0.6549234060410242,1.0
224,Female,http://purl.org/ccf/1.5/8f99a469-7d51-46dc-919d-2e002eeae868,https://entity.api.hubmapconsortium.org/entities/32b783576b6c88fec03f5e5988e3effa,azimuth,http://purl.org/ccf/1.5/85ad9566-c363-4b61-a522-6576b253d9af,0.8557094483324394,1.0
225,Female,http://purl.org/ccf/1.5/007eb4d9-1694-4380-99e1-4aba832d9227,https://entity.api.hubmapconsortium.org/entities/254801a318687281ba3e473569d89a45,azimuth,http://purl.org/ccf/1.5/fd380a0c-2915-4d73-b3f4-d161badbaccb,0.8636850655860032,0.3929726639186333
226,Female,http://purl.org/ccf/1.5/6febbcea-502d-466e-bb26-6e3eb8240902,https://entity.api.hubmapconsortium.org/entities/654418415bed5ecb9596b17a0320a2c6,sc_proteomics,http://purl.org/ccf/1.5/fa9ecb7f-16d5-4733-bc89-46496a9e886e,0.9905875796798176,0.6218821436015863
227,Female,http://purl.org/ccf/1.5/cd304e60-3de4-4dd9-b289-ce1a0efae4d7,https://entity.api.hubmapconsortium.org/entities/67d7b5a3fb4f64a1f714d4369fdedc16,popv,http://purl.org/ccf/1.5/8b652088-8c73-466d-b59c-3fbb8c01e399,0.8377057610148555,1.0
228,Female,http://purl.org/ccf/1.5/05c11830-1526-4472-bd12-ea24dbcfd3cc,https://api.cellxgene.cziscience.com/dp/v1/collections/b52eb423-5d0d-4645-b217-e1c6d38b2e72#H7$interventricular%20septum,popv,http://purl.org/ccf/1.5/1fe61622-ba53-47c9-967e-e764c21b8189,0.9333071696304712,0.13264086536625314
229,Female,http://purl.org/ccf/1.5/2816c343-c908-45bf-8964-974b1c54a5b9,https://entity.api.hubmapconsortium.org/entities/2d0deacd8be70eefbdc33ac107d97e58,popv,http://purl.org/ccf/1.5/ca476545-5b98-476c-b2fd-1b8e1708faed,0.9545828039987424,0.0
230,Female,http://purl.org/ccf/1.5/db4f3eca-e9f8-4f9c-88a1-795a20dd0f84,https://entity.api.hubmapconsortium.org/entities/abcc3410656bc854cf5e0abdee3de738,celltypist,http://purl.org/ccf/1.5/43e195fb-0f50-4b67-bff1-b74f68290fc6,0.913788574223575,1.0
231,Female,http://purl.org/ccf/1.5/461a8adc-10d3-4518-8dd2-d2daccaa128b,https://api.cellxgene.cziscience.com/dp/v1/collections/bcb61471-2a44-4d00-a0af-ff085512674c#31-10040$kidney,azimuth,http://purl.org/ccf/1.5/70ad7ae6-c9af-4975-98e2-98c249e36ddd,0.6483336059624499,0.0
232,Female,http://purl.org/ccf/1.5/9d795171-ba1f-4ae2-9b98-9a285280ebf6,https://entity.api.hubmapconsortium.org/entities/0910bfd40695181a73e5059909e46cda,celltypist,http://purl.org/ccf/1.5/4af4b1bd-c71d-4ade-a9f6-47b2ccc9f5bb,0.7014983301818218,0.0
233,Female,http://purl.org/ccf/1.5/1fe61622-ba53-47c9-967e-e764c21b8189,https://api.cellxgene.cziscience.com/dp/v1/collections/b52eb423-5d0d-4645-b217-e1c6d38b2e72#H7$heart%20right%20ventricle,azimuth,http://purl.org/ccf/1.5/05c11830-1526-4472-bd12-ea24dbcfd3cc,0.910411987020292,0.13264086536625314
234,Female,http://purl.org/ccf/1.5/5fa952b1-a5a7-4089-bdc2-7208f71f45be,https://entity.api.hubmapconsortium.org/entities/c3e09a5698adbd3308d75c91eb7ff802,popv,http://purl.org/ccf/1.5/d1085194-4902-4252-95fd-faf03afd9288,0.9985630506155084,1.0000000000000004
235,Female,http://purl.org/ccf/1.5/93286ce3-669a-4f3f-a85a-7eaaedc15c59,https://entity.api.hubmapconsortium.org/entities/061b6c8f8e76f9be125f0f93e7734642,celltypist,http://purl.org/ccf/1.5/db4f3eca-e9f8-4f9c-88a1-795a20dd0f84,0.9110052886702268,0.0
236,Female,http://purl.org/ccf/1.5/ca476545-5b98-476c-b2fd-1b8e1708faed,https://api.cellxgene.cziscience.com/dp/v1/collections/b52eb423-5d0d-4645-b217-e1c6d38b2e72#D11$right%20cardiac%20atrium,azimuth,http://purl.org/ccf/1.5/f6512db4-2809-4ffe-864d-ace61789dff6,0.896835623613883,1.0
237,Female,http://purl.org/ccf/1.5/4ecffbfc-dc50-4140-95e8-4f97d5804f4f,https://entity.api.hubmapconsortium.org/entities/f6eb890063d13698feb11d39fa61e45a,popv,http://purl.org/ccf/1.5/d1085194-4902-4252-95fd-faf03afd9288,0.9994792017571922,0.0
238,Female,http://purl.org/ccf/1.5/65f3b03b-1eb1-487d-8c02-c4d107cc9400,https://entity.api.hubmapconsortium.org/entities/11678046b4e78f95762acc47d3074dc5,celltypist,http://purl.org/ccf/1.5/9d795171-ba1f-4ae2-9b98-9a285280ebf6,0.9764890759651192,0.0
239,Female,http://purl.org/ccf/1.5/d1085194-4902-4252-95fd-faf03afd9288,https://entity.api.hubmapconsortium.org/entities/a24771788dc2d572e267badeb701161d,popv,http://purl.org/ccf/1.5/d8c8faa2-7e2a-4b74-9531-cd08be659c10,0.9989589591410808,0.0
240,Female,http://purl.org/ccf/1.5/e88dfa31-cb6b-4eaa-b16c-e5c97de2701e,https://entity.api.hubmapconsortium.org/entities/c1a0c043d0a986d71552091cc1b09742,azimuth,http://purl.org/ccf/1.5/e4853294-071d-4bef-bff3-2fd52a5c6af0,0.9150886402105864,1.0
241,Female,http://purl.org/ccf/1.5/04baf323-eda0-4f72-bea1-aa943aa70894,https://entity.api.hubmapconsortium.org/entities/35e9bf0f58152ceb6f4d01052ac8867d,azimuth,http://purl.org/ccf/1.5/ca476545-5b98-476c-b2fd-1b8e1708faed,0.8214837481647078,0.0
242,Female,http://purl.org/ccf/1.5/5fa952b1-a5a7-4089-bdc2-7208f71f45be,https://entity.api.hubmapconsortium.org/entities/ec9405ca3fa9c22273927f0d57c8cc97,popv,http://purl.org/ccf/1.5/d194f593-af76-4ee7-84a6-00f7531d47cf,0.999725827215431,0.0
243,Female,http://purl.org/ccf/1.5/61d9f366-c050-4c28-995f-32ab920a7ca8,https://entity.api.hubmapconsortium.org/entities/7017034c816444f6acb469834e53344f,azimuth,http://purl.org/ccf/1.5/72ea5aad-4be7-4478-afc0-7736bc0d90e3,0.6663204388816578,0.5934702185295593
244,Female,http://purl.org/ccf/1.5/43e195fb-0f50-4b67-bff1-b74f68290fc6,https://entity.api.hubmapconsortium.org/entities/3f3fc7fbd6c9ddffd3cd96e07b946252,sc_proteomics,http://purl.org/ccf/1.5/93286ce3-669a-4f3f-a85a-7eaaedc15c59,0.9664432705050158,0.0
245,Female,http://purl.org/ccf/1.5/8f99a469-7d51-46dc-919d-2e002eeae868,https://entity.api.hubmapconsortium.org/entities/8cdb42ed1194255c74c8462b99bbd7ef,azimuth,http://purl.org/ccf/1.5/1d965182-bf13-4738-af05-72b817121959,0.7052752753130195,0.9992202476027295
246,Female,http://purl.org/ccf/1.5/502166ab-e841-4b65-9045-7c386166a9e8,https://api.cellxgene.cziscience.com/dp/v1/collections/b52eb423-5d0d-4645-b217-e1c6d38b2e72#D11$left%20cardiac%20atrium,popv,http://purl.org/ccf/1.5/05c11830-1526-4472-bd12-ea24dbcfd3cc,0.717474743684389,0.0
247,Female,http://purl.org/ccf/1.5/ca476545-5b98-476c-b2fd-1b8e1708faed,https://api.cellxgene.cziscience.com/dp/v1/collections/b52eb423-5d0d-4645-b217-e1c6d38b2e72#D4$right%20cardiac%20atrium,popv,http://purl.org/ccf/1.5/f6512db4-2809-4ffe-864d-ace61789dff6,0.9628650008657316,1.0
248,Female,http://purl.org/ccf/1.5/8f99a469-7d51-46dc-919d-2e002eeae868,https://entity.api.hubmapconsortium.org/entities/fee4cf0e7da557d3ef5c535b5417ed7a,azimuth,http://purl.org/ccf/1.5/1d965182-bf13-4738-af05-72b817121959,0.7748246745720265,0.9992202476027295
249,Female,http://purl.org/ccf/1.5/1fe61622-ba53-47c9-967e-e764c21b8189,https://api.cellxgene.cziscience.com/dp/v1/collections/b52eb423-5d0d-4645-b217-e1c6d38b2e72#D4$heart%20right%20ventricle,celltypist,http://purl.org/ccf/1.5/f6512db4-2809-4ffe-864d-ace61789dff6,0.7481458267842264,0.0
250,Female,http://purl.org/ccf/1.5/2156f837-2ab2-4305-8e7f-8084249e91cd,https://api.cellxgene.cziscience.com/dp/v1/collections/b52eb423-5d0d-4645-b217-e1c6d38b2e72#H7$heart%20left%20ventricle,celltypist,http://purl.org/ccf/1.5/1fe61622-ba53-47c9-967e-e764c21b8189,0.9304773649690118,0.0
251,Female,http://purl.org/ccf/1.5/64c5c92d-dc07-40c4-a702-cbef17753fa6,https://entity.api.hubmapconsortium.org/entities/524dc341a03c155b6f4140e9d72f9b1d,azimuth,http://purl.org/ccf/1.5/007eb4d9-1694-4380-99e1-4aba832d9227,0.7214162579468365,0.8177953342750107
252,Female,http://purl.org/ccf/1.5/9abfed4e-2fde-4d80-a8aa-7439a106d895,https://api.cellxgene.cziscience.com/dp/v1/collections/b52eb423-5d0d-4645-b217-e1c6d38b2e72#D1$apex%20of%20heart,azimuth,http://purl.org/ccf/1.5/05c11830-1526-4472-bd12-ea24dbcfd3cc,0.9179830723524685,0.5327927197064621
253,Female,http://purl.org/ccf/1.5/2816c343-c908-45bf-8964-974b1c54a5b9,https://entity.api.hubmapconsortium.org/entities/2d0deacd8be70eefbdc33ac107d97e58,azimuth,http://purl.org/ccf/1.5/05c11830-1526-4472-bd12-ea24dbcfd3cc,0.9279784121690056,0.5327927197064621
254,Female,http://purl.org/ccf/1.5/502166ab-e841-4b65-9045-7c386166a9e8,https://api.cellxgene.cziscience.com/dp/v1/collections/b52eb423-5d0d-4645-b217-e1c6d38b2e72#D4$left%20cardiac%20atrium,azimuth,http://purl.org/ccf/1.5/f6512db4-2809-4ffe-864d-ace61789dff6,0.7507988619093011,0.0
255,Female,http://purl.org/ccf/1.5/502166ab-e841-4b65-9045-7c386166a9e8,https://api.cellxgene.cziscience.com/dp/v1/collections/b52eb423-5d0d-4645-b217-e1c6d38b2e72#H6$left%20cardiac%20atrium,azimuth,http://purl.org/ccf/1.5/ca476545-5b98-476c-b2fd-1b8e1708faed,0.8797135417180797,0.0
256,Female,http://purl.org/ccf/1.5/6acd66b8-2659-4626-bef9-a80f135489ad,https://api.cellxgene.cziscience.com/dp/v1/collections/625f6bf4-2f33-4942-962e-35243d284837#D139$lung,celltypist,http://purl.org/ccf/1.5/ab2e49b2-1959-44af-8e83-ac16878f6c12,0.6128917257035703,0.0
257,Female,http://purl.org/ccf/1.5/ca476545-5b98-476c-b2fd-1b8e1708faed,https://api.cellxgene.cziscience.com/dp/v1/collections/b52eb423-5d0d-4645-b217-e1c6d38b2e72#H6$right%20cardiac%20atrium,popv,http://purl.org/ccf/1.5/04baf323-eda0-4f72-bea1-aa943aa70894,0.9498376491855752,0.0
258,Female,http://purl.org/ccf/1.5/f9e28182-3ed3-4a3f-bd45-66ebce1efafb,https://entity.api.hubmapconsortium.org/entities/7edbff53248f2a2c8e74f5f955681734,popv,http://purl.org/ccf/1.5/db4f3eca-e9f8-4f9c-88a1-795a20dd0f84,0.9922616706871092,0.0
259,Female,http://purl.org/ccf/1.5/7f4ad752-8a2d-4088-b91e-4e0d1a724d98,https://entity.api.hubmapconsortium.org/entities/4fd71a24a7a81141700b26e9a9890172,celltypist,http://purl.org/ccf/1.5/9d795171-ba1f-4ae2-9b98-9a285280ebf6,0.9802900146040971,0.0
260,Female,http://purl.org/ccf/1.5/9e77a7b5-e7e8-48e1-a30e-01eeaa300ed8,https://entity.api.hubmapconsortium.org/entities/ce30489adeb0c18b028055b8b60707ca,sc_proteomics,http://purl.org/ccf/1.5/eb92e0e2-838b-4689-b13c-07c3ce31eaf0,0.9353836877523624,1.0
261,Female,http://purl.org/ccf/1.5/ca476545-5b98-476c-b2fd-1b8e1708faed,https://api.cellxgene.cziscience.com/dp/v1/collections/b52eb423-5d0d-4645-b217-e1c6d38b2e72#H6$right%20cardiac%20atrium,azimuth,http://purl.org/ccf/1.5/f6512db4-2809-4ffe-864d-ace61789dff6,0.847848278121998,1.0
262,Female,http://purl.org/ccf/1.5/e13cd910-c2df-4b83-ad68-2e7409089fa4,https://entity.api.hubmapconsortium.org/entities/3d0bf870aaa607cd0bd0146a461ea0ac,popv,http://purl.org/ccf/1.5/1fe61622-ba53-47c9-967e-e764c21b8189,0.8383557680292303,0.0
263,Female,http://purl.org/ccf/1.5/f6512db4-2809-4ffe-864d-ace61789dff6,https://doi.org/10.1126/science.abl4290#GTEX-1ICG6-5003-SM-GHS9A,celltypist,http://purl.org/ccf/1.5/1fe61622-ba53-47c9-967e-e764c21b8189,0.8671550785313085,0.0
264,Female,http://purl.org/ccf/1.5/6acd66b8-2659-4626-bef9-a80f135489ad,https://api.cellxgene.cziscience.com/dp/v1/collections/625f6bf4-2f33-4942-962e-35243d284837#D231$lung,azimuth,http://purl.org/ccf/1.5/ab2e49b2-1959-44af-8e83-ac16878f6c12,0.9153574786776788,0.0
265,Female,http://purl.org/ccf/1.5/8f99a469-7d51-46dc-919d-2e002eeae868,https://entity.api.hubmapconsortium.org/entities/6cd657565c709c832300336899a1e1ec,azimuth,http://purl.org/ccf/1.5/70ad7ae6-c9af-4975-98e2-98c249e36ddd,0.8856133195301182,0.9864422873504152
266,Female,http://purl.org/ccf/1.5/502166ab-e841-4b65-9045-7c386166a9e8,https://api.cellxgene.cziscience.com/dp/v1/collections/b52eb423-5d0d-4645-b217-e1c6d38b2e72#H6$left%20cardiac%20atrium,celltypist,http://purl.org/ccf/1.5/ca476545-5b98-476c-b2fd-1b8e1708faed,0.8683224267924892,0.0
267,Female,http://purl.org/ccf/1.5/1ac64de5-0f15-4d54-add8-e8817a3aa538,https://entity.api.hubmapconsortium.org/entities/edfca1e982b712389bcc67d40d148a53,popv,http://purl.org/ccf/1.5/7af72c8f-7fa1-4083-be74-613f92ef020a,0.2570730912805722,1.0
268,Female,http://purl.org/ccf/1.5/2156f837-2ab2-4305-8e7f-8084249e91cd,https://api.cellxgene.cziscience.com/dp/v1/collections/b52eb423-5d0d-4645-b217-e1c6d38b2e72#D1$heart%20left%20ventricle,celltypist,http://purl.org/ccf/1.5/1fe61622-ba53-47c9-967e-e764c21b8189,0.8547583704541422,0.0
269,Female,http://purl.org/ccf/1.5/6acd66b8-2659-4626-bef9-a80f135489ad,https://api.cellxgene.cziscience.com/dp/v1/collections/625f6bf4-2f33-4942-962e-35243d284837#D231$lung,popv,http://purl.org/ccf/1.5/ab2e49b2-1959-44af-8e83-ac16878f6c12,0.8811465030493278,0.0
270,Female,http://purl.org/ccf/1.5/70ad7ae6-c9af-4975-98e2-98c249e36ddd,https://entity.api.hubmapconsortium.org/entities/4b5dc6d04aa30a6eb0b224a7ab7d03b3,azimuth,http://purl.org/ccf/1.5/4ae53bc8-b6da-4ba9-9030-a93ae44389b9,0.7622924499541267,0.12498809790537609
271,Female,http://purl.org/ccf/1.5/f66f91f9-c6c5-414d-b784-2faec33e0505,https://entity.api.hubmapconsortium.org/entities/2639e9e8488edddde275491cdbaae662,azimuth,http://purl.org/ccf/1.5/72ea5aad-4be7-4478-afc0-7736bc0d90e3,0.7632377037960159,0.442682047421472
272,Female,http://purl.org/ccf/1.5/2156f837-2ab2-4305-8e7f-8084249e91cd,https://api.cellxgene.cziscience.com/dp/v1/collections/b52eb423-5d0d-4645-b217-e1c6d38b2e72#D1$heart%20left%20ventricle,popv,http://purl.org/ccf/1.5/1fe61622-ba53-47c9-967e-e764c21b8189,0.9122130448342382,0.0
273,Female,http://purl.org/ccf/1.5/ca285e1d-d2b4-4089-9059-11c95d788154,https://entity.api.hubmapconsortium.org/entities/6f1b0a72a5e10af1474cec9a8804b8f5,popv,http://purl.org/ccf/1.5/6acd66b8-2659-4626-bef9-a80f135489ad,0.2122345883068253,0.0
274,Female,http://purl.org/ccf/1.5/ca476545-5b98-476c-b2fd-1b8e1708faed,https://api.cellxgene.cziscience.com/dp/v1/collections/b52eb423-5d0d-4645-b217-e1c6d38b2e72#D11$right%20cardiac%20atrium,popv,http://purl.org/ccf/1.5/502166ab-e841-4b65-9045-7c386166a9e8,0.8795496978600836,0.0
275,Female,http://purl.org/ccf/1.5/74c8746d-be53-493d-9a2a-1edbe24f0d16,https://entity.api.hubmapconsortium.org/entities/8c1ad4c380ae5477d0b7875fa47e867e,popv,http://purl.org/ccf/1.5/d1085194-4902-4252-95fd-faf03afd9288,0.99813719305722,0.0
276,Female,http://purl.org/ccf/1.5/fd380a0c-2915-4d73-b3f4-d161badbaccb,https://entity.api.hubmapconsortium.org/entities/aa93e53df10842c13348a334c8fe423f,azimuth,http://purl.org/ccf/1.5/72ea5aad-4be7-4478-afc0-7736bc0d90e3,0.9143615862934468,0.3853919178625828
277,Female,http://purl.org/ccf/1.5/cd304e60-3de4-4dd9-b289-ce1a0efae4d7,https://entity.api.hubmapconsortium.org/entities/cf25bdcd6bae8045f6b88bb3c9a32207,sc_proteomics,http://purl.org/ccf/1.5/db4f3eca-e9f8-4f9c-88a1-795a20dd0f84,0.8976484762650434,0.0
278,Female,http://purl.org/ccf/1.5/8f99a469-7d51-46dc-919d-2e002eeae868,https://entity.api.hubmapconsortium.org/entities/1dc16eb0270ff73291dd45b6a96aa3c0,azimuth,http://purl.org/ccf/1.5/1d965182-bf13-4738-af05-72b817121959,0.6983356995218014,0.9992202476027295
279,Female,http://purl.org/ccf/1.5/b195f78a-28c0-48d3-8b23-a92d38131d55,https://entity.api.hubmapconsortium.org/entities/2ae126ab16c264352b2d3d2607236b97,popv,http://purl.org/ccf/1.5/9d795171-ba1f-4ae2-9b98-9a285280ebf6,0.9979699069186874,0.0
280,Female,http://purl.org/ccf/1.5/1fe61622-ba53-47c9-967e-e764c21b8189,https://api.cellxgene.cziscience.com/dp/v1/collections/b52eb423-5d0d-4645-b217-e1c6d38b2e72#D5$heart%20right%20ventricle,popv,http://purl.org/ccf/1.5/05c11830-1526-4472-bd12-ea24dbcfd3cc,0.8743573031935978,0.13264086536625314
281,Female,http://purl.org/ccf/1.5/2156f837-2ab2-4305-8e7f-8084249e91cd,https://api.cellxgene.cziscience.com/dp/v1/collections/b52eb423-5d0d-4645-b217-e1c6d38b2e72#D4$heart%20left%20ventricle,popv,http://purl.org/ccf/1.5/1fe61622-ba53-47c9-967e-e764c21b8189,0.9521542555509874,0.0
282,Female,http://purl.org/ccf/1.5/502166ab-e841-4b65-9045-7c386166a9e8,https://api.cellxgene.cziscience.com/dp/v1/collections/b52eb423-5d0d-4645-b217-e1c6d38b2e72#D11$left%20cardiac%20atrium,celltypist,http://purl.org/ccf/1.5/8eea8795-2c2f-4811-bf19-ceff62be1128,0.5007048999906928,0.0
283,Female,http://purl.org/ccf/1.5/ca476545-5b98-476c-b2fd-1b8e1708faed,https://api.cellxgene.cziscience.com/dp/v1/collections/b52eb423-5d0d-4645-b217-e1c6d38b2e72#D4$right%20cardiac%20atrium,celltypist,http://purl.org/ccf/1.5/f6512db4-2809-4ffe-864d-ace61789dff6,0.9609440055036892,1.0
284,Female,http://purl.org/ccf/1.5/db4f3eca-e9f8-4f9c-88a1-795a20dd0f84,https://entity.api.hubmapconsortium.org/entities/efaecdc1565274900386733cf1661ca6,sc_proteomics,http://purl.org/ccf/1.5/93286ce3-669a-4f3f-a85a-7eaaedc15c59,0.9422132602221016,0.0
285,Female,http://purl.org/ccf/1.5/f66f91f9-c6c5-414d-b784-2faec33e0505,https://entity.api.hubmapconsortium.org/entities/704d16116f29994ab0e714f4afdb5516,azimuth,http://purl.org/ccf/1.5/72ea5aad-4be7-4478-afc0-7736bc0d90e3,0.8029293526339359,0.442682047421472
286,Female,http://purl.org/ccf/1.5/fd380a0c-2915-4d73-b3f4-d161badbaccb,https://entity.api.hubmapconsortium.org/entities/fbfdd102ecd60d7cf9d3da8c3d83a5c4,azimuth,http://purl.org/ccf/1.5/70ad7ae6-c9af-4975-98e2-98c249e36ddd,0.7551782095804933,0.8601900315825118
287,Female,http://purl.org/ccf/1.5/43e195fb-0f50-4b67-bff1-b74f68290fc6,https://entity.api.hubmapconsortium.org/entities/f2647d9533956fdb12da6b1fc6254441,popv,http://purl.org/ccf/1.5/6acd66b8-2659-4626-bef9-a80f135489ad,0.582669112699989,0.0
288,Female,http://purl.org/ccf/1.5/8b652088-8c73-466d-b59c-3fbb8c01e399,https://entity.api.hubmapconsortium.org/entities/153b0fe8575ff1a17768319ba6dbaa5c,sc_proteomics,http://purl.org/ccf/1.5/93286ce3-669a-4f3f-a85a-7eaaedc15c59,0.8463385986734113,1.0
289,Female,http://purl.org/ccf/1.5/bd004aeb-6e60-4d5b-8d40-cfdd55b8b6fe,https://entity.api.hubmapconsortium.org/entities/7c9e07c96d144536525b1f889acee14d,azimuth,http://purl.org/ccf/1.5/e88dfa31-cb6b-4eaa-b16c-e5c97de2701e,0.6857099097646701,0.8251476713268044
290,Female,http://purl.org/ccf/1.5/db4f3eca-e9f8-4f9c-88a1-795a20dd0f84,https://entity.api.hubmapconsortium.org/entities/abcc3410656bc854cf5e0abdee3de738,popv,http://purl.org/ccf/1.5/43e195fb-0f50-4b67-bff1-b74f68290fc6,0.991115878211688,1.0
291,Female,http://purl.org/ccf/1.5/e13cd910-c2df-4b83-ad68-2e7409089fa4,https://entity.api.hubmapconsortium.org/entities/33b9c54d7c295897826e1e5271d4fc24,azimuth,http://purl.org/ccf/1.5/05c11830-1526-4472-bd12-ea24dbcfd3cc,0.8688993538635968,0.5327927197064621
292,Female,http://purl.org/ccf/1.5/461a8adc-10d3-4518-8dd2-d2daccaa128b,https://api.cellxgene.cziscience.com/dp/v1/collections/bcb61471-2a44-4d00-a0af-ff085512674c#29-10008$cortex%20of%20kidney,azimuth,http://purl.org/ccf/1.5/e4853294-071d-4bef-bff3-2fd52a5c6af0,0.7182767440993905,0.0
293,Female,http://purl.org/ccf/1.5/4ecffbfc-dc50-4140-95e8-4f97d5804f4f,https://entity.api.hubmapconsortium.org/entities/f6eb890063d13698feb11d39fa61e45a,celltypist,http://purl.org/ccf/1.5/9d795171-ba1f-4ae2-9b98-9a285280ebf6,0.971029886429532,0.9999999999999999
294,Female,http://purl.org/ccf/1.5/8d126897-60f6-433e-a56b-cbe730475742,https://entity.api.hubmapconsortium.org/entities/7646a8a89555a123a56446b66c183d58,azimuth,http://purl.org/ccf/1.5/007eb4d9-1694-4380-99e1-4aba832d9227,0.8942228855324722,0.7988150142302881
295,Female,http://purl.org/ccf/1.5/ca476545-5b98-476c-b2fd-1b8e1708faed,https://api.cellxgene.cziscience.com/dp/v1/collections/b52eb423-5d0d-4645-b217-e1c6d38b2e72#H5$right%20cardiac%20atrium,popv,http://purl.org/ccf/1.5/9abfed4e-2fde-4d80-a8aa-7439a106d895,0.9803542016469564,0.0
296,Female,http://purl.org/ccf/1.5/d8c8faa2-7e2a-4b74-9531-cd08be659c10,https://entity.api.hubmapconsortium.org/entities/4c4a3047474bf43ea46ca99157c460e1,popv,http://purl.org/ccf/1.5/7f4ad752-8a2d-4088-b91e-4e0d1a724d98,0.9284550999390978,1.0000000000000002
297,Female,http://purl.org/ccf/1.5/502166ab-e841-4b65-9045-7c386166a9e8,https://api.cellxgene.cziscience.com/dp/v1/collections/b52eb423-5d0d-4645-b217-e1c6d38b2e72#D4$left%20cardiac%20atrium,popv,http://purl.org/ccf/1.5/1fe61622-ba53-47c9-967e-e764c21b8189,0.9538016521630468,0.0
298,Female,http://purl.org/ccf/1.5/16e98d8c-8983-48c2-bb41-7b1cfbbf2e4a,https://entity.api.hubmapconsortium.org/entities/22684b9011fc5aea5cb3f89670a461e8,azimuth,http://purl.org/ccf/1.5/05c11830-1526-4472-bd12-ea24dbcfd3cc,0.9296612230860866,0.5327927197064621
299,Female,http://purl.org/ccf/1.5/72ea5aad-4be7-4478-afc0-7736bc0d90e3,https://entity.api.hubmapconsortium.org/entities/dd7ccbc306692fc5ff5e61c22845da21,azimuth,http://purl.org/ccf/1.5/d77fd4d3-c410-42ea-ad28-7383b3338323,0.7351419196917137,0.0
300,Female,http://purl.org/ccf/1.5/e240c0a4-5e53-4464-8320-ad775f2c4bf7,https://entity.api.hubmapconsortium.org/entities/3de525fe3e5718f297e8d62e037a042d,popv,http://purl.org/ccf/1.5/5fa952b1-a5a7-4089-bdc2-7208f71f45be,0.9990743667275428,0.0
301,Female,http://purl.org/ccf/1.5/007eb4d9-1694-4380-99e1-4aba832d9227,https://entity.api.hubmapconsortium.org/entities/eb961e5dc50239d35f5398903c64e2b9,azimuth,http://purl.org/ccf/1.5/fd380a0c-2915-4d73-b3f4-d161badbaccb,0.8677082684642986,0.3929726639186333
302,Female,http://purl.org/ccf/1.5/e13cd910-c2df-4b83-ad68-2e7409089fa4,https://entity.api.hubmapconsortium.org/entities/3d0bf870aaa607cd0bd0146a461ea0ac,celltypist,http://purl.org/ccf/1.5/1fe61622-ba53-47c9-967e-e764c21b8189,0.7546735039600035,0.0
303,Female,http://purl.org/ccf/1.5/fa9ecb7f-16d5-4733-bc89-46496a9e886e,https://entity.api.hubmapconsortium.org/entities/f71249f6e349fb9a99a3d4f08541cab4,popv,http://purl.org/ccf/1.5/8959318d-4815-4b51-96f2-5a1096de49f3,0.8136948371924411,0.9965457582448796
304,Female,http://purl.org/ccf/1.5/05c11830-1526-4472-bd12-ea24dbcfd3cc,https://api.cellxgene.cziscience.com/dp/v1/collections/b52eb423-5d0d-4645-b217-e1c6d38b2e72#D5$interventricular%20septum,celltypist,http://purl.org/ccf/1.5/f6512db4-2809-4ffe-864d-ace61789dff6,0.8206352359112743,0.0
305,Female,http://purl.org/ccf/1.5/461a8adc-10d3-4518-8dd2-d2daccaa128b,https://api.cellxgene.cziscience.com/dp/v1/collections/bcb61471-2a44-4d00-a0af-ff085512674c#34-10050$kidney,azimuth,http://purl.org/ccf/1.5/fd380a0c-2915-4d73-b3f4-d161badbaccb,0.5389468003505984,0.0
306,Female,http://purl.org/ccf/1.5/9d795171-ba1f-4ae2-9b98-9a285280ebf6,https://entity.api.hubmapconsortium.org/entities/0910bfd40695181a73e5059909e46cda,popv,http://purl.org/ccf/1.5/74c8746d-be53-493d-9a2a-1edbe24f0d16,0.9929261220648558,0.9999999999999999
307,Female,http://purl.org/ccf/1.5/1fe61622-ba53-47c9-967e-e764c21b8189,https://api.cellxgene.cziscience.com/dp/v1/collections/b52eb423-5d0d-4645-b217-e1c6d38b2e72#H7$heart%20right%20ventricle,popv,http://purl.org/ccf/1.5/05c11830-1526-4472-bd12-ea24dbcfd3cc,0.9015031039887365,0.13264086536625314
308,Female,http://purl.org/ccf/1.5/1fe61622-ba53-47c9-967e-e764c21b8189,https://api.cellxgene.cziscience.com/dp/v1/collections/b52eb423-5d0d-4645-b217-e1c6d38b2e72#D1$heart%20right%20ventricle,celltypist,http://purl.org/ccf/1.5/f6512db4-2809-4ffe-864d-ace61789dff6,0.559754896955727,0.0
309,Female,http://purl.org/ccf/1.5/1fe61622-ba53-47c9-967e-e764c21b8189,https://api.cellxgene.cziscience.com/dp/v1/collections/b52eb423-5d0d-4645-b217-e1c6d38b2e72#D11$heart%20right%20ventricle,celltypist,http://purl.org/ccf/1.5/05c11830-1526-4472-bd12-ea24dbcfd3cc,0.663249513642473,0.13264086536625314
310,Female,http://purl.org/ccf/1.5/74c8746d-be53-493d-9a2a-1edbe24f0d16,https://entity.api.hubmapconsortium.org/entities/8704f735f701691de8ba8f88ebf01a77,sc_proteomics,http://purl.org/ccf/1.5/aab5a316-7fbc-4a57-8b3a-3fc1958c5292,0.7653488532469651,0.0
311,Female,http://purl.org/ccf/1.5/2156f837-2ab2-4305-8e7f-8084249e91cd,https://api.cellxgene.cziscience.com/dp/v1/collections/b52eb423-5d0d-4645-b217-e1c6d38b2e72#D11$heart%20left%20ventricle,celltypist,http://purl.org/ccf/1.5/502166ab-e841-4b65-9045-7c386166a9e8,0.4770905675025889,0.0
312,Female,http://purl.org/ccf/1.5/9abfed4e-2fde-4d80-a8aa-7439a106d895,https://api.cellxgene.cziscience.com/dp/v1/collections/b52eb423-5d0d-4645-b217-e1c6d38b2e72#H7$apex%20of%20heart,celltypist,http://purl.org/ccf/1.5/05c11830-1526-4472-bd12-ea24dbcfd3cc,0.9315571530143306,0.5327927197064621
313,Female,http://purl.org/ccf/1.5/aab5a316-7fbc-4a57-8b3a-3fc1958c5292,https://entity.api.hubmapconsortium.org/entities/3480cd404d4bacd7bb8d21be8de12c6c,sc_proteomics,http://purl.org/ccf/1.5/f9e28182-3ed3-4a3f-bd45-66ebce1efafb,0.8866172418424866,1.0
314,Female,http://purl.org/ccf/1.5/05c11830-1526-4472-bd12-ea24dbcfd3cc,https://api.cellxgene.cziscience.com/dp/v1/collections/b52eb423-5d0d-4645-b217-e1c6d38b2e72#H6$interventricular%20septum,celltypist,http://purl.org/ccf/1.5/1fe61622-ba53-47c9-967e-e764c21b8189,0.8586132962983493,0.13264086536625314
315,Female,http://purl.org/ccf/1.5/43e195fb-0f50-4b67-bff1-b74f68290fc6,https://entity.api.hubmapconsortium.org/entities/2eca1430db3b9a4129bff717925fe932,celltypist,http://purl.org/ccf/1.5/cd304e60-3de4-4dd9-b289-ce1a0efae4d7,0.7148214832253615,0.0
316,Female,http://purl.org/ccf/1.5/502166ab-e841-4b65-9045-7c386166a9e8,https://api.cellxgene.cziscience.com/dp/v1/collections/b52eb423-5d0d-4645-b217-e1c6d38b2e72#H7$left%20cardiac%20atrium,celltypist,http://purl.org/ccf/1.5/f6512db4-2809-4ffe-864d-ace61789dff6,0.6643806576003449,0.0
317,Female,http://purl.org/ccf/1.5/6acd66b8-2659-4626-bef9-a80f135489ad,https://api.cellxgene.cziscience.com/dp/v1/collections/625f6bf4-2f33-4942-962e-35243d284837#D139$lung,popv,http://purl.org/ccf/1.5/ab2e49b2-1959-44af-8e83-ac16878f6c12,0.6861295077937413,0.0
318,Female,http://purl.org/ccf/1.5/ca476545-5b98-476c-b2fd-1b8e1708faed,https://api.cellxgene.cziscience.com/dp/v1/collections/b52eb423-5d0d-4645-b217-e1c6d38b2e72#H5$right%20cardiac%20atrium,celltypist,http://purl.org/ccf/1.5/502166ab-e841-4b65-9045-7c386166a9e8,0.8647067091155486,0.0
319,Female,http://purl.org/ccf/1.5/d8c8faa2-7e2a-4b74-9531-cd08be659c10,https://entity.api.hubmapconsortium.org/entities/4c4a3047474bf43ea46ca99157c460e1,celltypist,http://purl.org/ccf/1.5/4af4b1bd-c71d-4ade-a9f6-47b2ccc9f5bb,0.6935710160479234,1.0000000000000002
320,Female,http://purl.org/ccf/1.5/f6512db4-2809-4ffe-864d-ace61789dff6,https://doi.org/10.1126/science.abl4290#GTEX-13N11-5002-SM-H5JDV,azimuth,http://purl.org/ccf/1.5/e13cd910-c2df-4b83-ad68-2e7409089fa4,0.8864826813962027,0.0
321,Female,http://purl.org/ccf/1.5/1fe61622-ba53-47c9-967e-e764c21b8189,https://api.cellxgene.cziscience.com/dp/v1/collections/b52eb423-5d0d-4645-b217-e1c6d38b2e72#H6$heart%20right%20ventricle,azimuth,http://purl.org/ccf/1.5/05c11830-1526-4472-bd12-ea24dbcfd3cc,0.9282282432914132,0.13264086536625314
322,Female,http://purl.org/ccf/1.5/ca476545-5b98-476c-b2fd-1b8e1708faed,https://api.cellxgene.cziscience.com/dp/v1/collections/b52eb423-5d0d-4645-b217-e1c6d38b2e72#D5$right%20cardiac%20atrium,popv,http://purl.org/ccf/1.5/f6512db4-2809-4ffe-864d-ace61789dff6,0.9692073060908694,1.0
323,Female,http://purl.org/ccf/1.5/9abfed4e-2fde-4d80-a8aa-7439a106d895,https://api.cellxgene.cziscience.com/dp/v1/collections/b52eb423-5d0d-4645-b217-e1c6d38b2e72#H5$apex%20of%20heart,celltypist,http://purl.org/ccf/1.5/1fe61622-ba53-47c9-967e-e764c21b8189,0.9064457643322912,0.0
324,Female,http://purl.org/ccf/1.5/b195f78a-28c0-48d3-8b23-a92d38131d55,https://entity.api.hubmapconsortium.org/entities/40b8449d2e4edbf2168dfadaefd0ffe4,sc_proteomics,http://purl.org/ccf/1.5/d194f593-af76-4ee7-84a6-00f7531d47cf,0.940654580681574,1.0
325,Female,http://purl.org/ccf/1.5/ca476545-5b98-476c-b2fd-1b8e1708faed,https://api.cellxgene.cziscience.com/dp/v1/collections/b52eb423-5d0d-4645-b217-e1c6d38b2e72#D4$right%20cardiac%20atrium,azimuth,http://purl.org/ccf/1.5/f6512db4-2809-4ffe-864d-ace61789dff6,0.9560721028773806,1.0
326,Female,http://purl.org/ccf/1.5/8f99a469-7d51-46dc-919d-2e002eeae868,https://entity.api.hubmapconsortium.org/entities/7ed80889944d7b0276e84f179090d622,azimuth,http://purl.org/ccf/1.5/f66f91f9-c6c5-414d-b784-2faec33e0505,0.8557094483324394,1.0
327,Female,http://purl.org/ccf/1.5/05c11830-1526-4472-bd12-ea24dbcfd3cc,https://api.cellxgene.cziscience.com/dp/v1/collections/b52eb423-5d0d-4645-b217-e1c6d38b2e72#D11$interventricular%20septum,azimuth,http://purl.org/ccf/1.5/502166ab-e841-4b65-9045-7c386166a9e8,0.6589616500527079,0.0
328,Female,http://purl.org/ccf/1.5/1fe61622-ba53-47c9-967e-e764c21b8189,https://api.cellxgene.cziscience.com/dp/v1/collections/b52eb423-5d0d-4645-b217-e1c6d38b2e72#D4$heart%20right%20ventricle,azimuth,http://purl.org/ccf/1.5/2156f837-2ab2-4305-8e7f-8084249e91cd,0.9677192779161552,0.0
329,Female,http://purl.org/ccf/1.5/52c4948d-bdc2-4201-a991-61a2c0a565c0,https://entity.api.hubmapconsortium.org/entities/e65175561b4b17da5352e3837aa0e497,azimuth,http://purl.org/ccf/1.5/d77fd4d3-c410-42ea-ad28-7383b3338323,0.7884922013630181,0.0
330,Female,http://purl.org/ccf/1.5/8959318d-4815-4b51-96f2-5a1096de49f3,https://entity.api.hubmapconsortium.org/entities/00d1a3623dac388773bc7780fcb42797,sc_proteomics,http://purl.org/ccf/1.5/fa9ecb7f-16d5-4733-bc89-46496a9e886e,0.9903892967077268,0.9965457582448796
331,Female,http://purl.org/ccf/1.5/9abfed4e-2fde-4d80-a8aa-7439a106d895,https://api.cellxgene.cziscience.com/dp/v1/collections/b52eb423-5d0d-4645-b217-e1c6d38b2e72#D1$apex%20of%20heart,celltypist,http://purl.org/ccf/1.5/1fe61622-ba53-47c9-967e-e764c21b8189,0.9300423439165116,0.0
